video_path,emotion_path,pose_path,label,split,class,video_id
dataset/data/processed/train/violent/-1l5631l3fg_0/frame_sequence.pt,dataset/data/emotion/balanced-affectnet/train/non_violent/neutral_01589.npy,dataset/data/pose/rwf2000/train/violent/-1l5631l3fg_0.npy,1,train,violent,-1l5631l3fg_0
dataset/data/processed/train/violent/-1l5631l3fg_1/frame_sequence.pt,dataset/data/emotion/balanced-affectnet/train/non_violent/happy_00913.npy,dataset/data/pose/rwf2000/train/violent/-1l5631l3fg_1.npy,1,train,violent,-1l5631l3fg_1
dataset/data/processed/train/violent/-1l5631l3fg_2/frame_sequence.pt,dataset/data/emotion/balanced-affectnet/train/non_violent/happy_00205.npy,dataset/data/pose/rwf2000/train/violent/-1l5631l3fg_2.npy,1,train,violent,-1l5631l3fg_2
dataset/data/processed/train/violent/0H2s9UJcNJ0_0/frame_sequence.pt,dataset/data/emotion/balanced-affectnet/train/non_violent/neutral_02428.npy,dataset/data/pose/rwf2000/train/violent/0H2s9UJcNJ0_0.npy,1,train,violent,0H2s9UJcNJ0_0
dataset/data/processed/train/violent/0H2s9UJcNJ0_2/frame_sequence.pt,dataset/data/emotion/balanced-affectnet/train/non_violent/happy_02256.npy,dataset/data/pose/rwf2000/train/violent/0H2s9UJcNJ0_2.npy,1,train,violent,0H2s9UJcNJ0_2
dataset/data/processed/train/violent/0H2s9UJcNJ0_3/frame_sequence.pt,dataset/data/emotion/balanced-affectnet/train/non_violent/happy_02009.npy,dataset/data/pose/rwf2000/train/violent/0H2s9UJcNJ0_3.npy,1,train,violent,0H2s9UJcNJ0_3
dataset/data/processed/train/violent/0H2s9UJcNJ0_4/frame_sequence.pt,dataset/data/emotion/balanced-affectnet/train/non_violent/happy_01831.npy,dataset/data/pose/rwf2000/train/violent/0H2s9UJcNJ0_4.npy,1,train,violent,0H2s9UJcNJ0_4
dataset/data/processed/train/violent/0H2s9UJcNJ0_5/frame_sequence.pt,dataset/data/emotion/balanced-affectnet/train/non_violent/happy_01146.npy,dataset/data/pose/rwf2000/train/violent/0H2s9UJcNJ0_5.npy,1,train,violent,0H2s9UJcNJ0_5
dataset/data/processed/train/violent/0NWz-01A2yk_0/frame_sequence.pt,dataset/data/emotion/balanced-affectnet/train/non_violent/neutral_02391.npy,dataset/data/pose/rwf2000/train/violent/0NWz-01A2yk_0.npy,1,train,violent,0NWz-01A2yk_0
dataset/data/processed/train/violent/0NWz-01A2yk_1/frame_sequence.pt,dataset/data/emotion/balanced-affectnet/train/non_violent/happy_00841.npy,dataset/data/pose/rwf2000/train/violent/0NWz-01A2yk_1.npy,1,train,violent,0NWz-01A2yk_1
dataset/data/processed/train/violent/0TFi8D8IBg4_1/frame_sequence.pt,dataset/data/emotion/balanced-affectnet/train/non_violent/neutral_01902.npy,dataset/data/pose/rwf2000/train/violent/0TFi8D8IBg4_1.npy,1,train,violent,0TFi8D8IBg4_1
dataset/data/processed/train/violent/0_DzLlklZa0_3/frame_sequence.pt,dataset/data/emotion/balanced-affectnet/train/non_violent/neutral_02429.npy,dataset/data/pose/rwf2000/train/violent/0_DzLlklZa0_3.npy,1,train,violent,0_DzLlklZa0_3
dataset/data/processed/train/violent/0_DzLlklZa0_4/frame_sequence.pt,dataset/data/emotion/balanced-affectnet/train/non_violent/sad_00076.npy,dataset/data/pose/rwf2000/train/violent/0_DzLlklZa0_4.npy,1,train,violent,0_DzLlklZa0_4
dataset/data/processed/train/violent/0_DzLlklZa0_5/frame_sequence.pt,dataset/data/emotion/balanced-affectnet/train/non_violent/neutral_00825.npy,dataset/data/pose/rwf2000/train/violent/0_DzLlklZa0_5.npy,1,train,violent,0_DzLlklZa0_5
dataset/data/processed/train/violent/0_DzLlklZa0_6/frame_sequence.pt,dataset/data/emotion/balanced-affectnet/train/non_violent/happy_00714.npy,dataset/data/pose/rwf2000/train/violent/0_DzLlklZa0_6.npy,1,train,violent,0_DzLlklZa0_6
dataset/data/processed/train/violent/0lHQ2f0d_0/frame_sequence.pt,dataset/data/emotion/balanced-affectnet/train/non_violent/neutral_01197.npy,dataset/data/pose/rwf2000/train/violent/0lHQ2f0d_0.npy,1,train,violent,0lHQ2f0d_0
dataset/data/processed/train/violent/0lHQ2f0d_1/frame_sequence.pt,dataset/data/emotion/balanced-affectnet/train/non_violent/happy_03465.npy,dataset/data/pose/rwf2000/train/violent/0lHQ2f0d_1.npy,1,train,violent,0lHQ2f0d_1
dataset/data/processed/train/violent/0lHQ2f0d_2/frame_sequence.pt,dataset/data/emotion/balanced-affectnet/train/non_violent/happy_00262.npy,dataset/data/pose/rwf2000/train/violent/0lHQ2f0d_2.npy,1,train,violent,0lHQ2f0d_2
dataset/data/processed/train/violent/0lHQ2f0d_3/frame_sequence.pt,dataset/data/emotion/balanced-affectnet/train/non_violent/happy_00246.npy,dataset/data/pose/rwf2000/train/violent/0lHQ2f0d_3.npy,1,train,violent,0lHQ2f0d_3
dataset/data/processed/train/violent/0vasozvJYvk_0/frame_sequence.pt,dataset/data/emotion/balanced-affectnet/train/non_violent/happy_00772.npy,dataset/data/pose/rwf2000/train/violent/0vasozvJYvk_0.npy,1,train,violent,0vasozvJYvk_0
dataset/data/processed/train/violent/1060314ф╕нхгвхдйцЩЯщЖлщЩвцАеши║ходцЪ┤хКЫф║Лф╗╢я╝ИхНЮщЗСх│░я╝Й_17/frame_sequence.pt,dataset/data/emotion/balanced-affectnet/train/non_violent/happy_01800.npy,dataset/data/pose/rwf2000/train/violent/1060314ф╕нхгвхдйцЩЯщЖлщЩвцАеши║ходцЪ┤хКЫф║Лф╗╢я╝ИхНЮщЗСх│░я╝Й_17.npy,1,train,violent,1060314ф╕нхгвхдйцЩЯщЖлщЩвцАеши║ходцЪ┤хКЫф║Лф╗╢я╝ИхНЮщЗСх│░я╝Й_17
dataset/data/processed/train/violent/1DwRGRND_0/frame_sequence.pt,dataset/data/emotion/balanced-affectnet/train/non_violent/happy_01916.npy,dataset/data/pose/rwf2000/train/violent/1DwRGRND_0.npy,1,train,violent,1DwRGRND_0
dataset/data/processed/train/violent/1DwRGRND_1/frame_sequence.pt,dataset/data/emotion/balanced-affectnet/train/non_violent/neutral_00504.npy,dataset/data/pose/rwf2000/train/violent/1DwRGRND_1.npy,1,train,violent,1DwRGRND_1
dataset/data/processed/train/violent/1O4KGHbRt3M_0/frame_sequence.pt,dataset/data/emotion/balanced-affectnet/train/non_violent/neutral_01299.npy,dataset/data/pose/rwf2000/train/violent/1O4KGHbRt3M_0.npy,1,train,violent,1O4KGHbRt3M_0
dataset/data/processed/train/violent/1O4KGHbRt3M_1/frame_sequence.pt,dataset/data/emotion/balanced-affectnet/train/non_violent/happy_00219.npy,dataset/data/pose/rwf2000/train/violent/1O4KGHbRt3M_1.npy,1,train,violent,1O4KGHbRt3M_1
dataset/data/processed/train/violent/1O4KGHbRt3M_2/frame_sequence.pt,dataset/data/emotion/balanced-affectnet/train/non_violent/neutral_00965.npy,dataset/data/pose/rwf2000/train/violent/1O4KGHbRt3M_2.npy,1,train,violent,1O4KGHbRt3M_2
dataset/data/processed/train/violent/1O4KGHbRt3M_3/frame_sequence.pt,dataset/data/emotion/balanced-affectnet/train/non_violent/happy_01638.npy,dataset/data/pose/rwf2000/train/violent/1O4KGHbRt3M_3.npy,1,train,violent,1O4KGHbRt3M_3
dataset/data/processed/train/violent/1O4KGHbRt3M_4/frame_sequence.pt,dataset/data/emotion/balanced-affectnet/train/non_violent/neutral_02239.npy,dataset/data/pose/rwf2000/train/violent/1O4KGHbRt3M_4.npy,1,train,violent,1O4KGHbRt3M_4
dataset/data/processed/train/violent/1XFiS6Lt_0/frame_sequence.pt,dataset/data/emotion/balanced-affectnet/train/non_violent/neutral_01696.npy,dataset/data/pose/rwf2000/train/violent/1XFiS6Lt_0.npy,1,train,violent,1XFiS6Lt_0
dataset/data/processed/train/violent/1XFiS6Lt_1/frame_sequence.pt,dataset/data/emotion/balanced-affectnet/train/non_violent/neutral_02120.npy,dataset/data/pose/rwf2000/train/violent/1XFiS6Lt_1.npy,1,train,violent,1XFiS6Lt_1
dataset/data/processed/train/violent/1dsLuL5Lvbc_0/frame_sequence.pt,dataset/data/emotion/balanced-affectnet/train/non_violent/neutral_00833.npy,dataset/data/pose/rwf2000/train/violent/1dsLuL5Lvbc_0.npy,1,train,violent,1dsLuL5Lvbc_0
dataset/data/processed/train/violent/1dsLuL5Lvbc_1/frame_sequence.pt,dataset/data/emotion/balanced-affectnet/train/non_violent/happy_03452.npy,dataset/data/pose/rwf2000/train/violent/1dsLuL5Lvbc_1.npy,1,train,violent,1dsLuL5Lvbc_1
dataset/data/processed/train/violent/1dsLuL5Lvbc_2/frame_sequence.pt,dataset/data/emotion/balanced-affectnet/train/non_violent/happy_01817.npy,dataset/data/pose/rwf2000/train/violent/1dsLuL5Lvbc_2.npy,1,train,violent,1dsLuL5Lvbc_2
dataset/data/processed/train/violent/1dsLuL5Lvbc_3/frame_sequence.pt,dataset/data/emotion/balanced-affectnet/train/non_violent/neutral_00048.npy,dataset/data/pose/rwf2000/train/violent/1dsLuL5Lvbc_3.npy,1,train,violent,1dsLuL5Lvbc_3
dataset/data/processed/train/violent/1r0Wz04q_0/frame_sequence.pt,dataset/data/emotion/balanced-affectnet/train/non_violent/neutral_01202.npy,dataset/data/pose/rwf2000/train/violent/1r0Wz04q_0.npy,1,train,violent,1r0Wz04q_0
dataset/data/processed/train/violent/1tU4kxa51vw_1/frame_sequence.pt,dataset/data/emotion/balanced-affectnet/train/non_violent/happy_02295.npy,dataset/data/pose/rwf2000/train/violent/1tU4kxa51vw_1.npy,1,train,violent,1tU4kxa51vw_1
dataset/data/processed/train/violent/20130506 05_58 шЧЭф║║ щ╗СцЮЭ_37/frame_sequence.pt,dataset/data/emotion/balanced-affectnet/train/non_violent/neutral_03016.npy,dataset/data/pose/rwf2000/train/violent/20130506 05_58 шЧЭф║║ щ╗СцЮЭ_37.npy,1,train,violent,20130506 05_58 шЧЭф║║ щ╗СцЮЭ_37
dataset/data/processed/train/violent/24E0xYYUz44_0/frame_sequence.pt,dataset/data/emotion/balanced-affectnet/train/non_violent/neutral_03508.npy,dataset/data/pose/rwf2000/train/violent/24E0xYYUz44_0.npy,1,train,violent,24E0xYYUz44_0
dataset/data/processed/train/violent/24E0xYYUz44_1/frame_sequence.pt,dataset/data/emotion/balanced-affectnet/train/non_violent/happy_00054.npy,dataset/data/pose/rwf2000/train/violent/24E0xYYUz44_1.npy,1,train,violent,24E0xYYUz44_1
dataset/data/processed/train/violent/24E0xYYUz44_2/frame_sequence.pt,dataset/data/emotion/balanced-affectnet/train/non_violent/neutral_02603.npy,dataset/data/pose/rwf2000/train/violent/24E0xYYUz44_2.npy,1,train,violent,24E0xYYUz44_2
dataset/data/processed/train/violent/24E0xYYUz44_3/frame_sequence.pt,dataset/data/emotion/balanced-affectnet/train/non_violent/neutral_02989.npy,dataset/data/pose/rwf2000/train/violent/24E0xYYUz44_3.npy,1,train,violent,24E0xYYUz44_3
dataset/data/processed/train/violent/24E0xYYUz44_4/frame_sequence.pt,dataset/data/emotion/balanced-affectnet/train/non_violent/happy_01318.npy,dataset/data/pose/rwf2000/train/violent/24E0xYYUz44_4.npy,1,train,violent,24E0xYYUz44_4
dataset/data/processed/train/violent/24E0xYYUz44_5/frame_sequence.pt,dataset/data/emotion/balanced-affectnet/train/non_violent/neutral_02102.npy,dataset/data/pose/rwf2000/train/violent/24E0xYYUz44_5.npy,1,train,violent,24E0xYYUz44_5
dataset/data/processed/train/violent/24E0xYYUz44_6/frame_sequence.pt,dataset/data/emotion/balanced-affectnet/train/non_violent/happy_03484.npy,dataset/data/pose/rwf2000/train/violent/24E0xYYUz44_6.npy,1,train,violent,24E0xYYUz44_6
dataset/data/processed/train/violent/24E0xYYUz44_7/frame_sequence.pt,dataset/data/emotion/balanced-affectnet/train/non_violent/happy_02807.npy,dataset/data/pose/rwf2000/train/violent/24E0xYYUz44_7.npy,1,train,violent,24E0xYYUz44_7
dataset/data/processed/train/violent/2hQMRq06NJs_0/frame_sequence.pt,dataset/data/emotion/balanced-affectnet/train/non_violent/happy_02296.npy,dataset/data/pose/rwf2000/train/violent/2hQMRq06NJs_0.npy,1,train,violent,2hQMRq06NJs_0
dataset/data/processed/train/violent/2sy_eLpH-PI_0/frame_sequence.pt,dataset/data/emotion/balanced-affectnet/train/non_violent/happy_01284.npy,dataset/data/pose/rwf2000/train/violent/2sy_eLpH-PI_0.npy,1,train,violent,2sy_eLpH-PI_0
dataset/data/processed/train/violent/2sy_eLpH-PI_1/frame_sequence.pt,dataset/data/emotion/balanced-affectnet/train/non_violent/happy_01777.npy,dataset/data/pose/rwf2000/train/violent/2sy_eLpH-PI_1.npy,1,train,violent,2sy_eLpH-PI_1
dataset/data/processed/train/violent/3CQi0ZCCHvc_0/frame_sequence.pt,dataset/data/emotion/balanced-affectnet/train/non_violent/neutral_02649.npy,dataset/data/pose/rwf2000/train/violent/3CQi0ZCCHvc_0.npy,1,train,violent,3CQi0ZCCHvc_0
dataset/data/processed/train/violent/3CQi0ZCCHvc_1/frame_sequence.pt,dataset/data/emotion/balanced-affectnet/train/non_violent/happy_02780.npy,dataset/data/pose/rwf2000/train/violent/3CQi0ZCCHvc_1.npy,1,train,violent,3CQi0ZCCHvc_1
dataset/data/processed/train/violent/3CQi0ZCCHvc_2/frame_sequence.pt,dataset/data/emotion/balanced-affectnet/train/non_violent/happy_00846.npy,dataset/data/pose/rwf2000/train/violent/3CQi0ZCCHvc_2.npy,1,train,violent,3CQi0ZCCHvc_2
dataset/data/processed/train/violent/3OKArbzg1uc_0/frame_sequence.pt,dataset/data/emotion/balanced-affectnet/train/non_violent/happy_00766.npy,dataset/data/pose/rwf2000/train/violent/3OKArbzg1uc_0.npy,1,train,violent,3OKArbzg1uc_0
dataset/data/processed/train/violent/3OKArbzg1uc_1/frame_sequence.pt,dataset/data/emotion/balanced-affectnet/train/non_violent/happy_03139.npy,dataset/data/pose/rwf2000/train/violent/3OKArbzg1uc_1.npy,1,train,violent,3OKArbzg1uc_1
dataset/data/processed/train/violent/3OKArbzg1uc_2/frame_sequence.pt,dataset/data/emotion/balanced-affectnet/train/non_violent/happy_00801.npy,dataset/data/pose/rwf2000/train/violent/3OKArbzg1uc_2.npy,1,train,violent,3OKArbzg1uc_2
dataset/data/processed/train/violent/3OKArbzg1uc_3/frame_sequence.pt,dataset/data/emotion/balanced-affectnet/train/non_violent/happy_02968.npy,dataset/data/pose/rwf2000/train/violent/3OKArbzg1uc_3.npy,1,train,violent,3OKArbzg1uc_3
dataset/data/processed/train/violent/3OKArbzg1uc_4/frame_sequence.pt,dataset/data/emotion/balanced-affectnet/train/non_violent/neutral_03346.npy,dataset/data/pose/rwf2000/train/violent/3OKArbzg1uc_4.npy,1,train,violent,3OKArbzg1uc_4
dataset/data/processed/train/violent/3SS0E4SmTk8_0/frame_sequence.pt,dataset/data/emotion/balanced-affectnet/train/non_violent/happy_02845.npy,dataset/data/pose/rwf2000/train/violent/3SS0E4SmTk8_0.npy,1,train,violent,3SS0E4SmTk8_0
dataset/data/processed/train/violent/3SS0E4SmTk8_1/frame_sequence.pt,dataset/data/emotion/balanced-affectnet/train/non_violent/neutral_01337.npy,dataset/data/pose/rwf2000/train/violent/3SS0E4SmTk8_1.npy,1,train,violent,3SS0E4SmTk8_1
dataset/data/processed/train/violent/3Vw7MoNBgx4_0/frame_sequence.pt,dataset/data/emotion/balanced-affectnet/train/non_violent/happy_02189.npy,dataset/data/pose/rwf2000/train/violent/3Vw7MoNBgx4_0.npy,1,train,violent,3Vw7MoNBgx4_0
dataset/data/processed/train/violent/3kpviz7lAMY_0/frame_sequence.pt,dataset/data/emotion/balanced-affectnet/train/non_violent/neutral_03018.npy,dataset/data/pose/rwf2000/train/violent/3kpviz7lAMY_0.npy,1,train,violent,3kpviz7lAMY_0
dataset/data/processed/train/violent/3kpviz7lAMY_1/frame_sequence.pt,dataset/data/emotion/balanced-affectnet/train/non_violent/happy_00361.npy,dataset/data/pose/rwf2000/train/violent/3kpviz7lAMY_1.npy,1,train,violent,3kpviz7lAMY_1
dataset/data/processed/train/violent/3kpviz7lAMY_2/frame_sequence.pt,dataset/data/emotion/balanced-affectnet/train/non_violent/neutral_02378.npy,dataset/data/pose/rwf2000/train/violent/3kpviz7lAMY_2.npy,1,train,violent,3kpviz7lAMY_2
dataset/data/processed/train/violent/3kpviz7lAMY_3/frame_sequence.pt,dataset/data/emotion/balanced-affectnet/train/non_violent/neutral_00150.npy,dataset/data/pose/rwf2000/train/violent/3kpviz7lAMY_3.npy,1,train,violent,3kpviz7lAMY_3
dataset/data/processed/train/violent/3kpviz7lAMY_4/frame_sequence.pt,dataset/data/emotion/balanced-affectnet/train/non_violent/neutral_00781.npy,dataset/data/pose/rwf2000/train/violent/3kpviz7lAMY_4.npy,1,train,violent,3kpviz7lAMY_4
dataset/data/processed/train/violent/4HH7yMU8y9A_0/frame_sequence.pt,dataset/data/emotion/balanced-affectnet/train/non_violent/happy_01036.npy,dataset/data/pose/rwf2000/train/violent/4HH7yMU8y9A_0.npy,1,train,violent,4HH7yMU8y9A_0
dataset/data/processed/train/violent/4HH7yMU8y9A_1/frame_sequence.pt,dataset/data/emotion/balanced-affectnet/train/non_violent/happy_03133.npy,dataset/data/pose/rwf2000/train/violent/4HH7yMU8y9A_1.npy,1,train,violent,4HH7yMU8y9A_1
dataset/data/processed/train/violent/4RqDG4I4iAk_0/frame_sequence.pt,dataset/data/emotion/balanced-affectnet/train/non_violent/happy_00652.npy,dataset/data/pose/rwf2000/train/violent/4RqDG4I4iAk_0.npy,1,train,violent,4RqDG4I4iAk_0
dataset/data/processed/train/violent/4RqDG4I4iAk_1/frame_sequence.pt,dataset/data/emotion/balanced-affectnet/train/non_violent/neutral_00917.npy,dataset/data/pose/rwf2000/train/violent/4RqDG4I4iAk_1.npy,1,train,violent,4RqDG4I4iAk_1
dataset/data/processed/train/violent/4RqDG4I4iAk_2/frame_sequence.pt,dataset/data/emotion/balanced-affectnet/train/non_violent/happy_02431.npy,dataset/data/pose/rwf2000/train/violent/4RqDG4I4iAk_2.npy,1,train,violent,4RqDG4I4iAk_2
dataset/data/processed/train/violent/4RqDG4I4iAk_3/frame_sequence.pt,dataset/data/emotion/balanced-affectnet/train/non_violent/neutral_03211.npy,dataset/data/pose/rwf2000/train/violent/4RqDG4I4iAk_3.npy,1,train,violent,4RqDG4I4iAk_3
dataset/data/processed/train/violent/4RqDG4I4iAk_4/frame_sequence.pt,dataset/data/emotion/balanced-affectnet/train/non_violent/neutral_01551.npy,dataset/data/pose/rwf2000/train/violent/4RqDG4I4iAk_4.npy,1,train,violent,4RqDG4I4iAk_4
dataset/data/processed/train/violent/4RqDG4I4iAk_5/frame_sequence.pt,dataset/data/emotion/balanced-affectnet/train/non_violent/neutral_01468.npy,dataset/data/pose/rwf2000/train/violent/4RqDG4I4iAk_5.npy,1,train,violent,4RqDG4I4iAk_5
dataset/data/processed/train/violent/4RqDG4I4iAk_6/frame_sequence.pt,dataset/data/emotion/balanced-affectnet/train/non_violent/sad_00081.npy,dataset/data/pose/rwf2000/train/violent/4RqDG4I4iAk_6.npy,1,train,violent,4RqDG4I4iAk_6
dataset/data/processed/train/violent/4RqDG4I4iAk_7/frame_sequence.pt,dataset/data/emotion/balanced-affectnet/train/non_violent/neutral_03480.npy,dataset/data/pose/rwf2000/train/violent/4RqDG4I4iAk_7.npy,1,train,violent,4RqDG4I4iAk_7
dataset/data/processed/train/violent/4RqDG4I4iAk_8/frame_sequence.pt,dataset/data/emotion/balanced-affectnet/train/non_violent/happy_02997.npy,dataset/data/pose/rwf2000/train/violent/4RqDG4I4iAk_8.npy,1,train,violent,4RqDG4I4iAk_8
dataset/data/processed/train/violent/4yTlGiDoxBo_0/frame_sequence.pt,dataset/data/emotion/balanced-affectnet/train/non_violent/neutral_01128.npy,dataset/data/pose/rwf2000/train/violent/4yTlGiDoxBo_0.npy,1,train,violent,4yTlGiDoxBo_0
dataset/data/processed/train/violent/4yTlGiDoxBo_1/frame_sequence.pt,dataset/data/emotion/balanced-affectnet/train/non_violent/happy_01594.npy,dataset/data/pose/rwf2000/train/violent/4yTlGiDoxBo_1.npy,1,train,violent,4yTlGiDoxBo_1
dataset/data/processed/train/violent/4yTlGiDoxBo_2/frame_sequence.pt,dataset/data/emotion/balanced-affectnet/train/non_violent/neutral_02183.npy,dataset/data/pose/rwf2000/train/violent/4yTlGiDoxBo_2.npy,1,train,violent,4yTlGiDoxBo_2
dataset/data/processed/train/violent/4yTlGiDoxBo_3/frame_sequence.pt,dataset/data/emotion/balanced-affectnet/train/non_violent/happy_00576.npy,dataset/data/pose/rwf2000/train/violent/4yTlGiDoxBo_3.npy,1,train,violent,4yTlGiDoxBo_3
dataset/data/processed/train/violent/4yTlGiDoxBo_4/frame_sequence.pt,dataset/data/emotion/balanced-affectnet/train/non_violent/happy_00382.npy,dataset/data/pose/rwf2000/train/violent/4yTlGiDoxBo_4.npy,1,train,violent,4yTlGiDoxBo_4
dataset/data/processed/train/violent/4yTlGiDoxBo_5/frame_sequence.pt,dataset/data/emotion/balanced-affectnet/train/non_violent/neutral_01828.npy,dataset/data/pose/rwf2000/train/violent/4yTlGiDoxBo_5.npy,1,train,violent,4yTlGiDoxBo_5
dataset/data/processed/train/violent/4yzwSsis_0/frame_sequence.pt,dataset/data/emotion/balanced-affectnet/train/non_violent/happy_01893.npy,dataset/data/pose/rwf2000/train/violent/4yzwSsis_0.npy,1,train,violent,4yzwSsis_0
dataset/data/processed/train/violent/5QqDgtwEQsI_0/frame_sequence.pt,dataset/data/emotion/balanced-affectnet/train/non_violent/neutral_02756.npy,dataset/data/pose/rwf2000/train/violent/5QqDgtwEQsI_0.npy,1,train,violent,5QqDgtwEQsI_0
dataset/data/processed/train/violent/6Dej3-k3MRE_0/frame_sequence.pt,dataset/data/emotion/balanced-affectnet/train/non_violent/happy_02404.npy,dataset/data/pose/rwf2000/train/violent/6Dej3-k3MRE_0.npy,1,train,violent,6Dej3-k3MRE_0
dataset/data/processed/train/violent/6Dej3-k3MRE_1/frame_sequence.pt,dataset/data/emotion/balanced-affectnet/train/non_violent/happy_00663.npy,dataset/data/pose/rwf2000/train/violent/6Dej3-k3MRE_1.npy,1,train,violent,6Dej3-k3MRE_1
dataset/data/processed/train/violent/6Dej3-k3MRE_2/frame_sequence.pt,dataset/data/emotion/balanced-affectnet/train/non_violent/neutral_03438.npy,dataset/data/pose/rwf2000/train/violent/6Dej3-k3MRE_2.npy,1,train,violent,6Dej3-k3MRE_2
dataset/data/processed/train/violent/6Dej3-k3MRE_3/frame_sequence.pt,dataset/data/emotion/balanced-affectnet/train/non_violent/happy_01937.npy,dataset/data/pose/rwf2000/train/violent/6Dej3-k3MRE_3.npy,1,train,violent,6Dej3-k3MRE_3
dataset/data/processed/train/violent/6Dej3-k3MRE_4/frame_sequence.pt,dataset/data/emotion/balanced-affectnet/train/non_violent/neutral_03534.npy,dataset/data/pose/rwf2000/train/violent/6Dej3-k3MRE_4.npy,1,train,violent,6Dej3-k3MRE_4
dataset/data/processed/train/violent/6Dej3-k3MRE_5/frame_sequence.pt,dataset/data/emotion/balanced-affectnet/train/non_violent/happy_00843.npy,dataset/data/pose/rwf2000/train/violent/6Dej3-k3MRE_5.npy,1,train,violent,6Dej3-k3MRE_5
dataset/data/processed/train/violent/6TDF_12/frame_sequence.pt,dataset/data/emotion/balanced-affectnet/train/non_violent/happy_03159.npy,dataset/data/pose/rwf2000/train/violent/6TDF_12.npy,1,train,violent,6TDF_12
dataset/data/processed/train/violent/6TDF_13/frame_sequence.pt,dataset/data/emotion/balanced-affectnet/train/non_violent/happy_02314.npy,dataset/data/pose/rwf2000/train/violent/6TDF_13.npy,1,train,violent,6TDF_13
dataset/data/processed/train/violent/6TDF_14/frame_sequence.pt,dataset/data/emotion/balanced-affectnet/train/non_violent/neutral_00116.npy,dataset/data/pose/rwf2000/train/violent/6TDF_14.npy,1,train,violent,6TDF_14
dataset/data/processed/train/violent/6TDF_15/frame_sequence.pt,dataset/data/emotion/balanced-affectnet/train/non_violent/neutral_01625.npy,dataset/data/pose/rwf2000/train/violent/6TDF_15.npy,1,train,violent,6TDF_15
dataset/data/processed/train/violent/6TDF_27/frame_sequence.pt,dataset/data/emotion/balanced-affectnet/train/non_violent/neutral_03270.npy,dataset/data/pose/rwf2000/train/violent/6TDF_27.npy,1,train,violent,6TDF_27
dataset/data/processed/train/violent/6mrIIcAQ2fI_0/frame_sequence.pt,dataset/data/emotion/balanced-affectnet/train/non_violent/happy_03033.npy,dataset/data/pose/rwf2000/train/violent/6mrIIcAQ2fI_0.npy,1,train,violent,6mrIIcAQ2fI_0
dataset/data/processed/train/violent/6mrIIcAQ2fI_2/frame_sequence.pt,dataset/data/emotion/balanced-affectnet/train/non_violent/happy_01355.npy,dataset/data/pose/rwf2000/train/violent/6mrIIcAQ2fI_2.npy,1,train,violent,6mrIIcAQ2fI_2
dataset/data/processed/train/violent/6mrIIcAQ2fI_3/frame_sequence.pt,dataset/data/emotion/balanced-affectnet/train/non_violent/happy_03079.npy,dataset/data/pose/rwf2000/train/violent/6mrIIcAQ2fI_3.npy,1,train,violent,6mrIIcAQ2fI_3
dataset/data/processed/train/violent/7LnoFKSl2rs_0/frame_sequence.pt,dataset/data/emotion/balanced-affectnet/train/non_violent/happy_02954.npy,dataset/data/pose/rwf2000/train/violent/7LnoFKSl2rs_0.npy,1,train,violent,7LnoFKSl2rs_0
dataset/data/processed/train/violent/7R1m3V8C30g_0/frame_sequence.pt,dataset/data/emotion/balanced-affectnet/train/non_violent/happy_01742.npy,dataset/data/pose/rwf2000/train/violent/7R1m3V8C30g_0.npy,1,train,violent,7R1m3V8C30g_0
dataset/data/processed/train/violent/7R1m3V8C30g_1/frame_sequence.pt,dataset/data/emotion/balanced-affectnet/train/non_violent/neutral_01917.npy,dataset/data/pose/rwf2000/train/violent/7R1m3V8C30g_1.npy,1,train,violent,7R1m3V8C30g_1
dataset/data/processed/train/violent/7R1m3V8C30g_2/frame_sequence.pt,dataset/data/emotion/balanced-affectnet/train/non_violent/happy_02223.npy,dataset/data/pose/rwf2000/train/violent/7R1m3V8C30g_2.npy,1,train,violent,7R1m3V8C30g_2
dataset/data/processed/train/violent/7Xe6eysGKeU_0/frame_sequence.pt,dataset/data/emotion/balanced-affectnet/train/non_violent/neutral_02180.npy,dataset/data/pose/rwf2000/train/violent/7Xe6eysGKeU_0.npy,1,train,violent,7Xe6eysGKeU_0
dataset/data/processed/train/violent/7qtRgyFsk3s_0/frame_sequence.pt,dataset/data/emotion/balanced-affectnet/train/non_violent/neutral_02028.npy,dataset/data/pose/rwf2000/train/violent/7qtRgyFsk3s_0.npy,1,train,violent,7qtRgyFsk3s_0
dataset/data/processed/train/violent/7qtRgyFsk3s_1/frame_sequence.pt,dataset/data/emotion/balanced-affectnet/train/non_violent/neutral_01734.npy,dataset/data/pose/rwf2000/train/violent/7qtRgyFsk3s_1.npy,1,train,violent,7qtRgyFsk3s_1
dataset/data/processed/train/violent/88ndrvAZpE8_0/frame_sequence.pt,dataset/data/emotion/balanced-affectnet/train/non_violent/happy_00593.npy,dataset/data/pose/rwf2000/train/violent/88ndrvAZpE8_0.npy,1,train,violent,88ndrvAZpE8_0
dataset/data/processed/train/violent/88ndrvAZpE8_1/frame_sequence.pt,dataset/data/emotion/balanced-affectnet/train/non_violent/neutral_01412.npy,dataset/data/pose/rwf2000/train/violent/88ndrvAZpE8_1.npy,1,train,violent,88ndrvAZpE8_1
dataset/data/processed/train/violent/89UQqPuR4Q4_0/frame_sequence.pt,dataset/data/emotion/balanced-affectnet/train/non_violent/neutral_01628.npy,dataset/data/pose/rwf2000/train/violent/89UQqPuR4Q4_0.npy,1,train,violent,89UQqPuR4Q4_0
dataset/data/processed/train/violent/8SWZq5we_fk_0/frame_sequence.pt,dataset/data/emotion/balanced-affectnet/train/non_violent/happy_01426.npy,dataset/data/pose/rwf2000/train/violent/8SWZq5we_fk_0.npy,1,train,violent,8SWZq5we_fk_0
dataset/data/processed/train/violent/8SWZq5we_fk_1/frame_sequence.pt,dataset/data/emotion/balanced-affectnet/train/non_violent/neutral_00789.npy,dataset/data/pose/rwf2000/train/violent/8SWZq5we_fk_1.npy,1,train,violent,8SWZq5we_fk_1
dataset/data/processed/train/violent/8VqTmuq4HcI_0/frame_sequence.pt,dataset/data/emotion/balanced-affectnet/train/non_violent/neutral_02416.npy,dataset/data/pose/rwf2000/train/violent/8VqTmuq4HcI_0.npy,1,train,violent,8VqTmuq4HcI_0
dataset/data/processed/train/violent/8bEO4LGr_0/frame_sequence.pt,dataset/data/emotion/balanced-affectnet/train/non_violent/happy_02042.npy,dataset/data/pose/rwf2000/train/violent/8bEO4LGr_0.npy,1,train,violent,8bEO4LGr_0
dataset/data/processed/train/violent/8mxsp2RTU6M_0/frame_sequence.pt,dataset/data/emotion/balanced-affectnet/train/non_violent/happy_01363.npy,dataset/data/pose/rwf2000/train/violent/8mxsp2RTU6M_0.npy,1,train,violent,8mxsp2RTU6M_0
dataset/data/processed/train/violent/8pKKdS7rhXo_0/frame_sequence.pt,dataset/data/emotion/balanced-affectnet/train/non_violent/neutral_00200.npy,dataset/data/pose/rwf2000/train/violent/8pKKdS7rhXo_0.npy,1,train,violent,8pKKdS7rhXo_0
dataset/data/processed/train/violent/8pKKdS7rhXo_1/frame_sequence.pt,dataset/data/emotion/balanced-affectnet/train/non_violent/happy_03166.npy,dataset/data/pose/rwf2000/train/violent/8pKKdS7rhXo_1.npy,1,train,violent,8pKKdS7rhXo_1
dataset/data/processed/train/violent/8pKKdS7rhXo_2/frame_sequence.pt,dataset/data/emotion/balanced-affectnet/train/non_violent/happy_02252.npy,dataset/data/pose/rwf2000/train/violent/8pKKdS7rhXo_2.npy,1,train,violent,8pKKdS7rhXo_2
dataset/data/processed/train/violent/91TniI0y_0/frame_sequence.pt,dataset/data/emotion/balanced-affectnet/train/non_violent/neutral_01677.npy,dataset/data/pose/rwf2000/train/violent/91TniI0y_0.npy,1,train,violent,91TniI0y_0
dataset/data/processed/train/violent/9ErNHIovPDI_0/frame_sequence.pt,dataset/data/emotion/balanced-affectnet/train/non_violent/neutral_02079.npy,dataset/data/pose/rwf2000/train/violent/9ErNHIovPDI_0.npy,1,train,violent,9ErNHIovPDI_0
dataset/data/processed/train/violent/9U8J4abJGDg_0/frame_sequence.pt,dataset/data/emotion/balanced-affectnet/train/non_violent/neutral_00986.npy,dataset/data/pose/rwf2000/train/violent/9U8J4abJGDg_0.npy,1,train,violent,9U8J4abJGDg_0
dataset/data/processed/train/violent/API3q8TBGu4_0/frame_sequence.pt,dataset/data/emotion/balanced-affectnet/train/non_violent/happy_01833.npy,dataset/data/pose/rwf2000/train/violent/API3q8TBGu4_0.npy,1,train,violent,API3q8TBGu4_0
dataset/data/processed/train/violent/AkTZX27QhjE_1/frame_sequence.pt,dataset/data/emotion/balanced-affectnet/train/non_violent/neutral_02052.npy,dataset/data/pose/rwf2000/train/violent/AkTZX27QhjE_1.npy,1,train,violent,AkTZX27QhjE_1
dataset/data/processed/train/violent/AkTZX27QhjE_2/frame_sequence.pt,dataset/data/emotion/balanced-affectnet/train/non_violent/happy_02705.npy,dataset/data/pose/rwf2000/train/violent/AkTZX27QhjE_2.npy,1,train,violent,AkTZX27QhjE_2
dataset/data/processed/train/violent/AkTZX27QhjE_3/frame_sequence.pt,dataset/data/emotion/balanced-affectnet/train/non_violent/neutral_03370.npy,dataset/data/pose/rwf2000/train/violent/AkTZX27QhjE_3.npy,1,train,violent,AkTZX27QhjE_3
dataset/data/processed/train/violent/AkTZX27QhjE_4/frame_sequence.pt,dataset/data/emotion/balanced-affectnet/train/non_violent/neutral_02753.npy,dataset/data/pose/rwf2000/train/violent/AkTZX27QhjE_4.npy,1,train,violent,AkTZX27QhjE_4
dataset/data/processed/train/violent/Am9mUxPTvK4_0/frame_sequence.pt,dataset/data/emotion/balanced-affectnet/train/non_violent/neutral_02817.npy,dataset/data/pose/rwf2000/train/violent/Am9mUxPTvK4_0.npy,1,train,violent,Am9mUxPTvK4_0
dataset/data/processed/train/violent/Am9mUxPTvK4_1/frame_sequence.pt,dataset/data/emotion/balanced-affectnet/train/non_violent/happy_00466.npy,dataset/data/pose/rwf2000/train/violent/Am9mUxPTvK4_1.npy,1,train,violent,Am9mUxPTvK4_1
dataset/data/processed/train/violent/AsGAgf8U2rk_0/frame_sequence.pt,dataset/data/emotion/balanced-affectnet/train/non_violent/happy_01913.npy,dataset/data/pose/rwf2000/train/violent/AsGAgf8U2rk_0.npy,1,train,violent,AsGAgf8U2rk_0
dataset/data/processed/train/violent/BCVBVC_263/frame_sequence.pt,dataset/data/emotion/balanced-affectnet/train/non_violent/neutral_03199.npy,dataset/data/pose/rwf2000/train/violent/BCVBVC_263.npy,1,train,violent,BCVBVC_263
dataset/data/processed/train/violent/BCVBVC_264/frame_sequence.pt,dataset/data/emotion/balanced-affectnet/train/non_violent/happy_00268.npy,dataset/data/pose/rwf2000/train/violent/BCVBVC_264.npy,1,train,violent,BCVBVC_264
dataset/data/processed/train/violent/BpargJW29Wo_0/frame_sequence.pt,dataset/data/emotion/balanced-affectnet/train/non_violent/neutral_03062.npy,dataset/data/pose/rwf2000/train/violent/BpargJW29Wo_0.npy,1,train,violent,BpargJW29Wo_0
dataset/data/processed/train/violent/BpargJW29Wo_1/frame_sequence.pt,dataset/data/emotion/balanced-affectnet/train/non_violent/happy_02636.npy,dataset/data/pose/rwf2000/train/violent/BpargJW29Wo_1.npy,1,train,violent,BpargJW29Wo_1
dataset/data/processed/train/violent/BpargJW29Wo_2/frame_sequence.pt,dataset/data/emotion/balanced-affectnet/train/non_violent/happy_03352.npy,dataset/data/pose/rwf2000/train/violent/BpargJW29Wo_2.npy,1,train,violent,BpargJW29Wo_2
dataset/data/processed/train/violent/BpargJW29Wo_3/frame_sequence.pt,dataset/data/emotion/balanced-affectnet/train/non_violent/happy_02238.npy,dataset/data/pose/rwf2000/train/violent/BpargJW29Wo_3.npy,1,train,violent,BpargJW29Wo_3
dataset/data/processed/train/violent/BpargJW29Wo_4/frame_sequence.pt,dataset/data/emotion/balanced-affectnet/train/non_violent/happy_00552.npy,dataset/data/pose/rwf2000/train/violent/BpargJW29Wo_4.npy,1,train,violent,BpargJW29Wo_4
dataset/data/processed/train/violent/C4SQF-UZzkA_2/frame_sequence.pt,dataset/data/emotion/balanced-affectnet/train/non_violent/happy_01761.npy,dataset/data/pose/rwf2000/train/violent/C4SQF-UZzkA_2.npy,1,train,violent,C4SQF-UZzkA_2
dataset/data/processed/train/violent/C8wt47cphU8_0/frame_sequence.pt,dataset/data/emotion/balanced-affectnet/train/non_violent/neutral_01081.npy,dataset/data/pose/rwf2000/train/violent/C8wt47cphU8_0.npy,1,train,violent,C8wt47cphU8_0
dataset/data/processed/train/violent/C8wt47cphU8_1/frame_sequence.pt,dataset/data/emotion/balanced-affectnet/train/non_violent/sad_00068.npy,dataset/data/pose/rwf2000/train/violent/C8wt47cphU8_1.npy,1,train,violent,C8wt47cphU8_1
dataset/data/processed/train/violent/CBfRtxkO1bE_0/frame_sequence.pt,dataset/data/emotion/balanced-affectnet/train/non_violent/neutral_02342.npy,dataset/data/pose/rwf2000/train/violent/CBfRtxkO1bE_0.npy,1,train,violent,CBfRtxkO1bE_0
dataset/data/processed/train/violent/CBfRtxkO1bE_1/frame_sequence.pt,dataset/data/emotion/balanced-affectnet/train/non_violent/happy_02632.npy,dataset/data/pose/rwf2000/train/violent/CBfRtxkO1bE_1.npy,1,train,violent,CBfRtxkO1bE_1
dataset/data/processed/train/violent/CBfRtxkO1bE_2/frame_sequence.pt,dataset/data/emotion/balanced-affectnet/train/non_violent/happy_01775.npy,dataset/data/pose/rwf2000/train/violent/CBfRtxkO1bE_2.npy,1,train,violent,CBfRtxkO1bE_2
dataset/data/processed/train/violent/CBfRtxkO1bE_3/frame_sequence.pt,dataset/data/emotion/balanced-affectnet/train/non_violent/neutral_01821.npy,dataset/data/pose/rwf2000/train/violent/CBfRtxkO1bE_3.npy,1,train,violent,CBfRtxkO1bE_3
dataset/data/processed/train/violent/Cce4ogHp_0/frame_sequence.pt,dataset/data/emotion/balanced-affectnet/train/non_violent/neutral_00519.npy,dataset/data/pose/rwf2000/train/violent/Cce4ogHp_0.npy,1,train,violent,Cce4ogHp_0
dataset/data/processed/train/violent/Cce4ogHp_1/frame_sequence.pt,dataset/data/emotion/balanced-affectnet/train/non_violent/happy_03312.npy,dataset/data/pose/rwf2000/train/violent/Cce4ogHp_1.npy,1,train,violent,Cce4ogHp_1
dataset/data/processed/train/violent/CqJB8ZWLZ-o_0/frame_sequence.pt,dataset/data/emotion/balanced-affectnet/train/non_violent/sad_00145.npy,dataset/data/pose/rwf2000/train/violent/CqJB8ZWLZ-o_0.npy,1,train,violent,CqJB8ZWLZ-o_0
dataset/data/processed/train/violent/CqJB8ZWLZ-o_1/frame_sequence.pt,dataset/data/emotion/balanced-affectnet/train/non_violent/neutral_01719.npy,dataset/data/pose/rwf2000/train/violent/CqJB8ZWLZ-o_1.npy,1,train,violent,CqJB8ZWLZ-o_1
dataset/data/processed/train/violent/DC10fyQgNqo_0/frame_sequence.pt,dataset/data/emotion/balanced-affectnet/train/non_violent/neutral_00187.npy,dataset/data/pose/rwf2000/train/violent/DC10fyQgNqo_0.npy,1,train,violent,DC10fyQgNqo_0
dataset/data/processed/train/violent/DC10fyQgNqo_1/frame_sequence.pt,dataset/data/emotion/balanced-affectnet/train/non_violent/happy_01195.npy,dataset/data/pose/rwf2000/train/violent/DC10fyQgNqo_1.npy,1,train,violent,DC10fyQgNqo_1
dataset/data/processed/train/violent/DC10fyQgNqo_2/frame_sequence.pt,dataset/data/emotion/balanced-affectnet/train/non_violent/happy_02217.npy,dataset/data/pose/rwf2000/train/violent/DC10fyQgNqo_2.npy,1,train,violent,DC10fyQgNqo_2
dataset/data/processed/train/violent/DC10fyQgNqo_3/frame_sequence.pt,dataset/data/emotion/balanced-affectnet/train/non_violent/happy_01168.npy,dataset/data/pose/rwf2000/train/violent/DC10fyQgNqo_3.npy,1,train,violent,DC10fyQgNqo_3
dataset/data/processed/train/violent/DHhyNrXr_0/frame_sequence.pt,dataset/data/emotion/balanced-affectnet/train/non_violent/happy_02068.npy,dataset/data/pose/rwf2000/train/violent/DHhyNrXr_0.npy,1,train,violent,DHhyNrXr_0
dataset/data/processed/train/violent/DHhyNrXr_1/frame_sequence.pt,dataset/data/emotion/balanced-affectnet/train/non_violent/neutral_02580.npy,dataset/data/pose/rwf2000/train/violent/DHhyNrXr_1.npy,1,train,violent,DHhyNrXr_1
dataset/data/processed/train/violent/DHhyNrXr_2/frame_sequence.pt,dataset/data/emotion/balanced-affectnet/train/non_violent/neutral_01042.npy,dataset/data/pose/rwf2000/train/violent/DHhyNrXr_2.npy,1,train,violent,DHhyNrXr_2
dataset/data/processed/train/violent/DHhyNrXr_5/frame_sequence.pt,dataset/data/emotion/balanced-affectnet/train/non_violent/neutral_00856.npy,dataset/data/pose/rwf2000/train/violent/DHhyNrXr_5.npy,1,train,violent,DHhyNrXr_5
dataset/data/processed/train/violent/DIsQwAdR8MI_0/frame_sequence.pt,dataset/data/emotion/balanced-affectnet/train/non_violent/happy_02202.npy,dataset/data/pose/rwf2000/train/violent/DIsQwAdR8MI_0.npy,1,train,violent,DIsQwAdR8MI_0
dataset/data/processed/train/violent/DTq6Gu30-uA_0/frame_sequence.pt,dataset/data/emotion/balanced-affectnet/train/non_violent/neutral_02601.npy,dataset/data/pose/rwf2000/train/violent/DTq6Gu30-uA_0.npy,1,train,violent,DTq6Gu30-uA_0
dataset/data/processed/train/violent/DTq6Gu30-uA_1/frame_sequence.pt,dataset/data/emotion/balanced-affectnet/train/non_violent/neutral_01239.npy,dataset/data/pose/rwf2000/train/violent/DTq6Gu30-uA_1.npy,1,train,violent,DTq6Gu30-uA_1
dataset/data/processed/train/violent/DTq6Gu30-uA_2/frame_sequence.pt,dataset/data/emotion/balanced-affectnet/train/non_violent/happy_03590.npy,dataset/data/pose/rwf2000/train/violent/DTq6Gu30-uA_2.npy,1,train,violent,DTq6Gu30-uA_2
dataset/data/processed/train/violent/DTq6Gu30-uA_3/frame_sequence.pt,dataset/data/emotion/balanced-affectnet/train/non_violent/sad_00266.npy,dataset/data/pose/rwf2000/train/violent/DTq6Gu30-uA_3.npy,1,train,violent,DTq6Gu30-uA_3
dataset/data/processed/train/violent/DTq6Gu30-uA_4/frame_sequence.pt,dataset/data/emotion/balanced-affectnet/train/non_violent/neutral_01232.npy,dataset/data/pose/rwf2000/train/violent/DTq6Gu30-uA_4.npy,1,train,violent,DTq6Gu30-uA_4
dataset/data/processed/train/violent/DTq6Gu30-uA_5/frame_sequence.pt,dataset/data/emotion/balanced-affectnet/train/non_violent/happy_03348.npy,dataset/data/pose/rwf2000/train/violent/DTq6Gu30-uA_5.npy,1,train,violent,DTq6Gu30-uA_5
dataset/data/processed/train/violent/DTq6Gu30-uA_6/frame_sequence.pt,dataset/data/emotion/balanced-affectnet/train/non_violent/happy_03036.npy,dataset/data/pose/rwf2000/train/violent/DTq6Gu30-uA_6.npy,1,train,violent,DTq6Gu30-uA_6
dataset/data/processed/train/violent/E0Huf4Qi0JE_0/frame_sequence.pt,dataset/data/emotion/balanced-affectnet/train/non_violent/happy_01838.npy,dataset/data/pose/rwf2000/train/violent/E0Huf4Qi0JE_0.npy,1,train,violent,E0Huf4Qi0JE_0
dataset/data/processed/train/violent/E0Huf4Qi0JE_1/frame_sequence.pt,dataset/data/emotion/balanced-affectnet/train/non_violent/happy_01158.npy,dataset/data/pose/rwf2000/train/violent/E0Huf4Qi0JE_1.npy,1,train,violent,E0Huf4Qi0JE_1
dataset/data/processed/train/violent/E2gqgFNyPL8_0/frame_sequence.pt,dataset/data/emotion/balanced-affectnet/train/non_violent/neutral_00617.npy,dataset/data/pose/rwf2000/train/violent/E2gqgFNyPL8_0.npy,1,train,violent,E2gqgFNyPL8_0
dataset/data/processed/train/violent/ECoMcgjR_0/frame_sequence.pt,dataset/data/emotion/balanced-affectnet/train/non_violent/neutral_00483.npy,dataset/data/pose/rwf2000/train/violent/ECoMcgjR_0.npy,1,train,violent,ECoMcgjR_0
dataset/data/processed/train/violent/Ek0jcAoCRw8_0/frame_sequence.pt,dataset/data/emotion/balanced-affectnet/train/non_violent/happy_00760.npy,dataset/data/pose/rwf2000/train/violent/Ek0jcAoCRw8_0.npy,1,train,violent,Ek0jcAoCRw8_0
dataset/data/processed/train/violent/Er-sOPbvRVI_0/frame_sequence.pt,dataset/data/emotion/balanced-affectnet/train/non_violent/neutral_02686.npy,dataset/data/pose/rwf2000/train/violent/Er-sOPbvRVI_0.npy,1,train,violent,Er-sOPbvRVI_0
dataset/data/processed/train/violent/EtRfZ2KP_0/frame_sequence.pt,dataset/data/emotion/balanced-affectnet/train/non_violent/happy_00394.npy,dataset/data/pose/rwf2000/train/violent/EtRfZ2KP_0.npy,1,train,violent,EtRfZ2KP_0
dataset/data/processed/train/violent/EtRfZ2KP_2/frame_sequence.pt,dataset/data/emotion/balanced-affectnet/train/non_violent/neutral_03567.npy,dataset/data/pose/rwf2000/train/violent/EtRfZ2KP_2.npy,1,train,violent,EtRfZ2KP_2
dataset/data/processed/train/violent/EtRfZ2KP_3/frame_sequence.pt,dataset/data/emotion/balanced-affectnet/train/non_violent/happy_00923.npy,dataset/data/pose/rwf2000/train/violent/EtRfZ2KP_3.npy,1,train,violent,EtRfZ2KP_3
dataset/data/processed/train/violent/EtRfZ2KP_4/frame_sequence.pt,dataset/data/emotion/balanced-affectnet/train/non_violent/happy_01283.npy,dataset/data/pose/rwf2000/train/violent/EtRfZ2KP_4.npy,1,train,violent,EtRfZ2KP_4
dataset/data/processed/train/violent/EtRfZ2KP_5/frame_sequence.pt,dataset/data/emotion/balanced-affectnet/train/non_violent/neutral_01610.npy,dataset/data/pose/rwf2000/train/violent/EtRfZ2KP_5.npy,1,train,violent,EtRfZ2KP_5
dataset/data/processed/train/violent/F7W6PQ3V3y8_0/frame_sequence.pt,dataset/data/emotion/balanced-affectnet/train/non_violent/happy_01344.npy,dataset/data/pose/rwf2000/train/violent/F7W6PQ3V3y8_0.npy,1,train,violent,F7W6PQ3V3y8_0
dataset/data/processed/train/violent/F7W6PQ3V3y8_1/frame_sequence.pt,dataset/data/emotion/balanced-affectnet/train/non_violent/neutral_02993.npy,dataset/data/pose/rwf2000/train/violent/F7W6PQ3V3y8_1.npy,1,train,violent,F7W6PQ3V3y8_1
dataset/data/processed/train/violent/F7W6PQ3V3y8_10/frame_sequence.pt,dataset/data/emotion/balanced-affectnet/train/non_violent/neutral_02058.npy,dataset/data/pose/rwf2000/train/violent/F7W6PQ3V3y8_10.npy,1,train,violent,F7W6PQ3V3y8_10
dataset/data/processed/train/violent/F7W6PQ3V3y8_11/frame_sequence.pt,dataset/data/emotion/balanced-affectnet/train/non_violent/happy_03548.npy,dataset/data/pose/rwf2000/train/violent/F7W6PQ3V3y8_11.npy,1,train,violent,F7W6PQ3V3y8_11
dataset/data/processed/train/violent/F7W6PQ3V3y8_2/frame_sequence.pt,dataset/data/emotion/balanced-affectnet/train/non_violent/neutral_01353.npy,dataset/data/pose/rwf2000/train/violent/F7W6PQ3V3y8_2.npy,1,train,violent,F7W6PQ3V3y8_2
dataset/data/processed/train/violent/F7W6PQ3V3y8_3/frame_sequence.pt,dataset/data/emotion/balanced-affectnet/train/non_violent/happy_00531.npy,dataset/data/pose/rwf2000/train/violent/F7W6PQ3V3y8_3.npy,1,train,violent,F7W6PQ3V3y8_3
dataset/data/processed/train/violent/F7W6PQ3V3y8_4/frame_sequence.pt,dataset/data/emotion/balanced-affectnet/train/non_violent/happy_03237.npy,dataset/data/pose/rwf2000/train/violent/F7W6PQ3V3y8_4.npy,1,train,violent,F7W6PQ3V3y8_4
dataset/data/processed/train/violent/F7W6PQ3V3y8_5/frame_sequence.pt,dataset/data/emotion/balanced-affectnet/train/non_violent/happy_03211.npy,dataset/data/pose/rwf2000/train/violent/F7W6PQ3V3y8_5.npy,1,train,violent,F7W6PQ3V3y8_5
dataset/data/processed/train/violent/F7W6PQ3V3y8_6/frame_sequence.pt,dataset/data/emotion/balanced-affectnet/train/non_violent/neutral_01352.npy,dataset/data/pose/rwf2000/train/violent/F7W6PQ3V3y8_6.npy,1,train,violent,F7W6PQ3V3y8_6
dataset/data/processed/train/violent/F7W6PQ3V3y8_7/frame_sequence.pt,dataset/data/emotion/balanced-affectnet/train/non_violent/neutral_00284.npy,dataset/data/pose/rwf2000/train/violent/F7W6PQ3V3y8_7.npy,1,train,violent,F7W6PQ3V3y8_7
dataset/data/processed/train/violent/F7W6PQ3V3y8_8/frame_sequence.pt,dataset/data/emotion/balanced-affectnet/train/non_violent/neutral_00791.npy,dataset/data/pose/rwf2000/train/violent/F7W6PQ3V3y8_8.npy,1,train,violent,F7W6PQ3V3y8_8
dataset/data/processed/train/violent/F7W6PQ3V3y8_9/frame_sequence.pt,dataset/data/emotion/balanced-affectnet/train/non_violent/happy_02116.npy,dataset/data/pose/rwf2000/train/violent/F7W6PQ3V3y8_9.npy,1,train,violent,F7W6PQ3V3y8_9
dataset/data/processed/train/violent/FSaZ8wiFw8Q_0/frame_sequence.pt,dataset/data/emotion/balanced-affectnet/train/non_violent/neutral_00997.npy,dataset/data/pose/rwf2000/train/violent/FSaZ8wiFw8Q_0.npy,1,train,violent,FSaZ8wiFw8Q_0
dataset/data/processed/train/violent/FZDDNtcaBcw_0/frame_sequence.pt,dataset/data/emotion/balanced-affectnet/train/non_violent/neutral_03581.npy,dataset/data/pose/rwf2000/train/violent/FZDDNtcaBcw_0.npy,1,train,violent,FZDDNtcaBcw_0
dataset/data/processed/train/violent/FZDDNtcaBcw_1/frame_sequence.pt,dataset/data/emotion/balanced-affectnet/train/non_violent/happy_00096.npy,dataset/data/pose/rwf2000/train/violent/FZDDNtcaBcw_1.npy,1,train,violent,FZDDNtcaBcw_1
dataset/data/processed/train/violent/FZDDNtcaBcw_2/frame_sequence.pt,dataset/data/emotion/balanced-affectnet/train/non_violent/neutral_02068.npy,dataset/data/pose/rwf2000/train/violent/FZDDNtcaBcw_2.npy,1,train,violent,FZDDNtcaBcw_2
dataset/data/processed/train/violent/Fc45rUKM_0/frame_sequence.pt,dataset/data/emotion/balanced-affectnet/train/non_violent/neutral_02410.npy,dataset/data/pose/rwf2000/train/violent/Fc45rUKM_0.npy,1,train,violent,Fc45rUKM_0
dataset/data/processed/train/violent/Fc45rUKM_1/frame_sequence.pt,dataset/data/emotion/balanced-affectnet/train/non_violent/happy_00966.npy,dataset/data/pose/rwf2000/train/violent/Fc45rUKM_1.npy,1,train,violent,Fc45rUKM_1
dataset/data/processed/train/violent/Fc45rUKM_2/frame_sequence.pt,dataset/data/emotion/balanced-affectnet/train/non_violent/neutral_02083.npy,dataset/data/pose/rwf2000/train/violent/Fc45rUKM_2.npy,1,train,violent,Fc45rUKM_2
dataset/data/processed/train/violent/Fc45rUKM_3/frame_sequence.pt,dataset/data/emotion/balanced-affectnet/train/non_violent/sad_00193.npy,dataset/data/pose/rwf2000/train/violent/Fc45rUKM_3.npy,1,train,violent,Fc45rUKM_3
dataset/data/processed/train/violent/Fc45rUKM_4/frame_sequence.pt,dataset/data/emotion/balanced-affectnet/train/non_violent/neutral_00862.npy,dataset/data/pose/rwf2000/train/violent/Fc45rUKM_4.npy,1,train,violent,Fc45rUKM_4
dataset/data/processed/train/violent/Fc45rUKM_5/frame_sequence.pt,dataset/data/emotion/balanced-affectnet/train/non_violent/neutral_02668.npy,dataset/data/pose/rwf2000/train/violent/Fc45rUKM_5.npy,1,train,violent,Fc45rUKM_5
dataset/data/processed/train/violent/Fc45rUKM_6/frame_sequence.pt,dataset/data/emotion/balanced-affectnet/train/non_violent/happy_02250.npy,dataset/data/pose/rwf2000/train/violent/Fc45rUKM_6.npy,1,train,violent,Fc45rUKM_6
dataset/data/processed/train/violent/G3E1YP6agWs_0/frame_sequence.pt,dataset/data/emotion/balanced-affectnet/train/non_violent/neutral_02819.npy,dataset/data/pose/rwf2000/train/violent/G3E1YP6agWs_0.npy,1,train,violent,G3E1YP6agWs_0
dataset/data/processed/train/violent/G3E1YP6agWs_1/frame_sequence.pt,dataset/data/emotion/balanced-affectnet/train/non_violent/neutral_01742.npy,dataset/data/pose/rwf2000/train/violent/G3E1YP6agWs_1.npy,1,train,violent,G3E1YP6agWs_1
dataset/data/processed/train/violent/GKsvH_pVNQU_0/frame_sequence.pt,dataset/data/emotion/balanced-affectnet/train/non_violent/happy_02865.npy,dataset/data/pose/rwf2000/train/violent/GKsvH_pVNQU_0.npy,1,train,violent,GKsvH_pVNQU_0
dataset/data/processed/train/violent/GKsvH_pVNQU_1/frame_sequence.pt,dataset/data/emotion/balanced-affectnet/train/non_violent/happy_00941.npy,dataset/data/pose/rwf2000/train/violent/GKsvH_pVNQU_1.npy,1,train,violent,GKsvH_pVNQU_1
dataset/data/processed/train/violent/GafFu4IZtIA_0/frame_sequence.pt,dataset/data/emotion/balanced-affectnet/train/non_violent/happy_02478.npy,dataset/data/pose/rwf2000/train/violent/GafFu4IZtIA_0.npy,1,train,violent,GafFu4IZtIA_0
dataset/data/processed/train/violent/GafFu4IZtIA_1/frame_sequence.pt,dataset/data/emotion/balanced-affectnet/train/non_violent/neutral_00013.npy,dataset/data/pose/rwf2000/train/violent/GafFu4IZtIA_1.npy,1,train,violent,GafFu4IZtIA_1
dataset/data/processed/train/violent/GafFu4IZtIA_2/frame_sequence.pt,dataset/data/emotion/balanced-affectnet/train/non_violent/happy_01333.npy,dataset/data/pose/rwf2000/train/violent/GafFu4IZtIA_2.npy,1,train,violent,GafFu4IZtIA_2
dataset/data/processed/train/violent/GafFu4IZtIA_3/frame_sequence.pt,dataset/data/emotion/balanced-affectnet/train/non_violent/neutral_00173.npy,dataset/data/pose/rwf2000/train/violent/GafFu4IZtIA_3.npy,1,train,violent,GafFu4IZtIA_3
dataset/data/processed/train/violent/GafFu4IZtIA_4/frame_sequence.pt,dataset/data/emotion/balanced-affectnet/train/non_violent/happy_00027.npy,dataset/data/pose/rwf2000/train/violent/GafFu4IZtIA_4.npy,1,train,violent,GafFu4IZtIA_4
dataset/data/processed/train/violent/GafFu4IZtIA_6/frame_sequence.pt,dataset/data/emotion/balanced-affectnet/train/non_violent/neutral_02437.npy,dataset/data/pose/rwf2000/train/violent/GafFu4IZtIA_6.npy,1,train,violent,GafFu4IZtIA_6
dataset/data/processed/train/violent/GafFu4IZtIA_7/frame_sequence.pt,dataset/data/emotion/balanced-affectnet/train/non_violent/sad_00131.npy,dataset/data/pose/rwf2000/train/violent/GafFu4IZtIA_7.npy,1,train,violent,GafFu4IZtIA_7
dataset/data/processed/train/violent/GhZRf4GIw0w_0/frame_sequence.pt,dataset/data/emotion/balanced-affectnet/train/non_violent/neutral_02414.npy,dataset/data/pose/rwf2000/train/violent/GhZRf4GIw0w_0.npy,1,train,violent,GhZRf4GIw0w_0
dataset/data/processed/train/violent/Gr3ikl6A2bE_1/frame_sequence.pt,dataset/data/emotion/balanced-affectnet/train/non_violent/happy_02224.npy,dataset/data/pose/rwf2000/train/violent/Gr3ikl6A2bE_1.npy,1,train,violent,Gr3ikl6A2bE_1
dataset/data/processed/train/violent/Gr3ikl6A2bE_2/frame_sequence.pt,dataset/data/emotion/balanced-affectnet/train/non_violent/neutral_00566.npy,dataset/data/pose/rwf2000/train/violent/Gr3ikl6A2bE_2.npy,1,train,violent,Gr3ikl6A2bE_2
dataset/data/processed/train/violent/GtGAcKxn_0/frame_sequence.pt,dataset/data/emotion/balanced-affectnet/train/non_violent/neutral_02775.npy,dataset/data/pose/rwf2000/train/violent/GtGAcKxn_0.npy,1,train,violent,GtGAcKxn_0
dataset/data/processed/train/violent/GuLMP_IOrR0_0/frame_sequence.pt,dataset/data/emotion/balanced-affectnet/train/non_violent/happy_01507.npy,dataset/data/pose/rwf2000/train/violent/GuLMP_IOrR0_0.npy,1,train,violent,GuLMP_IOrR0_0
dataset/data/processed/train/violent/GuLMP_IOrR0_1/frame_sequence.pt,dataset/data/emotion/balanced-affectnet/train/non_violent/neutral_00627.npy,dataset/data/pose/rwf2000/train/violent/GuLMP_IOrR0_1.npy,1,train,violent,GuLMP_IOrR0_1
dataset/data/processed/train/violent/H1AzC-GyKto_0/frame_sequence.pt,dataset/data/emotion/balanced-affectnet/train/non_violent/happy_00898.npy,dataset/data/pose/rwf2000/train/violent/H1AzC-GyKto_0.npy,1,train,violent,H1AzC-GyKto_0
dataset/data/processed/train/violent/H1AzC-GyKto_1/frame_sequence.pt,dataset/data/emotion/balanced-affectnet/train/non_violent/sad_00095.npy,dataset/data/pose/rwf2000/train/violent/H1AzC-GyKto_1.npy,1,train,violent,H1AzC-GyKto_1
dataset/data/processed/train/violent/HVSv9sgz2ZI_0/frame_sequence.pt,dataset/data/emotion/balanced-affectnet/train/non_violent/neutral_01620.npy,dataset/data/pose/rwf2000/train/violent/HVSv9sgz2ZI_0.npy,1,train,violent,HVSv9sgz2ZI_0
dataset/data/processed/train/violent/HVSv9sgz2ZI_1/frame_sequence.pt,dataset/data/emotion/balanced-affectnet/train/non_violent/happy_02524.npy,dataset/data/pose/rwf2000/train/violent/HVSv9sgz2ZI_1.npy,1,train,violent,HVSv9sgz2ZI_1
dataset/data/processed/train/violent/HVSv9sgz2ZI_2/frame_sequence.pt,dataset/data/emotion/balanced-affectnet/train/non_violent/neutral_03447.npy,dataset/data/pose/rwf2000/train/violent/HVSv9sgz2ZI_2.npy,1,train,violent,HVSv9sgz2ZI_2
dataset/data/processed/train/violent/HVSv9sgz2ZI_4/frame_sequence.pt,dataset/data/emotion/balanced-affectnet/train/non_violent/neutral_01740.npy,dataset/data/pose/rwf2000/train/violent/HVSv9sgz2ZI_4.npy,1,train,violent,HVSv9sgz2ZI_4
dataset/data/processed/train/violent/HVSv9sgz2ZI_5/frame_sequence.pt,dataset/data/emotion/balanced-affectnet/train/non_violent/neutral_00630.npy,dataset/data/pose/rwf2000/train/violent/HVSv9sgz2ZI_5.npy,1,train,violent,HVSv9sgz2ZI_5
dataset/data/processed/train/violent/HW48LUZKOL4_0/frame_sequence.pt,dataset/data/emotion/balanced-affectnet/train/non_violent/neutral_01485.npy,dataset/data/pose/rwf2000/train/violent/HW48LUZKOL4_0.npy,1,train,violent,HW48LUZKOL4_0
dataset/data/processed/train/violent/HW48LUZKOL4_1/frame_sequence.pt,dataset/data/emotion/balanced-affectnet/train/non_violent/happy_01677.npy,dataset/data/pose/rwf2000/train/violent/HW48LUZKOL4_1.npy,1,train,violent,HW48LUZKOL4_1
dataset/data/processed/train/violent/HW48LUZKOL4_2/frame_sequence.pt,dataset/data/emotion/balanced-affectnet/train/non_violent/happy_01291.npy,dataset/data/pose/rwf2000/train/violent/HW48LUZKOL4_2.npy,1,train,violent,HW48LUZKOL4_2
dataset/data/processed/train/violent/HW48LUZKOL4_4/frame_sequence.pt,dataset/data/emotion/balanced-affectnet/train/non_violent/happy_03162.npy,dataset/data/pose/rwf2000/train/violent/HW48LUZKOL4_4.npy,1,train,violent,HW48LUZKOL4_4
dataset/data/processed/train/violent/H_VQJU0Bqpc_1/frame_sequence.pt,dataset/data/emotion/balanced-affectnet/train/non_violent/neutral_02792.npy,dataset/data/pose/rwf2000/train/violent/H_VQJU0Bqpc_1.npy,1,train,violent,H_VQJU0Bqpc_1
dataset/data/processed/train/violent/H_VQJU0Bqpc_2/frame_sequence.pt,dataset/data/emotion/balanced-affectnet/train/non_violent/happy_01368.npy,dataset/data/pose/rwf2000/train/violent/H_VQJU0Bqpc_2.npy,1,train,violent,H_VQJU0Bqpc_2
dataset/data/processed/train/violent/HgwpC5Xx_0/frame_sequence.pt,dataset/data/emotion/balanced-affectnet/train/non_violent/neutral_00902.npy,dataset/data/pose/rwf2000/train/violent/HgwpC5Xx_0.npy,1,train,violent,HgwpC5Xx_0
dataset/data/processed/train/violent/HtbVjsRA_0/frame_sequence.pt,dataset/data/emotion/balanced-affectnet/train/non_violent/neutral_02929.npy,dataset/data/pose/rwf2000/train/violent/HtbVjsRA_0.npy,1,train,violent,HtbVjsRA_0
dataset/data/processed/train/violent/HtbVjsRA_1/frame_sequence.pt,dataset/data/emotion/balanced-affectnet/train/non_violent/neutral_00824.npy,dataset/data/pose/rwf2000/train/violent/HtbVjsRA_1.npy,1,train,violent,HtbVjsRA_1
dataset/data/processed/train/violent/HtbVjsRA_2/frame_sequence.pt,dataset/data/emotion/balanced-affectnet/train/non_violent/happy_00005.npy,dataset/data/pose/rwf2000/train/violent/HtbVjsRA_2.npy,1,train,violent,HtbVjsRA_2
dataset/data/processed/train/violent/I-x0G5pAan0_0/frame_sequence.pt,dataset/data/emotion/balanced-affectnet/train/non_violent/neutral_01408.npy,dataset/data/pose/rwf2000/train/violent/I-x0G5pAan0_0.npy,1,train,violent,I-x0G5pAan0_0
dataset/data/processed/train/violent/Ile3EVQA_0/frame_sequence.pt,dataset/data/emotion/balanced-affectnet/train/non_violent/happy_02743.npy,dataset/data/pose/rwf2000/train/violent/Ile3EVQA_0.npy,1,train,violent,Ile3EVQA_0
dataset/data/processed/train/violent/Ile3EVQA_1/frame_sequence.pt,dataset/data/emotion/balanced-affectnet/train/non_violent/neutral_00474.npy,dataset/data/pose/rwf2000/train/violent/Ile3EVQA_1.npy,1,train,violent,Ile3EVQA_1
dataset/data/processed/train/violent/JJG0bHPur50_0/frame_sequence.pt,dataset/data/emotion/balanced-affectnet/train/non_violent/happy_00164.npy,dataset/data/pose/rwf2000/train/violent/JJG0bHPur50_0.npy,1,train,violent,JJG0bHPur50_0
dataset/data/processed/train/violent/JJG0bHPur50_1/frame_sequence.pt,dataset/data/emotion/balanced-affectnet/train/non_violent/happy_00949.npy,dataset/data/pose/rwf2000/train/violent/JJG0bHPur50_1.npy,1,train,violent,JJG0bHPur50_1
dataset/data/processed/train/violent/JJG0bHPur50_2/frame_sequence.pt,dataset/data/emotion/balanced-affectnet/train/non_violent/happy_03073.npy,dataset/data/pose/rwf2000/train/violent/JJG0bHPur50_2.npy,1,train,violent,JJG0bHPur50_2
dataset/data/processed/train/violent/JPIeYvRgo6I_0/frame_sequence.pt,dataset/data/emotion/balanced-affectnet/train/non_violent/sad_00186.npy,dataset/data/pose/rwf2000/train/violent/JPIeYvRgo6I_0.npy,1,train,violent,JPIeYvRgo6I_0
dataset/data/processed/train/violent/JPIeYvRgo6I_1/frame_sequence.pt,dataset/data/emotion/balanced-affectnet/train/non_violent/neutral_03383.npy,dataset/data/pose/rwf2000/train/violent/JPIeYvRgo6I_1.npy,1,train,violent,JPIeYvRgo6I_1
dataset/data/processed/train/violent/JRL5Vvql_0/frame_sequence.pt,dataset/data/emotion/balanced-affectnet/train/non_violent/neutral_03174.npy,dataset/data/pose/rwf2000/train/violent/JRL5Vvql_0.npy,1,train,violent,JRL5Vvql_0
dataset/data/processed/train/violent/JRL5Vvql_1/frame_sequence.pt,dataset/data/emotion/balanced-affectnet/train/non_violent/happy_02606.npy,dataset/data/pose/rwf2000/train/violent/JRL5Vvql_1.npy,1,train,violent,JRL5Vvql_1
dataset/data/processed/train/violent/Jq8neqBlL2Y_2/frame_sequence.pt,dataset/data/emotion/balanced-affectnet/train/non_violent/happy_02029.npy,dataset/data/pose/rwf2000/train/violent/Jq8neqBlL2Y_2.npy,1,train,violent,Jq8neqBlL2Y_2
dataset/data/processed/train/violent/Jq8neqBlL2Y_3/frame_sequence.pt,dataset/data/emotion/balanced-affectnet/train/non_violent/happy_00489.npy,dataset/data/pose/rwf2000/train/violent/Jq8neqBlL2Y_3.npy,1,train,violent,Jq8neqBlL2Y_3
dataset/data/processed/train/violent/Jq8neqBlL2Y_4/frame_sequence.pt,dataset/data/emotion/balanced-affectnet/train/non_violent/happy_02044.npy,dataset/data/pose/rwf2000/train/violent/Jq8neqBlL2Y_4.npy,1,train,violent,Jq8neqBlL2Y_4
dataset/data/processed/train/violent/Jq8neqBlL2Y_5/frame_sequence.pt,dataset/data/emotion/balanced-affectnet/train/non_violent/sad_00187.npy,dataset/data/pose/rwf2000/train/violent/Jq8neqBlL2Y_5.npy,1,train,violent,Jq8neqBlL2Y_5
dataset/data/processed/train/violent/Jt4WbOZeT7s_0/frame_sequence.pt,dataset/data/emotion/balanced-affectnet/train/non_violent/neutral_01150.npy,dataset/data/pose/rwf2000/train/violent/Jt4WbOZeT7s_0.npy,1,train,violent,Jt4WbOZeT7s_0
dataset/data/processed/train/violent/JwTPruSFTjk_0/frame_sequence.pt,dataset/data/emotion/balanced-affectnet/train/non_violent/happy_00667.npy,dataset/data/pose/rwf2000/train/violent/JwTPruSFTjk_0.npy,1,train,violent,JwTPruSFTjk_0
dataset/data/processed/train/violent/JwTPruSFTjk_1/frame_sequence.pt,dataset/data/emotion/balanced-affectnet/train/non_violent/happy_00725.npy,dataset/data/pose/rwf2000/train/violent/JwTPruSFTjk_1.npy,1,train,violent,JwTPruSFTjk_1
dataset/data/processed/train/violent/K6WRP2xi_0/frame_sequence.pt,dataset/data/emotion/balanced-affectnet/train/non_violent/neutral_02549.npy,dataset/data/pose/rwf2000/train/violent/K6WRP2xi_0.npy,1,train,violent,K6WRP2xi_0
dataset/data/processed/train/violent/K6WRP2xi_1/frame_sequence.pt,dataset/data/emotion/balanced-affectnet/train/non_violent/neutral_00462.npy,dataset/data/pose/rwf2000/train/violent/K6WRP2xi_1.npy,1,train,violent,K6WRP2xi_1
dataset/data/processed/train/violent/K6WRP2xi_2/frame_sequence.pt,dataset/data/emotion/balanced-affectnet/train/non_violent/neutral_03261.npy,dataset/data/pose/rwf2000/train/violent/K6WRP2xi_2.npy,1,train,violent,K6WRP2xi_2
dataset/data/processed/train/violent/K6WRP2xi_3/frame_sequence.pt,dataset/data/emotion/balanced-affectnet/train/non_violent/happy_00585.npy,dataset/data/pose/rwf2000/train/violent/K6WRP2xi_3.npy,1,train,violent,K6WRP2xi_3
dataset/data/processed/train/violent/K_7hT4N2QCE_0/frame_sequence.pt,dataset/data/emotion/balanced-affectnet/train/non_violent/neutral_02797.npy,dataset/data/pose/rwf2000/train/violent/K_7hT4N2QCE_0.npy,1,train,violent,K_7hT4N2QCE_0
dataset/data/processed/train/violent/K_7hT4N2QCE_1/frame_sequence.pt,dataset/data/emotion/balanced-affectnet/train/non_violent/neutral_00861.npy,dataset/data/pose/rwf2000/train/violent/K_7hT4N2QCE_1.npy,1,train,violent,K_7hT4N2QCE_1
dataset/data/processed/train/violent/K_7hT4N2QCE_2/frame_sequence.pt,dataset/data/emotion/balanced-affectnet/train/non_violent/neutral_02844.npy,dataset/data/pose/rwf2000/train/violent/K_7hT4N2QCE_2.npy,1,train,violent,K_7hT4N2QCE_2
dataset/data/processed/train/violent/Kx5lWLPZ0Y0_0/frame_sequence.pt,dataset/data/emotion/balanced-affectnet/train/non_violent/happy_01070.npy,dataset/data/pose/rwf2000/train/violent/Kx5lWLPZ0Y0_0.npy,1,train,violent,Kx5lWLPZ0Y0_0
dataset/data/processed/train/violent/Kx5lWLPZ0Y0_1/frame_sequence.pt,dataset/data/emotion/balanced-affectnet/train/non_violent/happy_01092.npy,dataset/data/pose/rwf2000/train/violent/Kx5lWLPZ0Y0_1.npy,1,train,violent,Kx5lWLPZ0Y0_1
dataset/data/processed/train/violent/LLo_TXIz5-g_0/frame_sequence.pt,dataset/data/emotion/balanced-affectnet/train/non_violent/neutral_01943.npy,dataset/data/pose/rwf2000/train/violent/LLo_TXIz5-g_0.npy,1,train,violent,LLo_TXIz5-g_0
dataset/data/processed/train/violent/Mi4nMB8AHxI_0/frame_sequence.pt,dataset/data/emotion/balanced-affectnet/train/non_violent/neutral_00377.npy,dataset/data/pose/rwf2000/train/violent/Mi4nMB8AHxI_0.npy,1,train,violent,Mi4nMB8AHxI_0
dataset/data/processed/train/violent/Mi4nMB8AHxI_1/frame_sequence.pt,dataset/data/emotion/balanced-affectnet/train/non_violent/neutral_01011.npy,dataset/data/pose/rwf2000/train/violent/Mi4nMB8AHxI_1.npy,1,train,violent,Mi4nMB8AHxI_1
dataset/data/processed/train/violent/MzcX84QCuE8_0/frame_sequence.pt,dataset/data/emotion/balanced-affectnet/train/non_violent/happy_01407.npy,dataset/data/pose/rwf2000/train/violent/MzcX84QCuE8_0.npy,1,train,violent,MzcX84QCuE8_0
dataset/data/processed/train/violent/N1Q9v-saJ_g_0/frame_sequence.pt,dataset/data/emotion/balanced-affectnet/train/non_violent/happy_02260.npy,dataset/data/pose/rwf2000/train/violent/N1Q9v-saJ_g_0.npy,1,train,violent,N1Q9v-saJ_g_0
dataset/data/processed/train/violent/N1Q9v-saJ_g_1/frame_sequence.pt,dataset/data/emotion/balanced-affectnet/train/non_violent/neutral_00821.npy,dataset/data/pose/rwf2000/train/violent/N1Q9v-saJ_g_1.npy,1,train,violent,N1Q9v-saJ_g_1
dataset/data/processed/train/violent/N1Q9v-saJ_g_2/frame_sequence.pt,dataset/data/emotion/balanced-affectnet/train/non_violent/sad_00158.npy,dataset/data/pose/rwf2000/train/violent/N1Q9v-saJ_g_2.npy,1,train,violent,N1Q9v-saJ_g_2
dataset/data/processed/train/violent/NPeKBgURcxI_0/frame_sequence.pt,dataset/data/emotion/balanced-affectnet/train/non_violent/neutral_01497.npy,dataset/data/pose/rwf2000/train/violent/NPeKBgURcxI_0.npy,1,train,violent,NPeKBgURcxI_0
dataset/data/processed/train/violent/NPeKBgURcxI_1/frame_sequence.pt,dataset/data/emotion/balanced-affectnet/train/non_violent/happy_03594.npy,dataset/data/pose/rwf2000/train/violent/NPeKBgURcxI_1.npy,1,train,violent,NPeKBgURcxI_1
dataset/data/processed/train/violent/NPeKBgURcxI_2/frame_sequence.pt,dataset/data/emotion/balanced-affectnet/train/non_violent/happy_01801.npy,dataset/data/pose/rwf2000/train/violent/NPeKBgURcxI_2.npy,1,train,violent,NPeKBgURcxI_2
dataset/data/processed/train/violent/NpznjZe7A2M_0/frame_sequence.pt,dataset/data/emotion/balanced-affectnet/train/non_violent/neutral_00927.npy,dataset/data/pose/rwf2000/train/violent/NpznjZe7A2M_0.npy,1,train,violent,NpznjZe7A2M_0
dataset/data/processed/train/violent/NpznjZe7A2M_1/frame_sequence.pt,dataset/data/emotion/balanced-affectnet/train/non_violent/neutral_02765.npy,dataset/data/pose/rwf2000/train/violent/NpznjZe7A2M_1.npy,1,train,violent,NpznjZe7A2M_1
dataset/data/processed/train/violent/NvYo6CS_i_A_0/frame_sequence.pt,dataset/data/emotion/balanced-affectnet/train/non_violent/neutral_02548.npy,dataset/data/pose/rwf2000/train/violent/NvYo6CS_i_A_0.npy,1,train,violent,NvYo6CS_i_A_0
dataset/data/processed/train/violent/NvYo6CS_i_A_1/frame_sequence.pt,dataset/data/emotion/balanced-affectnet/train/non_violent/neutral_02210.npy,dataset/data/pose/rwf2000/train/violent/NvYo6CS_i_A_1.npy,1,train,violent,NvYo6CS_i_A_1
dataset/data/processed/train/violent/NvYo6CS_i_A_2/frame_sequence.pt,dataset/data/emotion/balanced-affectnet/train/non_violent/happy_01708.npy,dataset/data/pose/rwf2000/train/violent/NvYo6CS_i_A_2.npy,1,train,violent,NvYo6CS_i_A_2
dataset/data/processed/train/violent/NvYo6CS_i_A_3/frame_sequence.pt,dataset/data/emotion/balanced-affectnet/train/non_violent/neutral_02405.npy,dataset/data/pose/rwf2000/train/violent/NvYo6CS_i_A_3.npy,1,train,violent,NvYo6CS_i_A_3
dataset/data/processed/train/violent/NxtwlqSnLbY_1/frame_sequence.pt,dataset/data/emotion/balanced-affectnet/train/non_violent/happy_02655.npy,dataset/data/pose/rwf2000/train/violent/NxtwlqSnLbY_1.npy,1,train,violent,NxtwlqSnLbY_1
dataset/data/processed/train/violent/NxtwlqSnLbY_2/frame_sequence.pt,dataset/data/emotion/balanced-affectnet/train/non_violent/happy_03394.npy,dataset/data/pose/rwf2000/train/violent/NxtwlqSnLbY_2.npy,1,train,violent,NxtwlqSnLbY_2
dataset/data/processed/train/violent/NxtwlqSnLbY_3/frame_sequence.pt,dataset/data/emotion/balanced-affectnet/train/non_violent/neutral_02056.npy,dataset/data/pose/rwf2000/train/violent/NxtwlqSnLbY_3.npy,1,train,violent,NxtwlqSnLbY_3
dataset/data/processed/train/violent/NxtwlqSnLbY_4/frame_sequence.pt,dataset/data/emotion/balanced-affectnet/train/non_violent/neutral_01872.npy,dataset/data/pose/rwf2000/train/violent/NxtwlqSnLbY_4.npy,1,train,violent,NxtwlqSnLbY_4
dataset/data/processed/train/violent/OAfV0xPIhZw_0/frame_sequence.pt,dataset/data/emotion/balanced-affectnet/train/non_violent/happy_03180.npy,dataset/data/pose/rwf2000/train/violent/OAfV0xPIhZw_0.npy,1,train,violent,OAfV0xPIhZw_0
dataset/data/processed/train/violent/OAfV0xPIhZw_1/frame_sequence.pt,dataset/data/emotion/balanced-affectnet/train/non_violent/neutral_00074.npy,dataset/data/pose/rwf2000/train/violent/OAfV0xPIhZw_1.npy,1,train,violent,OAfV0xPIhZw_1
dataset/data/processed/train/violent/OAfV0xPIhZw_2/frame_sequence.pt,dataset/data/emotion/balanced-affectnet/train/non_violent/neutral_00742.npy,dataset/data/pose/rwf2000/train/violent/OAfV0xPIhZw_2.npy,1,train,violent,OAfV0xPIhZw_2
dataset/data/processed/train/violent/OAfV0xPIhZw_3/frame_sequence.pt,dataset/data/emotion/balanced-affectnet/train/non_violent/neutral_00189.npy,dataset/data/pose/rwf2000/train/violent/OAfV0xPIhZw_3.npy,1,train,violent,OAfV0xPIhZw_3
dataset/data/processed/train/violent/OAfV0xPIhZw_4/frame_sequence.pt,dataset/data/emotion/balanced-affectnet/train/non_violent/happy_01030.npy,dataset/data/pose/rwf2000/train/violent/OAfV0xPIhZw_4.npy,1,train,violent,OAfV0xPIhZw_4
dataset/data/processed/train/violent/OTVE3eLAuUM_0/frame_sequence.pt,dataset/data/emotion/balanced-affectnet/train/non_violent/happy_02112.npy,dataset/data/pose/rwf2000/train/violent/OTVE3eLAuUM_0.npy,1,train,violent,OTVE3eLAuUM_0
dataset/data/processed/train/violent/OTVE3eLAuUM_1/frame_sequence.pt,dataset/data/emotion/balanced-affectnet/train/non_violent/happy_01915.npy,dataset/data/pose/rwf2000/train/violent/OTVE3eLAuUM_1.npy,1,train,violent,OTVE3eLAuUM_1
dataset/data/processed/train/violent/OTVE3eLAuUM_2/frame_sequence.pt,dataset/data/emotion/balanced-affectnet/train/non_violent/happy_00541.npy,dataset/data/pose/rwf2000/train/violent/OTVE3eLAuUM_2.npy,1,train,violent,OTVE3eLAuUM_2
dataset/data/processed/train/violent/Ou8ssKOQzI0_0/frame_sequence.pt,dataset/data/emotion/balanced-affectnet/train/non_violent/happy_02882.npy,dataset/data/pose/rwf2000/train/violent/Ou8ssKOQzI0_0.npy,1,train,violent,Ou8ssKOQzI0_0
dataset/data/processed/train/violent/Ou8ssKOQzI0_1/frame_sequence.pt,dataset/data/emotion/balanced-affectnet/train/non_violent/happy_00178.npy,dataset/data/pose/rwf2000/train/violent/Ou8ssKOQzI0_1.npy,1,train,violent,Ou8ssKOQzI0_1
dataset/data/processed/train/violent/Ou8ssKOQzI0_2/frame_sequence.pt,dataset/data/emotion/balanced-affectnet/train/non_violent/neutral_01359.npy,dataset/data/pose/rwf2000/train/violent/Ou8ssKOQzI0_2.npy,1,train,violent,Ou8ssKOQzI0_2
dataset/data/processed/train/violent/PFw7SeFOD04_0/frame_sequence.pt,dataset/data/emotion/balanced-affectnet/train/non_violent/neutral_01066.npy,dataset/data/pose/rwf2000/train/violent/PFw7SeFOD04_0.npy,1,train,violent,PFw7SeFOD04_0
dataset/data/processed/train/violent/PFw7SeFOD04_1/frame_sequence.pt,dataset/data/emotion/balanced-affectnet/train/non_violent/happy_01965.npy,dataset/data/pose/rwf2000/train/violent/PFw7SeFOD04_1.npy,1,train,violent,PFw7SeFOD04_1
dataset/data/processed/train/violent/PFw7SeFOD04_2/frame_sequence.pt,dataset/data/emotion/balanced-affectnet/train/non_violent/neutral_01363.npy,dataset/data/pose/rwf2000/train/violent/PFw7SeFOD04_2.npy,1,train,violent,PFw7SeFOD04_2
dataset/data/processed/train/violent/PFw7SeFOD04_3/frame_sequence.pt,dataset/data/emotion/balanced-affectnet/train/non_violent/happy_01879.npy,dataset/data/pose/rwf2000/train/violent/PFw7SeFOD04_3.npy,1,train,violent,PFw7SeFOD04_3
dataset/data/processed/train/violent/PJDdPv2b9-s_0/frame_sequence.pt,dataset/data/emotion/balanced-affectnet/train/non_violent/happy_00062.npy,dataset/data/pose/rwf2000/train/violent/PJDdPv2b9-s_0.npy,1,train,violent,PJDdPv2b9-s_0
dataset/data/processed/train/violent/POGFN_429/frame_sequence.pt,dataset/data/emotion/balanced-affectnet/train/non_violent/happy_00605.npy,dataset/data/pose/rwf2000/train/violent/POGFN_429.npy,1,train,violent,POGFN_429
dataset/data/processed/train/violent/POGFN_430/frame_sequence.pt,dataset/data/emotion/balanced-affectnet/train/non_violent/neutral_02383.npy,dataset/data/pose/rwf2000/train/violent/POGFN_430.npy,1,train,violent,POGFN_430
dataset/data/processed/train/violent/POGFN_432/frame_sequence.pt,dataset/data/emotion/balanced-affectnet/train/non_violent/neutral_01730.npy,dataset/data/pose/rwf2000/train/violent/POGFN_432.npy,1,train,violent,POGFN_432
dataset/data/processed/train/violent/PTy2vx8Ejas_0/frame_sequence.pt,dataset/data/emotion/balanced-affectnet/train/non_violent/happy_00500.npy,dataset/data/pose/rwf2000/train/violent/PTy2vx8Ejas_0.npy,1,train,violent,PTy2vx8Ejas_0
dataset/data/processed/train/violent/PTy2vx8Ejas_1/frame_sequence.pt,dataset/data/emotion/balanced-affectnet/train/non_violent/happy_01959.npy,dataset/data/pose/rwf2000/train/violent/PTy2vx8Ejas_1.npy,1,train,violent,PTy2vx8Ejas_1
dataset/data/processed/train/violent/PTy2vx8Ejas_2/frame_sequence.pt,dataset/data/emotion/balanced-affectnet/train/non_violent/happy_00574.npy,dataset/data/pose/rwf2000/train/violent/PTy2vx8Ejas_2.npy,1,train,violent,PTy2vx8Ejas_2
dataset/data/processed/train/violent/PTy2vx8Ejas_3/frame_sequence.pt,dataset/data/emotion/balanced-affectnet/train/non_violent/happy_00270.npy,dataset/data/pose/rwf2000/train/violent/PTy2vx8Ejas_3.npy,1,train,violent,PTy2vx8Ejas_3
dataset/data/processed/train/violent/PTy2vx8Ejas_5/frame_sequence.pt,dataset/data/emotion/balanced-affectnet/train/non_violent/sad_00087.npy,dataset/data/pose/rwf2000/train/violent/PTy2vx8Ejas_5.npy,1,train,violent,PTy2vx8Ejas_5
dataset/data/processed/train/violent/Pe1uIhp4dAQ_0/frame_sequence.pt,dataset/data/emotion/balanced-affectnet/train/non_violent/happy_02826.npy,dataset/data/pose/rwf2000/train/violent/Pe1uIhp4dAQ_0.npy,1,train,violent,Pe1uIhp4dAQ_0
dataset/data/processed/train/violent/Pe1uIhp4dAQ_1/frame_sequence.pt,dataset/data/emotion/balanced-affectnet/train/non_violent/happy_00608.npy,dataset/data/pose/rwf2000/train/violent/Pe1uIhp4dAQ_1.npy,1,train,violent,Pe1uIhp4dAQ_1
dataset/data/processed/train/violent/Pe1uIhp4dAQ_2/frame_sequence.pt,dataset/data/emotion/balanced-affectnet/train/non_violent/neutral_00731.npy,dataset/data/pose/rwf2000/train/violent/Pe1uIhp4dAQ_2.npy,1,train,violent,Pe1uIhp4dAQ_2
dataset/data/processed/train/violent/Pe1uIhp4dAQ_3/frame_sequence.pt,dataset/data/emotion/balanced-affectnet/train/non_violent/happy_02040.npy,dataset/data/pose/rwf2000/train/violent/Pe1uIhp4dAQ_3.npy,1,train,violent,Pe1uIhp4dAQ_3
dataset/data/processed/train/violent/Pe1uIhp4dAQ_4/frame_sequence.pt,dataset/data/emotion/balanced-affectnet/train/non_violent/happy_02391.npy,dataset/data/pose/rwf2000/train/violent/Pe1uIhp4dAQ_4.npy,1,train,violent,Pe1uIhp4dAQ_4
dataset/data/processed/train/violent/PlHzsigAFas_0/frame_sequence.pt,dataset/data/emotion/balanced-affectnet/train/non_violent/neutral_02064.npy,dataset/data/pose/rwf2000/train/violent/PlHzsigAFas_0.npy,1,train,violent,PlHzsigAFas_0
dataset/data/processed/train/violent/PlHzsigAFas_1/frame_sequence.pt,dataset/data/emotion/balanced-affectnet/train/non_violent/neutral_00492.npy,dataset/data/pose/rwf2000/train/violent/PlHzsigAFas_1.npy,1,train,violent,PlHzsigAFas_1
dataset/data/processed/train/violent/PlHzsigAFas_10/frame_sequence.pt,dataset/data/emotion/balanced-affectnet/train/non_violent/happy_01835.npy,dataset/data/pose/rwf2000/train/violent/PlHzsigAFas_10.npy,1,train,violent,PlHzsigAFas_10
dataset/data/processed/train/violent/PlHzsigAFas_11/frame_sequence.pt,dataset/data/emotion/balanced-affectnet/train/non_violent/neutral_00956.npy,dataset/data/pose/rwf2000/train/violent/PlHzsigAFas_11.npy,1,train,violent,PlHzsigAFas_11
dataset/data/processed/train/violent/PlHzsigAFas_2/frame_sequence.pt,dataset/data/emotion/balanced-affectnet/train/non_violent/happy_01134.npy,dataset/data/pose/rwf2000/train/violent/PlHzsigAFas_2.npy,1,train,violent,PlHzsigAFas_2
dataset/data/processed/train/violent/PlHzsigAFas_3/frame_sequence.pt,dataset/data/emotion/balanced-affectnet/train/non_violent/neutral_02534.npy,dataset/data/pose/rwf2000/train/violent/PlHzsigAFas_3.npy,1,train,violent,PlHzsigAFas_3
dataset/data/processed/train/violent/PlHzsigAFas_4/frame_sequence.pt,dataset/data/emotion/balanced-affectnet/train/non_violent/sad_00293.npy,dataset/data/pose/rwf2000/train/violent/PlHzsigAFas_4.npy,1,train,violent,PlHzsigAFas_4
dataset/data/processed/train/violent/PlHzsigAFas_5/frame_sequence.pt,dataset/data/emotion/balanced-affectnet/train/non_violent/neutral_01229.npy,dataset/data/pose/rwf2000/train/violent/PlHzsigAFas_5.npy,1,train,violent,PlHzsigAFas_5
dataset/data/processed/train/violent/PlHzsigAFas_7/frame_sequence.pt,dataset/data/emotion/balanced-affectnet/train/non_violent/neutral_01275.npy,dataset/data/pose/rwf2000/train/violent/PlHzsigAFas_7.npy,1,train,violent,PlHzsigAFas_7
dataset/data/processed/train/violent/PlHzsigAFas_8/frame_sequence.pt,dataset/data/emotion/balanced-affectnet/train/non_violent/neutral_00387.npy,dataset/data/pose/rwf2000/train/violent/PlHzsigAFas_8.npy,1,train,violent,PlHzsigAFas_8
dataset/data/processed/train/violent/PlHzsigAFas_9/frame_sequence.pt,dataset/data/emotion/balanced-affectnet/train/non_violent/happy_02087.npy,dataset/data/pose/rwf2000/train/violent/PlHzsigAFas_9.npy,1,train,violent,PlHzsigAFas_9
dataset/data/processed/train/violent/Q1ycSrzoM2c_1/frame_sequence.pt,dataset/data/emotion/balanced-affectnet/train/non_violent/neutral_03064.npy,dataset/data/pose/rwf2000/train/violent/Q1ycSrzoM2c_1.npy,1,train,violent,Q1ycSrzoM2c_1
dataset/data/processed/train/violent/Q1ycSrzoM2c_2/frame_sequence.pt,dataset/data/emotion/balanced-affectnet/train/non_violent/neutral_00391.npy,dataset/data/pose/rwf2000/train/violent/Q1ycSrzoM2c_2.npy,1,train,violent,Q1ycSrzoM2c_2
dataset/data/processed/train/violent/QUGT4a6qcJs_0/frame_sequence.pt,dataset/data/emotion/balanced-affectnet/train/non_violent/neutral_03257.npy,dataset/data/pose/rwf2000/train/violent/QUGT4a6qcJs_0.npy,1,train,violent,QUGT4a6qcJs_0
dataset/data/processed/train/violent/QUGT4a6qcJs_1/frame_sequence.pt,dataset/data/emotion/balanced-affectnet/train/non_violent/happy_03486.npy,dataset/data/pose/rwf2000/train/violent/QUGT4a6qcJs_1.npy,1,train,violent,QUGT4a6qcJs_1
dataset/data/processed/train/violent/QUGT4a6qcJs_2/frame_sequence.pt,dataset/data/emotion/balanced-affectnet/train/non_violent/happy_01628.npy,dataset/data/pose/rwf2000/train/violent/QUGT4a6qcJs_2.npy,1,train,violent,QUGT4a6qcJs_2
dataset/data/processed/train/violent/QaIY5Au8yOc_0/frame_sequence.pt,dataset/data/emotion/balanced-affectnet/train/non_violent/happy_00810.npy,dataset/data/pose/rwf2000/train/violent/QaIY5Au8yOc_0.npy,1,train,violent,QaIY5Au8yOc_0
dataset/data/processed/train/violent/QaIY5Au8yOc_1/frame_sequence.pt,dataset/data/emotion/balanced-affectnet/train/non_violent/happy_00833.npy,dataset/data/pose/rwf2000/train/violent/QaIY5Au8yOc_1.npy,1,train,violent,QaIY5Au8yOc_1
dataset/data/processed/train/violent/QaIY5Au8yOc_2/frame_sequence.pt,dataset/data/emotion/balanced-affectnet/train/non_violent/neutral_01991.npy,dataset/data/pose/rwf2000/train/violent/QaIY5Au8yOc_2.npy,1,train,violent,QaIY5Au8yOc_2
dataset/data/processed/train/violent/QkqaGJ9x_0/frame_sequence.pt,dataset/data/emotion/balanced-affectnet/train/non_violent/neutral_00041.npy,dataset/data/pose/rwf2000/train/violent/QkqaGJ9x_0.npy,1,train,violent,QkqaGJ9x_0
dataset/data/processed/train/violent/QkqaGJ9x_1/frame_sequence.pt,dataset/data/emotion/balanced-affectnet/train/non_violent/happy_03040.npy,dataset/data/pose/rwf2000/train/violent/QkqaGJ9x_1.npy,1,train,violent,QkqaGJ9x_1
dataset/data/processed/train/violent/QkqaGJ9x_2/frame_sequence.pt,dataset/data/emotion/balanced-affectnet/train/non_violent/happy_03629.npy,dataset/data/pose/rwf2000/train/violent/QkqaGJ9x_2.npy,1,train,violent,QkqaGJ9x_2
dataset/data/processed/train/violent/QkqaGJ9x_3/frame_sequence.pt,dataset/data/emotion/balanced-affectnet/train/non_violent/happy_03524.npy,dataset/data/pose/rwf2000/train/violent/QkqaGJ9x_3.npy,1,train,violent,QkqaGJ9x_3
dataset/data/processed/train/violent/R1A_AxUKosk_0/frame_sequence.pt,dataset/data/emotion/balanced-affectnet/train/non_violent/neutral_00348.npy,dataset/data/pose/rwf2000/train/violent/R1A_AxUKosk_0.npy,1,train,violent,R1A_AxUKosk_0
dataset/data/processed/train/violent/R1A_AxUKosk_1/frame_sequence.pt,dataset/data/emotion/balanced-affectnet/train/non_violent/sad_00153.npy,dataset/data/pose/rwf2000/train/violent/R1A_AxUKosk_1.npy,1,train,violent,R1A_AxUKosk_1
dataset/data/processed/train/violent/R1A_AxUKosk_2/frame_sequence.pt,dataset/data/emotion/balanced-affectnet/train/non_violent/neutral_02600.npy,dataset/data/pose/rwf2000/train/violent/R1A_AxUKosk_2.npy,1,train,violent,R1A_AxUKosk_2
dataset/data/processed/train/violent/R1A_AxUKosk_3/frame_sequence.pt,dataset/data/emotion/balanced-affectnet/train/non_violent/happy_00460.npy,dataset/data/pose/rwf2000/train/violent/R1A_AxUKosk_3.npy,1,train,violent,R1A_AxUKosk_3
dataset/data/processed/train/violent/R1A_AxUKosk_4/frame_sequence.pt,dataset/data/emotion/balanced-affectnet/train/non_violent/neutral_02126.npy,dataset/data/pose/rwf2000/train/violent/R1A_AxUKosk_4.npy,1,train,violent,R1A_AxUKosk_4
dataset/data/processed/train/violent/RGIpCpdlzI8_0/frame_sequence.pt,dataset/data/emotion/balanced-affectnet/train/non_violent/neutral_01952.npy,dataset/data/pose/rwf2000/train/violent/RGIpCpdlzI8_0.npy,1,train,violent,RGIpCpdlzI8_0
dataset/data/processed/train/violent/ROiHwksPSrg_0/frame_sequence.pt,dataset/data/emotion/balanced-affectnet/train/non_violent/neutral_01889.npy,dataset/data/pose/rwf2000/train/violent/ROiHwksPSrg_0.npy,1,train,violent,ROiHwksPSrg_0
dataset/data/processed/train/violent/RTCFGASH_573/frame_sequence.pt,dataset/data/emotion/balanced-affectnet/train/non_violent/happy_00850.npy,dataset/data/pose/rwf2000/train/violent/RTCFGASH_573.npy,1,train,violent,RTCFGASH_573
dataset/data/processed/train/violent/RTCFGASH_579/frame_sequence.pt,dataset/data/emotion/balanced-affectnet/train/non_violent/happy_00517.npy,dataset/data/pose/rwf2000/train/violent/RTCFGASH_579.npy,1,train,violent,RTCFGASH_579
dataset/data/processed/train/violent/RTDSFDSA_673/frame_sequence.pt,dataset/data/emotion/balanced-affectnet/train/non_violent/happy_03455.npy,dataset/data/pose/rwf2000/train/violent/RTDSFDSA_673.npy,1,train,violent,RTDSFDSA_673
dataset/data/processed/train/violent/RTDSFDSA_674/frame_sequence.pt,dataset/data/emotion/balanced-affectnet/train/non_violent/neutral_02602.npy,dataset/data/pose/rwf2000/train/violent/RTDSFDSA_674.npy,1,train,violent,RTDSFDSA_674
dataset/data/processed/train/violent/RTDSFDSA_675/frame_sequence.pt,dataset/data/emotion/balanced-affectnet/train/non_violent/happy_02915.npy,dataset/data/pose/rwf2000/train/violent/RTDSFDSA_675.npy,1,train,violent,RTDSFDSA_675
dataset/data/processed/train/violent/RTDSFDSA_676/frame_sequence.pt,dataset/data/emotion/balanced-affectnet/train/non_violent/neutral_03220.npy,dataset/data/pose/rwf2000/train/violent/RTDSFDSA_676.npy,1,train,violent,RTDSFDSA_676
dataset/data/processed/train/violent/RTDSFDSA_677/frame_sequence.pt,dataset/data/emotion/balanced-affectnet/train/non_violent/sad_00146.npy,dataset/data/pose/rwf2000/train/violent/RTDSFDSA_677.npy,1,train,violent,RTDSFDSA_677
dataset/data/processed/train/violent/RYFG_774/frame_sequence.pt,dataset/data/emotion/balanced-affectnet/train/non_violent/happy_00945.npy,dataset/data/pose/rwf2000/train/violent/RYFG_774.npy,1,train,violent,RYFG_774
dataset/data/processed/train/violent/RYFG_775/frame_sequence.pt,dataset/data/emotion/balanced-affectnet/train/non_violent/happy_02143.npy,dataset/data/pose/rwf2000/train/violent/RYFG_775.npy,1,train,violent,RYFG_775
dataset/data/processed/train/violent/RYFG_776/frame_sequence.pt,dataset/data/emotion/balanced-affectnet/train/non_violent/happy_01646.npy,dataset/data/pose/rwf2000/train/violent/RYFG_776.npy,1,train,violent,RYFG_776
dataset/data/processed/train/violent/RYFG_777/frame_sequence.pt,dataset/data/emotion/balanced-affectnet/train/non_violent/happy_01634.npy,dataset/data/pose/rwf2000/train/violent/RYFG_777.npy,1,train,violent,RYFG_777
dataset/data/processed/train/violent/RYFG_778/frame_sequence.pt,dataset/data/emotion/balanced-affectnet/train/non_violent/neutral_00954.npy,dataset/data/pose/rwf2000/train/violent/RYFG_778.npy,1,train,violent,RYFG_778
dataset/data/processed/train/violent/RYFG_779/frame_sequence.pt,dataset/data/emotion/balanced-affectnet/train/non_violent/neutral_00206.npy,dataset/data/pose/rwf2000/train/violent/RYFG_779.npy,1,train,violent,RYFG_779
dataset/data/processed/train/violent/RYFG_781/frame_sequence.pt,dataset/data/emotion/balanced-affectnet/train/non_violent/happy_01210.npy,dataset/data/pose/rwf2000/train/violent/RYFG_781.npy,1,train,violent,RYFG_781
dataset/data/processed/train/violent/Ri_poPbOu-k_0/frame_sequence.pt,dataset/data/emotion/balanced-affectnet/train/non_violent/happy_03627.npy,dataset/data/pose/rwf2000/train/violent/Ri_poPbOu-k_0.npy,1,train,violent,Ri_poPbOu-k_0
dataset/data/processed/train/violent/Ri_poPbOu-k_1/frame_sequence.pt,dataset/data/emotion/balanced-affectnet/train/non_violent/happy_01578.npy,dataset/data/pose/rwf2000/train/violent/Ri_poPbOu-k_1.npy,1,train,violent,Ri_poPbOu-k_1
dataset/data/processed/train/violent/Ri_poPbOu-k_2/frame_sequence.pt,dataset/data/emotion/balanced-affectnet/train/non_violent/happy_02408.npy,dataset/data/pose/rwf2000/train/violent/Ri_poPbOu-k_2.npy,1,train,violent,Ri_poPbOu-k_2
dataset/data/processed/train/violent/SCnBiAteLVI_0/frame_sequence.pt,dataset/data/emotion/balanced-affectnet/train/non_violent/neutral_00326.npy,dataset/data/pose/rwf2000/train/violent/SCnBiAteLVI_0.npy,1,train,violent,SCnBiAteLVI_0
dataset/data/processed/train/violent/SCnBiAteLVI_1/frame_sequence.pt,dataset/data/emotion/balanced-affectnet/train/non_violent/happy_02158.npy,dataset/data/pose/rwf2000/train/violent/SCnBiAteLVI_1.npy,1,train,violent,SCnBiAteLVI_1
dataset/data/processed/train/violent/SGntTioECg4_997/frame_sequence.pt,dataset/data/emotion/balanced-affectnet/train/non_violent/sad_00270.npy,dataset/data/pose/rwf2000/train/violent/SGntTioECg4_997.npy,1,train,violent,SGntTioECg4_997
dataset/data/processed/train/violent/SGntTioECg4_999/frame_sequence.pt,dataset/data/emotion/balanced-affectnet/train/non_violent/happy_00648.npy,dataset/data/pose/rwf2000/train/violent/SGntTioECg4_999.npy,1,train,violent,SGntTioECg4_999
dataset/data/processed/train/violent/SNGRni0hBUM_0/frame_sequence.pt,dataset/data/emotion/balanced-affectnet/train/non_violent/neutral_00163.npy,dataset/data/pose/rwf2000/train/violent/SNGRni0hBUM_0.npy,1,train,violent,SNGRni0hBUM_0
dataset/data/processed/train/violent/SXd2yu2LHv0_0/frame_sequence.pt,dataset/data/emotion/balanced-affectnet/train/non_violent/neutral_03299.npy,dataset/data/pose/rwf2000/train/violent/SXd2yu2LHv0_0.npy,1,train,violent,SXd2yu2LHv0_0
dataset/data/processed/train/violent/SXd2yu2LHv0_1/frame_sequence.pt,dataset/data/emotion/balanced-affectnet/train/non_violent/sad_00162.npy,dataset/data/pose/rwf2000/train/violent/SXd2yu2LHv0_1.npy,1,train,violent,SXd2yu2LHv0_1
dataset/data/processed/train/violent/SXd2yu2LHv0_2/frame_sequence.pt,dataset/data/emotion/balanced-affectnet/train/non_violent/sad_00113.npy,dataset/data/pose/rwf2000/train/violent/SXd2yu2LHv0_2.npy,1,train,violent,SXd2yu2LHv0_2
dataset/data/processed/train/violent/SjJEt0drQZs_0/frame_sequence.pt,dataset/data/emotion/balanced-affectnet/train/non_violent/neutral_01087.npy,dataset/data/pose/rwf2000/train/violent/SjJEt0drQZs_0.npy,1,train,violent,SjJEt0drQZs_0
dataset/data/processed/train/violent/SmBrtaGJ_0/frame_sequence.pt,dataset/data/emotion/balanced-affectnet/train/non_violent/happy_00848.npy,dataset/data/pose/rwf2000/train/violent/SmBrtaGJ_0.npy,1,train,violent,SmBrtaGJ_0
dataset/data/processed/train/violent/SmBrtaGJ_1/frame_sequence.pt,dataset/data/emotion/balanced-affectnet/train/non_violent/happy_00431.npy,dataset/data/pose/rwf2000/train/violent/SmBrtaGJ_1.npy,1,train,violent,SmBrtaGJ_1
dataset/data/processed/train/violent/Suv_mMs8J9g_0/frame_sequence.pt,dataset/data/emotion/balanced-affectnet/train/non_violent/neutral_01964.npy,dataset/data/pose/rwf2000/train/violent/Suv_mMs8J9g_0.npy,1,train,violent,Suv_mMs8J9g_0
dataset/data/processed/train/violent/T56HlypCEyU_0/frame_sequence.pt,dataset/data/emotion/balanced-affectnet/train/non_violent/neutral_01005.npy,dataset/data/pose/rwf2000/train/violent/T56HlypCEyU_0.npy,1,train,violent,T56HlypCEyU_0
dataset/data/processed/train/violent/T56HlypCEyU_1/frame_sequence.pt,dataset/data/emotion/balanced-affectnet/train/non_violent/neutral_03542.npy,dataset/data/pose/rwf2000/train/violent/T56HlypCEyU_1.npy,1,train,violent,T56HlypCEyU_1
dataset/data/processed/train/violent/T56HlypCEyU_2/frame_sequence.pt,dataset/data/emotion/balanced-affectnet/train/non_violent/happy_00126.npy,dataset/data/pose/rwf2000/train/violent/T56HlypCEyU_2.npy,1,train,violent,T56HlypCEyU_2
dataset/data/processed/train/violent/TJfoIe801t8_0/frame_sequence.pt,dataset/data/emotion/balanced-affectnet/train/non_violent/happy_00807.npy,dataset/data/pose/rwf2000/train/violent/TJfoIe801t8_0.npy,1,train,violent,TJfoIe801t8_0
dataset/data/processed/train/violent/TKBcD3J9Cc8_0/frame_sequence.pt,dataset/data/emotion/balanced-affectnet/train/non_violent/neutral_02846.npy,dataset/data/pose/rwf2000/train/violent/TKBcD3J9Cc8_0.npy,1,train,violent,TKBcD3J9Cc8_0
dataset/data/processed/train/violent/TKBcD3J9Cc8_1/frame_sequence.pt,dataset/data/emotion/balanced-affectnet/train/non_violent/sad_00057.npy,dataset/data/pose/rwf2000/train/violent/TKBcD3J9Cc8_1.npy,1,train,violent,TKBcD3J9Cc8_1
dataset/data/processed/train/violent/TKBcD3J9Cc8_2/frame_sequence.pt,dataset/data/emotion/balanced-affectnet/train/non_violent/happy_02048.npy,dataset/data/pose/rwf2000/train/violent/TKBcD3J9Cc8_2.npy,1,train,violent,TKBcD3J9Cc8_2
dataset/data/processed/train/violent/ThiaJUQ8_1/frame_sequence.pt,dataset/data/emotion/balanced-affectnet/train/non_violent/happy_01441.npy,dataset/data/pose/rwf2000/train/violent/ThiaJUQ8_1.npy,1,train,violent,ThiaJUQ8_1
dataset/data/processed/train/violent/ThiaJUQ8_2/frame_sequence.pt,dataset/data/emotion/balanced-affectnet/train/non_violent/happy_03506.npy,dataset/data/pose/rwf2000/train/violent/ThiaJUQ8_2.npy,1,train,violent,ThiaJUQ8_2
dataset/data/processed/train/violent/ThiaJUQ8_3/frame_sequence.pt,dataset/data/emotion/balanced-affectnet/train/non_violent/neutral_00536.npy,dataset/data/pose/rwf2000/train/violent/ThiaJUQ8_3.npy,1,train,violent,ThiaJUQ8_3
dataset/data/processed/train/violent/TuWan04E3gQ_0/frame_sequence.pt,dataset/data/emotion/balanced-affectnet/train/non_violent/neutral_00499.npy,dataset/data/pose/rwf2000/train/violent/TuWan04E3gQ_0.npy,1,train,violent,TuWan04E3gQ_0
dataset/data/processed/train/violent/TuWan04E3gQ_1/frame_sequence.pt,dataset/data/emotion/balanced-affectnet/train/non_violent/happy_01851.npy,dataset/data/pose/rwf2000/train/violent/TuWan04E3gQ_1.npy,1,train,violent,TuWan04E3gQ_1
dataset/data/processed/train/violent/U-rD98WfBYs_0/frame_sequence.pt,dataset/data/emotion/balanced-affectnet/train/non_violent/sad_00210.npy,dataset/data/pose/rwf2000/train/violent/U-rD98WfBYs_0.npy,1,train,violent,U-rD98WfBYs_0
dataset/data/processed/train/violent/UvLAudRA91Y_0/frame_sequence.pt,dataset/data/emotion/balanced-affectnet/train/non_violent/happy_03460.npy,dataset/data/pose/rwf2000/train/violent/UvLAudRA91Y_0.npy,1,train,violent,UvLAudRA91Y_0
dataset/data/processed/train/violent/UvLAudRA91Y_1/frame_sequence.pt,dataset/data/emotion/balanced-affectnet/train/non_violent/happy_00503.npy,dataset/data/pose/rwf2000/train/violent/UvLAudRA91Y_1.npy,1,train,violent,UvLAudRA91Y_1
dataset/data/processed/train/violent/V726w0IKCp4_0/frame_sequence.pt,dataset/data/emotion/balanced-affectnet/train/non_violent/happy_01428.npy,dataset/data/pose/rwf2000/train/violent/V726w0IKCp4_0.npy,1,train,violent,V726w0IKCp4_0
dataset/data/processed/train/violent/V726w0IKCp4_1/frame_sequence.pt,dataset/data/emotion/balanced-affectnet/train/non_violent/happy_03275.npy,dataset/data/pose/rwf2000/train/violent/V726w0IKCp4_1.npy,1,train,violent,V726w0IKCp4_1
dataset/data/processed/train/violent/V726w0IKCp4_2/frame_sequence.pt,dataset/data/emotion/balanced-affectnet/train/non_violent/happy_00019.npy,dataset/data/pose/rwf2000/train/violent/V726w0IKCp4_2.npy,1,train,violent,V726w0IKCp4_2
dataset/data/processed/train/violent/V726w0IKCp4_3/frame_sequence.pt,dataset/data/emotion/balanced-affectnet/train/non_violent/happy_03374.npy,dataset/data/pose/rwf2000/train/violent/V726w0IKCp4_3.npy,1,train,violent,V726w0IKCp4_3
dataset/data/processed/train/violent/VYWWsld6ibI_0/frame_sequence.pt,dataset/data/emotion/balanced-affectnet/train/non_violent/happy_02308.npy,dataset/data/pose/rwf2000/train/violent/VYWWsld6ibI_0.npy,1,train,violent,VYWWsld6ibI_0
dataset/data/processed/train/violent/VbwTMJroTbI_0/frame_sequence.pt,dataset/data/emotion/balanced-affectnet/train/non_violent/neutral_03117.npy,dataset/data/pose/rwf2000/train/violent/VbwTMJroTbI_0.npy,1,train,violent,VbwTMJroTbI_0
dataset/data/processed/train/violent/Vd27cYFthms_0/frame_sequence.pt,dataset/data/emotion/balanced-affectnet/train/non_violent/neutral_03126.npy,dataset/data/pose/rwf2000/train/violent/Vd27cYFthms_0.npy,1,train,violent,Vd27cYFthms_0
dataset/data/processed/train/violent/VfDyc4ORBSI_0/frame_sequence.pt,dataset/data/emotion/balanced-affectnet/train/non_violent/neutral_00281.npy,dataset/data/pose/rwf2000/train/violent/VfDyc4ORBSI_0.npy,1,train,violent,VfDyc4ORBSI_0
dataset/data/processed/train/violent/VfDyc4ORBSI_1/frame_sequence.pt,dataset/data/emotion/balanced-affectnet/train/non_violent/happy_02479.npy,dataset/data/pose/rwf2000/train/violent/VfDyc4ORBSI_1.npy,1,train,violent,VfDyc4ORBSI_1
dataset/data/processed/train/violent/Wby1vUy8aYI_0/frame_sequence.pt,dataset/data/emotion/balanced-affectnet/train/non_violent/neutral_00008.npy,dataset/data/pose/rwf2000/train/violent/Wby1vUy8aYI_0.npy,1,train,violent,Wby1vUy8aYI_0
dataset/data/processed/train/violent/Wby1vUy8aYI_1/frame_sequence.pt,dataset/data/emotion/balanced-affectnet/train/non_violent/neutral_02365.npy,dataset/data/pose/rwf2000/train/violent/Wby1vUy8aYI_1.npy,1,train,violent,Wby1vUy8aYI_1
dataset/data/processed/train/violent/Wby1vUy8aYI_2/frame_sequence.pt,dataset/data/emotion/balanced-affectnet/train/non_violent/neutral_02663.npy,dataset/data/pose/rwf2000/train/violent/Wby1vUy8aYI_2.npy,1,train,violent,Wby1vUy8aYI_2
dataset/data/processed/train/violent/X6V5o-uCYF4_0/frame_sequence.pt,dataset/data/emotion/balanced-affectnet/train/non_violent/neutral_03116.npy,dataset/data/pose/rwf2000/train/violent/X6V5o-uCYF4_0.npy,1,train,violent,X6V5o-uCYF4_0
dataset/data/processed/train/violent/X6V5o-uCYF4_1/frame_sequence.pt,dataset/data/emotion/balanced-affectnet/train/non_violent/neutral_01155.npy,dataset/data/pose/rwf2000/train/violent/X6V5o-uCYF4_1.npy,1,train,violent,X6V5o-uCYF4_1
dataset/data/processed/train/violent/X6V5o-uCYF4_2/frame_sequence.pt,dataset/data/emotion/balanced-affectnet/train/non_violent/neutral_02072.npy,dataset/data/pose/rwf2000/train/violent/X6V5o-uCYF4_2.npy,1,train,violent,X6V5o-uCYF4_2
dataset/data/processed/train/violent/X6V5o-uCYF4_3/frame_sequence.pt,dataset/data/emotion/balanced-affectnet/train/non_violent/neutral_02560.npy,dataset/data/pose/rwf2000/train/violent/X6V5o-uCYF4_3.npy,1,train,violent,X6V5o-uCYF4_3
dataset/data/processed/train/violent/X6V5o-uCYF4_4/frame_sequence.pt,dataset/data/emotion/balanced-affectnet/train/non_violent/neutral_00557.npy,dataset/data/pose/rwf2000/train/violent/X6V5o-uCYF4_4.npy,1,train,violent,X6V5o-uCYF4_4
dataset/data/processed/train/violent/XRC_6WgxusI_0/frame_sequence.pt,dataset/data/emotion/balanced-affectnet/train/non_violent/happy_01343.npy,dataset/data/pose/rwf2000/train/violent/XRC_6WgxusI_0.npy,1,train,violent,XRC_6WgxusI_0
dataset/data/processed/train/violent/Xh6FNqKDMak_0/frame_sequence.pt,dataset/data/emotion/balanced-affectnet/train/non_violent/happy_01645.npy,dataset/data/pose/rwf2000/train/violent/Xh6FNqKDMak_0.npy,1,train,violent,Xh6FNqKDMak_0
dataset/data/processed/train/violent/YL-qwpTMjzk_0/frame_sequence.pt,dataset/data/emotion/balanced-affectnet/train/non_violent/happy_02577.npy,dataset/data/pose/rwf2000/train/violent/YL-qwpTMjzk_0.npy,1,train,violent,YL-qwpTMjzk_0
dataset/data/processed/train/violent/YL-qwpTMjzk_1/frame_sequence.pt,dataset/data/emotion/balanced-affectnet/train/non_violent/happy_01890.npy,dataset/data/pose/rwf2000/train/violent/YL-qwpTMjzk_1.npy,1,train,violent,YL-qwpTMjzk_1
dataset/data/processed/train/violent/YL-qwpTMjzk_2/frame_sequence.pt,dataset/data/emotion/balanced-affectnet/train/non_violent/happy_00504.npy,dataset/data/pose/rwf2000/train/violent/YL-qwpTMjzk_2.npy,1,train,violent,YL-qwpTMjzk_2
dataset/data/processed/train/violent/YL-qwpTMjzk_4/frame_sequence.pt,dataset/data/emotion/balanced-affectnet/train/non_violent/neutral_01366.npy,dataset/data/pose/rwf2000/train/violent/YL-qwpTMjzk_4.npy,1,train,violent,YL-qwpTMjzk_4
dataset/data/processed/train/violent/YUOfgfuh_1/frame_sequence.pt,dataset/data/emotion/balanced-affectnet/train/non_violent/neutral_02719.npy,dataset/data/pose/rwf2000/train/violent/YUOfgfuh_1.npy,1,train,violent,YUOfgfuh_1
dataset/data/processed/train/violent/YaWxiAtCwxE_0/frame_sequence.pt,dataset/data/emotion/balanced-affectnet/train/non_violent/neutral_01045.npy,dataset/data/pose/rwf2000/train/violent/YaWxiAtCwxE_0.npy,1,train,violent,YaWxiAtCwxE_0
dataset/data/processed/train/violent/YaWxiAtCwxE_1/frame_sequence.pt,dataset/data/emotion/balanced-affectnet/train/non_violent/happy_00526.npy,dataset/data/pose/rwf2000/train/violent/YaWxiAtCwxE_1.npy,1,train,violent,YaWxiAtCwxE_1
dataset/data/processed/train/violent/YaWxiAtCwxE_2/frame_sequence.pt,dataset/data/emotion/balanced-affectnet/train/non_violent/neutral_02830.npy,dataset/data/pose/rwf2000/train/violent/YaWxiAtCwxE_2.npy,1,train,violent,YaWxiAtCwxE_2
dataset/data/processed/train/violent/YaWxiAtCwxE_3/frame_sequence.pt,dataset/data/emotion/balanced-affectnet/train/non_violent/happy_02725.npy,dataset/data/pose/rwf2000/train/violent/YaWxiAtCwxE_3.npy,1,train,violent,YaWxiAtCwxE_3
dataset/data/processed/train/violent/YaWxiAtCwxE_4/frame_sequence.pt,dataset/data/emotion/balanced-affectnet/train/non_violent/happy_00491.npy,dataset/data/pose/rwf2000/train/violent/YaWxiAtCwxE_4.npy,1,train,violent,YaWxiAtCwxE_4
dataset/data/processed/train/violent/YaWxiAtCwxE_5/frame_sequence.pt,dataset/data/emotion/balanced-affectnet/train/non_violent/happy_00429.npy,dataset/data/pose/rwf2000/train/violent/YaWxiAtCwxE_5.npy,1,train,violent,YaWxiAtCwxE_5
dataset/data/processed/train/violent/YaWxiAtCwxE_6/frame_sequence.pt,dataset/data/emotion/balanced-affectnet/train/non_violent/neutral_01415.npy,dataset/data/pose/rwf2000/train/violent/YaWxiAtCwxE_6.npy,1,train,violent,YaWxiAtCwxE_6
dataset/data/processed/train/violent/YaWxiAtCwxE_7/frame_sequence.pt,dataset/data/emotion/balanced-affectnet/train/non_violent/neutral_00479.npy,dataset/data/pose/rwf2000/train/violent/YaWxiAtCwxE_7.npy,1,train,violent,YaWxiAtCwxE_7
dataset/data/processed/train/violent/YaWxiAtCwxE_8/frame_sequence.pt,dataset/data/emotion/balanced-affectnet/train/non_violent/neutral_00705.npy,dataset/data/pose/rwf2000/train/violent/YaWxiAtCwxE_8.npy,1,train,violent,YaWxiAtCwxE_8
dataset/data/processed/train/violent/ZVPU5c95_0/frame_sequence.pt,dataset/data/emotion/balanced-affectnet/train/non_violent/sad_00139.npy,dataset/data/pose/rwf2000/train/violent/ZVPU5c95_0.npy,1,train,violent,ZVPU5c95_0
dataset/data/processed/train/violent/ZVPU5c95_1/frame_sequence.pt,dataset/data/emotion/balanced-affectnet/train/non_violent/neutral_00952.npy,dataset/data/pose/rwf2000/train/violent/ZVPU5c95_1.npy,1,train,violent,ZVPU5c95_1
dataset/data/processed/train/violent/ZnRk8nWJ548_0/frame_sequence.pt,dataset/data/emotion/balanced-affectnet/train/non_violent/happy_01373.npy,dataset/data/pose/rwf2000/train/violent/ZnRk8nWJ548_0.npy,1,train,violent,ZnRk8nWJ548_0
dataset/data/processed/train/violent/_2RYnSFPD_U_0/frame_sequence.pt,dataset/data/emotion/balanced-affectnet/train/non_violent/happy_00488.npy,dataset/data/pose/rwf2000/train/violent/_2RYnSFPD_U_0.npy,1,train,violent,_2RYnSFPD_U_0
dataset/data/processed/train/violent/_6-B11R9FJM_0/frame_sequence.pt,dataset/data/emotion/balanced-affectnet/train/non_violent/neutral_00751.npy,dataset/data/pose/rwf2000/train/violent/_6-B11R9FJM_0.npy,1,train,violent,_6-B11R9FJM_0
dataset/data/processed/train/violent/_6-B11R9FJM_1/frame_sequence.pt,dataset/data/emotion/balanced-affectnet/train/non_violent/happy_00700.npy,dataset/data/pose/rwf2000/train/violent/_6-B11R9FJM_1.npy,1,train,violent,_6-B11R9FJM_1
dataset/data/processed/train/violent/_6-B11R9FJM_2/frame_sequence.pt,dataset/data/emotion/balanced-affectnet/train/non_violent/sad_00133.npy,dataset/data/pose/rwf2000/train/violent/_6-B11R9FJM_2.npy,1,train,violent,_6-B11R9FJM_2
dataset/data/processed/train/violent/_6-B11R9FJM_3/frame_sequence.pt,dataset/data/emotion/balanced-affectnet/train/non_violent/happy_01616.npy,dataset/data/pose/rwf2000/train/violent/_6-B11R9FJM_3.npy,1,train,violent,_6-B11R9FJM_3
dataset/data/processed/train/violent/_6-B11R9FJM_4/frame_sequence.pt,dataset/data/emotion/balanced-affectnet/train/non_violent/happy_00599.npy,dataset/data/pose/rwf2000/train/violent/_6-B11R9FJM_4.npy,1,train,violent,_6-B11R9FJM_4
dataset/data/processed/train/violent/_RziL1Ds6xU_0/frame_sequence.pt,dataset/data/emotion/balanced-affectnet/train/non_violent/neutral_01517.npy,dataset/data/pose/rwf2000/train/violent/_RziL1Ds6xU_0.npy,1,train,violent,_RziL1Ds6xU_0
dataset/data/processed/train/violent/_RziL1Ds6xU_1/frame_sequence.pt,dataset/data/emotion/balanced-affectnet/train/non_violent/happy_00594.npy,dataset/data/pose/rwf2000/train/violent/_RziL1Ds6xU_1.npy,1,train,violent,_RziL1Ds6xU_1
dataset/data/processed/train/violent/_TwPzPRK7dc_0/frame_sequence.pt,dataset/data/emotion/balanced-affectnet/train/non_violent/neutral_02214.npy,dataset/data/pose/rwf2000/train/violent/_TwPzPRK7dc_0.npy,1,train,violent,_TwPzPRK7dc_0
dataset/data/processed/train/violent/_q5Nwh4Z6ao_0/frame_sequence.pt,dataset/data/emotion/balanced-affectnet/train/non_violent/sad_00235.npy,dataset/data/pose/rwf2000/train/violent/_q5Nwh4Z6ao_0.npy,1,train,violent,_q5Nwh4Z6ao_0
dataset/data/processed/train/violent/_q5Nwh4Z6ao_1/frame_sequence.pt,dataset/data/emotion/balanced-affectnet/train/non_violent/happy_02057.npy,dataset/data/pose/rwf2000/train/violent/_q5Nwh4Z6ao_1.npy,1,train,violent,_q5Nwh4Z6ao_1
dataset/data/processed/train/violent/_q5Nwh4Z6ao_10/frame_sequence.pt,dataset/data/emotion/balanced-affectnet/train/non_violent/happy_03510.npy,dataset/data/pose/rwf2000/train/violent/_q5Nwh4Z6ao_10.npy,1,train,violent,_q5Nwh4Z6ao_10
dataset/data/processed/train/violent/_q5Nwh4Z6ao_11/frame_sequence.pt,dataset/data/emotion/balanced-affectnet/train/non_violent/happy_01052.npy,dataset/data/pose/rwf2000/train/violent/_q5Nwh4Z6ao_11.npy,1,train,violent,_q5Nwh4Z6ao_11
dataset/data/processed/train/violent/_q5Nwh4Z6ao_13/frame_sequence.pt,dataset/data/emotion/balanced-affectnet/train/non_violent/neutral_01301.npy,dataset/data/pose/rwf2000/train/violent/_q5Nwh4Z6ao_13.npy,1,train,violent,_q5Nwh4Z6ao_13
dataset/data/processed/train/violent/_q5Nwh4Z6ao_14/frame_sequence.pt,dataset/data/emotion/balanced-affectnet/train/non_violent/happy_02154.npy,dataset/data/pose/rwf2000/train/violent/_q5Nwh4Z6ao_14.npy,1,train,violent,_q5Nwh4Z6ao_14
dataset/data/processed/train/violent/_q5Nwh4Z6ao_2/frame_sequence.pt,dataset/data/emotion/balanced-affectnet/train/non_violent/neutral_01385.npy,dataset/data/pose/rwf2000/train/violent/_q5Nwh4Z6ao_2.npy,1,train,violent,_q5Nwh4Z6ao_2
dataset/data/processed/train/violent/_q5Nwh4Z6ao_3/frame_sequence.pt,dataset/data/emotion/balanced-affectnet/train/non_violent/neutral_01521.npy,dataset/data/pose/rwf2000/train/violent/_q5Nwh4Z6ao_3.npy,1,train,violent,_q5Nwh4Z6ao_3
dataset/data/processed/train/violent/_q5Nwh4Z6ao_4/frame_sequence.pt,dataset/data/emotion/balanced-affectnet/train/non_violent/happy_00341.npy,dataset/data/pose/rwf2000/train/violent/_q5Nwh4Z6ao_4.npy,1,train,violent,_q5Nwh4Z6ao_4
dataset/data/processed/train/violent/_q5Nwh4Z6ao_5/frame_sequence.pt,dataset/data/emotion/balanced-affectnet/train/non_violent/neutral_01737.npy,dataset/data/pose/rwf2000/train/violent/_q5Nwh4Z6ao_5.npy,1,train,violent,_q5Nwh4Z6ao_5
dataset/data/processed/train/violent/_q5Nwh4Z6ao_6/frame_sequence.pt,dataset/data/emotion/balanced-affectnet/train/non_violent/happy_00720.npy,dataset/data/pose/rwf2000/train/violent/_q5Nwh4Z6ao_6.npy,1,train,violent,_q5Nwh4Z6ao_6
dataset/data/processed/train/violent/_q5Nwh4Z6ao_7/frame_sequence.pt,dataset/data/emotion/balanced-affectnet/train/non_violent/happy_03648.npy,dataset/data/pose/rwf2000/train/violent/_q5Nwh4Z6ao_7.npy,1,train,violent,_q5Nwh4Z6ao_7
dataset/data/processed/train/violent/_q5Nwh4Z6ao_8/frame_sequence.pt,dataset/data/emotion/balanced-affectnet/train/non_violent/neutral_02070.npy,dataset/data/pose/rwf2000/train/violent/_q5Nwh4Z6ao_8.npy,1,train,violent,_q5Nwh4Z6ao_8
dataset/data/processed/train/violent/_q5Nwh4Z6ao_9/frame_sequence.pt,dataset/data/emotion/balanced-affectnet/train/non_violent/neutral_01431.npy,dataset/data/pose/rwf2000/train/violent/_q5Nwh4Z6ao_9.npy,1,train,violent,_q5Nwh4Z6ao_9
dataset/data/processed/train/violent/a2qLzOu_n0s_0/frame_sequence.pt,dataset/data/emotion/balanced-affectnet/train/non_violent/neutral_01267.npy,dataset/data/pose/rwf2000/train/violent/a2qLzOu_n0s_0.npy,1,train,violent,a2qLzOu_n0s_0
dataset/data/processed/train/violent/a2qLzOu_n0s_1/frame_sequence.pt,dataset/data/emotion/balanced-affectnet/train/non_violent/neutral_00895.npy,dataset/data/pose/rwf2000/train/violent/a2qLzOu_n0s_1.npy,1,train,violent,a2qLzOu_n0s_1
dataset/data/processed/train/violent/a2qLzOu_n0s_2/frame_sequence.pt,dataset/data/emotion/balanced-affectnet/train/non_violent/happy_02762.npy,dataset/data/pose/rwf2000/train/violent/a2qLzOu_n0s_2.npy,1,train,violent,a2qLzOu_n0s_2
dataset/data/processed/train/violent/a2qLzOu_n0s_3/frame_sequence.pt,dataset/data/emotion/balanced-affectnet/train/non_violent/happy_02288.npy,dataset/data/pose/rwf2000/train/violent/a2qLzOu_n0s_3.npy,1,train,violent,a2qLzOu_n0s_3
dataset/data/processed/train/violent/a2qLzOu_n0s_4/frame_sequence.pt,dataset/data/emotion/balanced-affectnet/train/non_violent/happy_01784.npy,dataset/data/pose/rwf2000/train/violent/a2qLzOu_n0s_4.npy,1,train,violent,a2qLzOu_n0s_4
dataset/data/processed/train/violent/a7D2i0HTXGM_0/frame_sequence.pt,dataset/data/emotion/balanced-affectnet/train/non_violent/neutral_02186.npy,dataset/data/pose/rwf2000/train/violent/a7D2i0HTXGM_0.npy,1,train,violent,a7D2i0HTXGM_0
dataset/data/processed/train/violent/a7D2i0HTXGM_1/frame_sequence.pt,dataset/data/emotion/balanced-affectnet/train/non_violent/neutral_02588.npy,dataset/data/pose/rwf2000/train/violent/a7D2i0HTXGM_1.npy,1,train,violent,a7D2i0HTXGM_1
dataset/data/processed/train/violent/a7D2i0HTXGM_2/frame_sequence.pt,dataset/data/emotion/balanced-affectnet/train/non_violent/happy_02746.npy,dataset/data/pose/rwf2000/train/violent/a7D2i0HTXGM_2.npy,1,train,violent,a7D2i0HTXGM_2
dataset/data/processed/train/violent/a7gBQaAFEtw_2/frame_sequence.pt,dataset/data/emotion/balanced-affectnet/train/non_violent/happy_02093.npy,dataset/data/pose/rwf2000/train/violent/a7gBQaAFEtw_2.npy,1,train,violent,a7gBQaAFEtw_2
dataset/data/processed/train/violent/a7gBQaAFEtw_4/frame_sequence.pt,dataset/data/emotion/balanced-affectnet/train/non_violent/happy_02334.npy,dataset/data/pose/rwf2000/train/violent/a7gBQaAFEtw_4.npy,1,train,violent,a7gBQaAFEtw_4
dataset/data/processed/train/violent/aIg9Yb0O7Hg_0/frame_sequence.pt,dataset/data/emotion/balanced-affectnet/train/non_violent/happy_03448.npy,dataset/data/pose/rwf2000/train/violent/aIg9Yb0O7Hg_0.npy,1,train,violent,aIg9Yb0O7Hg_0
dataset/data/processed/train/violent/aIg9Yb0O7Hg_1/frame_sequence.pt,dataset/data/emotion/balanced-affectnet/train/non_violent/happy_01149.npy,dataset/data/pose/rwf2000/train/violent/aIg9Yb0O7Hg_1.npy,1,train,violent,aIg9Yb0O7Hg_1
dataset/data/processed/train/violent/aIg9Yb0O7Hg_2/frame_sequence.pt,dataset/data/emotion/balanced-affectnet/train/non_violent/neutral_02208.npy,dataset/data/pose/rwf2000/train/violent/aIg9Yb0O7Hg_2.npy,1,train,violent,aIg9Yb0O7Hg_2
dataset/data/processed/train/violent/aIg9Yb0O7Hg_3/frame_sequence.pt,dataset/data/emotion/balanced-affectnet/train/non_violent/neutral_01976.npy,dataset/data/pose/rwf2000/train/violent/aIg9Yb0O7Hg_3.npy,1,train,violent,aIg9Yb0O7Hg_3
dataset/data/processed/train/violent/aIg9Yb0O7Hg_4/frame_sequence.pt,dataset/data/emotion/balanced-affectnet/train/non_violent/happy_02627.npy,dataset/data/pose/rwf2000/train/violent/aIg9Yb0O7Hg_4.npy,1,train,violent,aIg9Yb0O7Hg_4
dataset/data/processed/train/violent/aIg9Yb0O7Hg_5/frame_sequence.pt,dataset/data/emotion/balanced-affectnet/train/non_violent/neutral_00335.npy,dataset/data/pose/rwf2000/train/violent/aIg9Yb0O7Hg_5.npy,1,train,violent,aIg9Yb0O7Hg_5
dataset/data/processed/train/violent/aKK0B4kpKZA_0/frame_sequence.pt,dataset/data/emotion/balanced-affectnet/train/non_violent/happy_02769.npy,dataset/data/pose/rwf2000/train/violent/aKK0B4kpKZA_0.npy,1,train,violent,aKK0B4kpKZA_0
dataset/data/processed/train/violent/aKK0B4kpKZA_1/frame_sequence.pt,dataset/data/emotion/balanced-affectnet/train/non_violent/neutral_02911.npy,dataset/data/pose/rwf2000/train/violent/aKK0B4kpKZA_1.npy,1,train,violent,aKK0B4kpKZA_1
dataset/data/processed/train/violent/aKgSasWRJ2s_0/frame_sequence.pt,dataset/data/emotion/balanced-affectnet/train/non_violent/happy_00637.npy,dataset/data/pose/rwf2000/train/violent/aKgSasWRJ2s_0.npy,1,train,violent,aKgSasWRJ2s_0
dataset/data/processed/train/violent/aKgSasWRJ2s_1/frame_sequence.pt,dataset/data/emotion/balanced-affectnet/train/non_violent/happy_00082.npy,dataset/data/pose/rwf2000/train/violent/aKgSasWRJ2s_1.npy,1,train,violent,aKgSasWRJ2s_1
dataset/data/processed/train/violent/aKgSasWRJ2s_2/frame_sequence.pt,dataset/data/emotion/balanced-affectnet/train/non_violent/neutral_00349.npy,dataset/data/pose/rwf2000/train/violent/aKgSasWRJ2s_2.npy,1,train,violent,aKgSasWRJ2s_2
dataset/data/processed/train/violent/aKgSasWRJ2s_3/frame_sequence.pt,dataset/data/emotion/balanced-affectnet/train/non_violent/neutral_01774.npy,dataset/data/pose/rwf2000/train/violent/aKgSasWRJ2s_3.npy,1,train,violent,aKgSasWRJ2s_3
dataset/data/processed/train/violent/adg5WJ6y_1/frame_sequence.pt,dataset/data/emotion/balanced-affectnet/train/non_violent/neutral_01264.npy,dataset/data/pose/rwf2000/train/violent/adg5WJ6y_1.npy,1,train,violent,adg5WJ6y_1
dataset/data/processed/train/violent/ar5ns2zW4lY_0/frame_sequence.pt,dataset/data/emotion/balanced-affectnet/train/non_violent/happy_00884.npy,dataset/data/pose/rwf2000/train/violent/ar5ns2zW4lY_0.npy,1,train,violent,ar5ns2zW4lY_0
dataset/data/processed/train/violent/ar5ns2zW4lY_1/frame_sequence.pt,dataset/data/emotion/balanced-affectnet/train/non_violent/happy_00645.npy,dataset/data/pose/rwf2000/train/violent/ar5ns2zW4lY_1.npy,1,train,violent,ar5ns2zW4lY_1
dataset/data/processed/train/violent/as4zD6d86q0_0/frame_sequence.pt,dataset/data/emotion/balanced-affectnet/train/non_violent/neutral_01047.npy,dataset/data/pose/rwf2000/train/violent/as4zD6d86q0_0.npy,1,train,violent,as4zD6d86q0_0
dataset/data/processed/train/violent/as4zD6d86q0_1/frame_sequence.pt,dataset/data/emotion/balanced-affectnet/train/non_violent/happy_01871.npy,dataset/data/pose/rwf2000/train/violent/as4zD6d86q0_1.npy,1,train,violent,as4zD6d86q0_1
dataset/data/processed/train/violent/as4zD6d86q0_2/frame_sequence.pt,dataset/data/emotion/balanced-affectnet/train/non_violent/neutral_00764.npy,dataset/data/pose/rwf2000/train/violent/as4zD6d86q0_2.npy,1,train,violent,as4zD6d86q0_2
dataset/data/processed/train/violent/asdasda_107/frame_sequence.pt,dataset/data/emotion/balanced-affectnet/train/non_violent/happy_02338.npy,dataset/data/pose/rwf2000/train/violent/asdasda_107.npy,1,train,violent,asdasda_107
dataset/data/processed/train/violent/asdasda_108/frame_sequence.pt,dataset/data/emotion/balanced-affectnet/train/non_violent/happy_01169.npy,dataset/data/pose/rwf2000/train/violent/asdasda_108.npy,1,train,violent,asdasda_108
dataset/data/processed/train/violent/asdasda_109/frame_sequence.pt,dataset/data/emotion/balanced-affectnet/train/non_violent/happy_03059.npy,dataset/data/pose/rwf2000/train/violent/asdasda_109.npy,1,train,violent,asdasda_109
dataset/data/processed/train/violent/asdasda_110/frame_sequence.pt,dataset/data/emotion/balanced-affectnet/train/non_violent/happy_00606.npy,dataset/data/pose/rwf2000/train/violent/asdasda_110.npy,1,train,violent,asdasda_110
dataset/data/processed/train/violent/asdasda_111/frame_sequence.pt,dataset/data/emotion/balanced-affectnet/train/non_violent/happy_02151.npy,dataset/data/pose/rwf2000/train/violent/asdasda_111.npy,1,train,violent,asdasda_111
dataset/data/processed/train/violent/asdasda_112/frame_sequence.pt,dataset/data/emotion/balanced-affectnet/train/non_violent/happy_03240.npy,dataset/data/pose/rwf2000/train/violent/asdasda_112.npy,1,train,violent,asdasda_112
dataset/data/processed/train/violent/asdasda_113/frame_sequence.pt,dataset/data/emotion/balanced-affectnet/train/non_violent/happy_02510.npy,dataset/data/pose/rwf2000/train/violent/asdasda_113.npy,1,train,violent,asdasda_113
dataset/data/processed/train/violent/b6XfVAZC9Zs_0/frame_sequence.pt,dataset/data/emotion/balanced-affectnet/train/non_violent/happy_01391.npy,dataset/data/pose/rwf2000/train/violent/b6XfVAZC9Zs_0.npy,1,train,violent,b6XfVAZC9Zs_0
dataset/data/processed/train/violent/b6XfVAZC9Zs_1/frame_sequence.pt,dataset/data/emotion/balanced-affectnet/train/non_violent/neutral_00186.npy,dataset/data/pose/rwf2000/train/violent/b6XfVAZC9Zs_1.npy,1,train,violent,b6XfVAZC9Zs_1
dataset/data/processed/train/violent/b6XfVAZC9Zs_2/frame_sequence.pt,dataset/data/emotion/balanced-affectnet/train/non_violent/sad_00036.npy,dataset/data/pose/rwf2000/train/violent/b6XfVAZC9Zs_2.npy,1,train,violent,b6XfVAZC9Zs_2
dataset/data/processed/train/violent/b6XfVAZC9Zs_3/frame_sequence.pt,dataset/data/emotion/balanced-affectnet/train/non_violent/neutral_01108.npy,dataset/data/pose/rwf2000/train/violent/b6XfVAZC9Zs_3.npy,1,train,violent,b6XfVAZC9Zs_3
dataset/data/processed/train/violent/b6XfVAZC9Zs_4/frame_sequence.pt,dataset/data/emotion/balanced-affectnet/train/non_violent/neutral_02509.npy,dataset/data/pose/rwf2000/train/violent/b6XfVAZC9Zs_4.npy,1,train,violent,b6XfVAZC9Zs_4
dataset/data/processed/train/violent/b6XfVAZC9Zs_6/frame_sequence.pt,dataset/data/emotion/balanced-affectnet/train/non_violent/happy_02663.npy,dataset/data/pose/rwf2000/train/violent/b6XfVAZC9Zs_6.npy,1,train,violent,b6XfVAZC9Zs_6
dataset/data/processed/train/violent/b6XfVAZC9Zs_7/frame_sequence.pt,dataset/data/emotion/balanced-affectnet/train/non_violent/neutral_01707.npy,dataset/data/pose/rwf2000/train/violent/b6XfVAZC9Zs_7.npy,1,train,violent,b6XfVAZC9Zs_7
dataset/data/processed/train/violent/bd48s5BpoGY_0/frame_sequence.pt,dataset/data/emotion/balanced-affectnet/train/non_violent/neutral_03408.npy,dataset/data/pose/rwf2000/train/violent/bd48s5BpoGY_0.npy,1,train,violent,bd48s5BpoGY_0
dataset/data/processed/train/violent/bdZ7ubago6I_0/frame_sequence.pt,dataset/data/emotion/balanced-affectnet/train/non_violent/neutral_02082.npy,dataset/data/pose/rwf2000/train/violent/bdZ7ubago6I_0.npy,1,train,violent,bdZ7ubago6I_0
dataset/data/processed/train/violent/bdZ7ubago6I_1/frame_sequence.pt,dataset/data/emotion/balanced-affectnet/train/non_violent/neutral_00982.npy,dataset/data/pose/rwf2000/train/violent/bdZ7ubago6I_1.npy,1,train,violent,bdZ7ubago6I_1
dataset/data/processed/train/violent/bqZo64e6_0/frame_sequence.pt,dataset/data/emotion/balanced-affectnet/train/non_violent/happy_00070.npy,dataset/data/pose/rwf2000/train/violent/bqZo64e6_0.npy,1,train,violent,bqZo64e6_0
dataset/data/processed/train/violent/bqZo64e6_1/frame_sequence.pt,dataset/data/emotion/balanced-affectnet/train/non_violent/neutral_02206.npy,dataset/data/pose/rwf2000/train/violent/bqZo64e6_1.npy,1,train,violent,bqZo64e6_1
dataset/data/processed/train/violent/bqZo64e6_2/frame_sequence.pt,dataset/data/emotion/balanced-affectnet/train/non_violent/neutral_03498.npy,dataset/data/pose/rwf2000/train/violent/bqZo64e6_2.npy,1,train,violent,bqZo64e6_2
dataset/data/processed/train/violent/bzw-HKuuQbg_0/frame_sequence.pt,dataset/data/emotion/balanced-affectnet/train/non_violent/neutral_01210.npy,dataset/data/pose/rwf2000/train/violent/bzw-HKuuQbg_0.npy,1,train,violent,bzw-HKuuQbg_0
dataset/data/processed/train/violent/bzw-HKuuQbg_1/frame_sequence.pt,dataset/data/emotion/balanced-affectnet/train/non_violent/happy_02637.npy,dataset/data/pose/rwf2000/train/violent/bzw-HKuuQbg_1.npy,1,train,violent,bzw-HKuuQbg_1
dataset/data/processed/train/violent/bzw-HKuuQbg_2/frame_sequence.pt,dataset/data/emotion/balanced-affectnet/train/non_violent/neutral_02168.npy,dataset/data/pose/rwf2000/train/violent/bzw-HKuuQbg_2.npy,1,train,violent,bzw-HKuuQbg_2
dataset/data/processed/train/violent/bzw-HKuuQbg_3/frame_sequence.pt,dataset/data/emotion/balanced-affectnet/train/non_violent/happy_00919.npy,dataset/data/pose/rwf2000/train/violent/bzw-HKuuQbg_3.npy,1,train,violent,bzw-HKuuQbg_3
dataset/data/processed/train/violent/bzw-HKuuQbg_4/frame_sequence.pt,dataset/data/emotion/balanced-affectnet/train/non_violent/happy_01188.npy,dataset/data/pose/rwf2000/train/violent/bzw-HKuuQbg_4.npy,1,train,violent,bzw-HKuuQbg_4
dataset/data/processed/train/violent/bzw-HKuuQbg_5/frame_sequence.pt,dataset/data/emotion/balanced-affectnet/train/non_violent/happy_02340.npy,dataset/data/pose/rwf2000/train/violent/bzw-HKuuQbg_5.npy,1,train,violent,bzw-HKuuQbg_5
dataset/data/processed/train/violent/bzw-HKuuQbg_6/frame_sequence.pt,dataset/data/emotion/balanced-affectnet/train/non_violent/happy_01022.npy,dataset/data/pose/rwf2000/train/violent/bzw-HKuuQbg_6.npy,1,train,violent,bzw-HKuuQbg_6
dataset/data/processed/train/violent/cAp5A44HRS8_0/frame_sequence.pt,dataset/data/emotion/balanced-affectnet/train/non_violent/happy_00952.npy,dataset/data/pose/rwf2000/train/violent/cAp5A44HRS8_0.npy,1,train,violent,cAp5A44HRS8_0
dataset/data/processed/train/violent/cAp5A44HRS8_1/frame_sequence.pt,dataset/data/emotion/balanced-affectnet/train/non_violent/neutral_02868.npy,dataset/data/pose/rwf2000/train/violent/cAp5A44HRS8_1.npy,1,train,violent,cAp5A44HRS8_1
dataset/data/processed/train/violent/cBNVcBk3rjg_0/frame_sequence.pt,dataset/data/emotion/balanced-affectnet/train/non_violent/neutral_01205.npy,dataset/data/pose/rwf2000/train/violent/cBNVcBk3rjg_0.npy,1,train,violent,cBNVcBk3rjg_0
dataset/data/processed/train/violent/cBNVcBk3rjg_1/frame_sequence.pt,dataset/data/emotion/balanced-affectnet/train/non_violent/happy_01377.npy,dataset/data/pose/rwf2000/train/violent/cBNVcBk3rjg_1.npy,1,train,violent,cBNVcBk3rjg_1
dataset/data/processed/train/violent/cBNVcBk3rjg_2/frame_sequence.pt,dataset/data/emotion/balanced-affectnet/train/non_violent/happy_02412.npy,dataset/data/pose/rwf2000/train/violent/cBNVcBk3rjg_2.npy,1,train,violent,cBNVcBk3rjg_2
dataset/data/processed/train/violent/cBNVcBk3rjg_3/frame_sequence.pt,dataset/data/emotion/balanced-affectnet/train/non_violent/happy_02493.npy,dataset/data/pose/rwf2000/train/violent/cBNVcBk3rjg_3.npy,1,train,violent,cBNVcBk3rjg_3
dataset/data/processed/train/violent/cBNVcBk3rjg_4/frame_sequence.pt,dataset/data/emotion/balanced-affectnet/train/non_violent/neutral_01662.npy,dataset/data/pose/rwf2000/train/violent/cBNVcBk3rjg_4.npy,1,train,violent,cBNVcBk3rjg_4
dataset/data/processed/train/violent/cJvLTWGs-SE_0/frame_sequence.pt,dataset/data/emotion/balanced-affectnet/train/non_violent/happy_01859.npy,dataset/data/pose/rwf2000/train/violent/cJvLTWGs-SE_0.npy,1,train,violent,cJvLTWGs-SE_0
dataset/data/processed/train/violent/cJvLTWGs-SE_1/frame_sequence.pt,dataset/data/emotion/balanced-affectnet/train/non_violent/neutral_02656.npy,dataset/data/pose/rwf2000/train/violent/cJvLTWGs-SE_1.npy,1,train,violent,cJvLTWGs-SE_1
dataset/data/processed/train/violent/cWJ92fkhME4_0/frame_sequence.pt,dataset/data/emotion/balanced-affectnet/train/non_violent/happy_03021.npy,dataset/data/pose/rwf2000/train/violent/cWJ92fkhME4_0.npy,1,train,violent,cWJ92fkhME4_0
dataset/data/processed/train/violent/cy1gi3ZJb_c_1/frame_sequence.pt,dataset/data/emotion/balanced-affectnet/train/non_violent/happy_01793.npy,dataset/data/pose/rwf2000/train/violent/cy1gi3ZJb_c_1.npy,1,train,violent,cy1gi3ZJb_c_1
dataset/data/processed/train/violent/cy1gi3ZJb_c_2/frame_sequence.pt,dataset/data/emotion/balanced-affectnet/train/non_violent/neutral_02392.npy,dataset/data/pose/rwf2000/train/violent/cy1gi3ZJb_c_2.npy,1,train,violent,cy1gi3ZJb_c_2
dataset/data/processed/train/violent/cy1gi3ZJb_c_3/frame_sequence.pt,dataset/data/emotion/balanced-affectnet/train/non_violent/neutral_01923.npy,dataset/data/pose/rwf2000/train/violent/cy1gi3ZJb_c_3.npy,1,train,violent,cy1gi3ZJb_c_3
dataset/data/processed/train/violent/cy1gi3ZJb_c_4/frame_sequence.pt,dataset/data/emotion/balanced-affectnet/train/non_violent/sad_00244.npy,dataset/data/pose/rwf2000/train/violent/cy1gi3ZJb_c_4.npy,1,train,violent,cy1gi3ZJb_c_4
dataset/data/processed/train/violent/cy1gi3ZJb_c_5/frame_sequence.pt,dataset/data/emotion/balanced-affectnet/train/non_violent/happy_02342.npy,dataset/data/pose/rwf2000/train/violent/cy1gi3ZJb_c_5.npy,1,train,violent,cy1gi3ZJb_c_5
dataset/data/processed/train/violent/cy1gi3ZJb_c_6/frame_sequence.pt,dataset/data/emotion/balanced-affectnet/train/non_violent/neutral_00786.npy,dataset/data/pose/rwf2000/train/violent/cy1gi3ZJb_c_6.npy,1,train,violent,cy1gi3ZJb_c_6
dataset/data/processed/train/violent/dBkszzm-7mw_0/frame_sequence.pt,dataset/data/emotion/balanced-affectnet/train/non_violent/neutral_00642.npy,dataset/data/pose/rwf2000/train/violent/dBkszzm-7mw_0.npy,1,train,violent,dBkszzm-7mw_0
dataset/data/processed/train/violent/dHEI4OkhC64_0/frame_sequence.pt,dataset/data/emotion/balanced-affectnet/train/non_violent/happy_02222.npy,dataset/data/pose/rwf2000/train/violent/dHEI4OkhC64_0.npy,1,train,violent,dHEI4OkhC64_0
dataset/data/processed/train/violent/dKqbUbuRxB4_0/frame_sequence.pt,dataset/data/emotion/balanced-affectnet/train/non_violent/sad_00189.npy,dataset/data/pose/rwf2000/train/violent/dKqbUbuRxB4_0.npy,1,train,violent,dKqbUbuRxB4_0
dataset/data/processed/train/violent/dOM7frJMFbc_0/frame_sequence.pt,dataset/data/emotion/balanced-affectnet/train/non_violent/happy_00440.npy,dataset/data/pose/rwf2000/train/violent/dOM7frJMFbc_0.npy,1,train,violent,dOM7frJMFbc_0
dataset/data/processed/train/violent/dOM7frJMFbc_1/frame_sequence.pt,dataset/data/emotion/balanced-affectnet/train/non_violent/happy_00819.npy,dataset/data/pose/rwf2000/train/violent/dOM7frJMFbc_1.npy,1,train,violent,dOM7frJMFbc_1
dataset/data/processed/train/violent/dOM7frJMFbc_2/frame_sequence.pt,dataset/data/emotion/balanced-affectnet/train/non_violent/neutral_01931.npy,dataset/data/pose/rwf2000/train/violent/dOM7frJMFbc_2.npy,1,train,violent,dOM7frJMFbc_2
dataset/data/processed/train/violent/dP20avzQAf8_0/frame_sequence.pt,dataset/data/emotion/balanced-affectnet/train/non_violent/neutral_00080.npy,dataset/data/pose/rwf2000/train/violent/dP20avzQAf8_0.npy,1,train,violent,dP20avzQAf8_0
dataset/data/processed/train/violent/dP20avzQAf8_1/frame_sequence.pt,dataset/data/emotion/balanced-affectnet/train/non_violent/sad_00039.npy,dataset/data/pose/rwf2000/train/violent/dP20avzQAf8_1.npy,1,train,violent,dP20avzQAf8_1
dataset/data/processed/train/violent/dfsafsghg_325/frame_sequence.pt,dataset/data/emotion/balanced-affectnet/train/non_violent/happy_02455.npy,dataset/data/pose/rwf2000/train/violent/dfsafsghg_325.npy,1,train,violent,dfsafsghg_325
dataset/data/processed/train/violent/dfsafsghg_326/frame_sequence.pt,dataset/data/emotion/balanced-affectnet/train/non_violent/happy_00381.npy,dataset/data/pose/rwf2000/train/violent/dfsafsghg_326.npy,1,train,violent,dfsafsghg_326
dataset/data/processed/train/violent/dfsafsghg_327/frame_sequence.pt,dataset/data/emotion/balanced-affectnet/train/non_violent/happy_00033.npy,dataset/data/pose/rwf2000/train/violent/dfsafsghg_327.npy,1,train,violent,dfsafsghg_327
dataset/data/processed/train/violent/dt8YUGoOSgQ_0/frame_sequence.pt,dataset/data/emotion/balanced-affectnet/train/non_violent/happy_02950.npy,dataset/data/pose/rwf2000/train/violent/dt8YUGoOSgQ_0.npy,1,train,violent,dt8YUGoOSgQ_0
dataset/data/processed/train/violent/dt8YUGoOSgQ_1/frame_sequence.pt,dataset/data/emotion/balanced-affectnet/train/non_violent/neutral_03139.npy,dataset/data/pose/rwf2000/train/violent/dt8YUGoOSgQ_1.npy,1,train,violent,dt8YUGoOSgQ_1
dataset/data/processed/train/violent/dxzvtJ4gPC0_0/frame_sequence.pt,dataset/data/emotion/balanced-affectnet/train/non_violent/happy_01163.npy,dataset/data/pose/rwf2000/train/violent/dxzvtJ4gPC0_0.npy,1,train,violent,dxzvtJ4gPC0_0
dataset/data/processed/train/violent/dxzvtJ4gPC0_1/frame_sequence.pt,dataset/data/emotion/balanced-affectnet/train/non_violent/neutral_01963.npy,dataset/data/pose/rwf2000/train/violent/dxzvtJ4gPC0_1.npy,1,train,violent,dxzvtJ4gPC0_1
dataset/data/processed/train/violent/e4U3gEDEB58_0/frame_sequence.pt,dataset/data/emotion/balanced-affectnet/train/non_violent/happy_02328.npy,dataset/data/pose/rwf2000/train/violent/e4U3gEDEB58_0.npy,1,train,violent,e4U3gEDEB58_0
dataset/data/processed/train/violent/eifiXLWYul8_0/frame_sequence.pt,dataset/data/emotion/balanced-affectnet/train/non_violent/happy_01437.npy,dataset/data/pose/rwf2000/train/violent/eifiXLWYul8_0.npy,1,train,violent,eifiXLWYul8_0
dataset/data/processed/train/violent/erwyrhd_337/frame_sequence.pt,dataset/data/emotion/balanced-affectnet/train/non_violent/neutral_02887.npy,dataset/data/pose/rwf2000/train/violent/erwyrhd_337.npy,1,train,violent,erwyrhd_337
dataset/data/processed/train/violent/erwyrhd_338/frame_sequence.pt,dataset/data/emotion/balanced-affectnet/train/non_violent/neutral_00247.npy,dataset/data/pose/rwf2000/train/violent/erwyrhd_338.npy,1,train,violent,erwyrhd_338
dataset/data/processed/train/violent/erwyrhd_339/frame_sequence.pt,dataset/data/emotion/balanced-affectnet/train/non_violent/neutral_01215.npy,dataset/data/pose/rwf2000/train/violent/erwyrhd_339.npy,1,train,violent,erwyrhd_339
dataset/data/processed/train/violent/erwyrhd_340/frame_sequence.pt,dataset/data/emotion/balanced-affectnet/train/non_violent/neutral_02573.npy,dataset/data/pose/rwf2000/train/violent/erwyrhd_340.npy,1,train,violent,erwyrhd_340
dataset/data/processed/train/violent/f50PQz7mXds_0/frame_sequence.pt,dataset/data/emotion/balanced-affectnet/train/non_violent/neutral_00123.npy,dataset/data/pose/rwf2000/train/violent/f50PQz7mXds_0.npy,1,train,violent,f50PQz7mXds_0
dataset/data/processed/train/violent/f50PQz7mXds_1/frame_sequence.pt,dataset/data/emotion/balanced-affectnet/train/non_violent/neutral_01298.npy,dataset/data/pose/rwf2000/train/violent/f50PQz7mXds_1.npy,1,train,violent,f50PQz7mXds_1
dataset/data/processed/train/violent/fK7CSrQ6OpM_1/frame_sequence.pt,dataset/data/emotion/balanced-affectnet/train/non_violent/happy_00088.npy,dataset/data/pose/rwf2000/train/violent/fK7CSrQ6OpM_1.npy,1,train,violent,fK7CSrQ6OpM_1
dataset/data/processed/train/violent/fK7CSrQ6OpM_2/frame_sequence.pt,dataset/data/emotion/balanced-affectnet/train/non_violent/happy_00999.npy,dataset/data/pose/rwf2000/train/violent/fK7CSrQ6OpM_2.npy,1,train,violent,fK7CSrQ6OpM_2
dataset/data/processed/train/violent/fK7CSrQ6OpM_4/frame_sequence.pt,dataset/data/emotion/balanced-affectnet/train/non_violent/happy_00672.npy,dataset/data/pose/rwf2000/train/violent/fK7CSrQ6OpM_4.npy,1,train,violent,fK7CSrQ6OpM_4
dataset/data/processed/train/violent/fRYqXRRcqCs_0/frame_sequence.pt,dataset/data/emotion/balanced-affectnet/train/non_violent/neutral_02453.npy,dataset/data/pose/rwf2000/train/violent/fRYqXRRcqCs_0.npy,1,train,violent,fRYqXRRcqCs_0
dataset/data/processed/train/violent/fSE4L50n_0/frame_sequence.pt,dataset/data/emotion/balanced-affectnet/train/non_violent/happy_01326.npy,dataset/data/pose/rwf2000/train/violent/fSE4L50n_0.npy,1,train,violent,fSE4L50n_0
dataset/data/processed/train/violent/fsVC-FnnklU_0/frame_sequence.pt,dataset/data/emotion/balanced-affectnet/train/non_violent/neutral_01166.npy,dataset/data/pose/rwf2000/train/violent/fsVC-FnnklU_0.npy,1,train,violent,fsVC-FnnklU_0
dataset/data/processed/train/violent/fsVC-FnnklU_1/frame_sequence.pt,dataset/data/emotion/balanced-affectnet/train/non_violent/happy_00315.npy,dataset/data/pose/rwf2000/train/violent/fsVC-FnnklU_1.npy,1,train,violent,fsVC-FnnklU_1
dataset/data/processed/train/violent/fwEk96k8g_I_0/frame_sequence.pt,dataset/data/emotion/balanced-affectnet/train/non_violent/sad_00111.npy,dataset/data/pose/rwf2000/train/violent/fwEk96k8g_I_0.npy,1,train,violent,fwEk96k8g_I_0
dataset/data/processed/train/violent/fwEk96k8g_I_1/frame_sequence.pt,dataset/data/emotion/balanced-affectnet/train/non_violent/happy_03270.npy,dataset/data/pose/rwf2000/train/violent/fwEk96k8g_I_1.npy,1,train,violent,fwEk96k8g_I_1
dataset/data/processed/train/violent/fwEk96k8g_I_2/frame_sequence.pt,dataset/data/emotion/balanced-affectnet/train/non_violent/neutral_01499.npy,dataset/data/pose/rwf2000/train/violent/fwEk96k8g_I_2.npy,1,train,violent,fwEk96k8g_I_2
dataset/data/processed/train/violent/fwEk96k8g_I_3/frame_sequence.pt,dataset/data/emotion/balanced-affectnet/train/non_violent/neutral_01233.npy,dataset/data/pose/rwf2000/train/violent/fwEk96k8g_I_3.npy,1,train,violent,fwEk96k8g_I_3
dataset/data/processed/train/violent/gHcG_c1i4uE_0/frame_sequence.pt,dataset/data/emotion/balanced-affectnet/train/non_violent/happy_01319.npy,dataset/data/pose/rwf2000/train/violent/gHcG_c1i4uE_0.npy,1,train,violent,gHcG_c1i4uE_0
dataset/data/processed/train/violent/gJDvtfRrM7k_0/frame_sequence.pt,dataset/data/emotion/balanced-affectnet/train/non_violent/neutral_00148.npy,dataset/data/pose/rwf2000/train/violent/gJDvtfRrM7k_0.npy,1,train,violent,gJDvtfRrM7k_0
dataset/data/processed/train/violent/gJDvtfRrM7k_1/frame_sequence.pt,dataset/data/emotion/balanced-affectnet/train/non_violent/happy_01137.npy,dataset/data/pose/rwf2000/train/violent/gJDvtfRrM7k_1.npy,1,train,violent,gJDvtfRrM7k_1
dataset/data/processed/train/violent/gNIohJfdvEc_0/frame_sequence.pt,dataset/data/emotion/balanced-affectnet/train/non_violent/happy_00365.npy,dataset/data/pose/rwf2000/train/violent/gNIohJfdvEc_0.npy,1,train,violent,gNIohJfdvEc_0
dataset/data/processed/train/violent/gNIohJfdvEc_1/frame_sequence.pt,dataset/data/emotion/balanced-affectnet/train/non_violent/happy_02744.npy,dataset/data/pose/rwf2000/train/violent/gNIohJfdvEc_1.npy,1,train,violent,gNIohJfdvEc_1
dataset/data/processed/train/violent/gNIohJfdvEc_2/frame_sequence.pt,dataset/data/emotion/balanced-affectnet/train/non_violent/happy_03235.npy,dataset/data/pose/rwf2000/train/violent/gNIohJfdvEc_2.npy,1,train,violent,gNIohJfdvEc_2
dataset/data/processed/train/violent/gR4OsEPl894_0/frame_sequence.pt,dataset/data/emotion/balanced-affectnet/train/non_violent/neutral_03380.npy,dataset/data/pose/rwf2000/train/violent/gR4OsEPl894_0.npy,1,train,violent,gR4OsEPl894_0
dataset/data/processed/train/violent/gR4OsEPl894_2/frame_sequence.pt,dataset/data/emotion/balanced-affectnet/train/non_violent/happy_00348.npy,dataset/data/pose/rwf2000/train/violent/gR4OsEPl894_2.npy,1,train,violent,gR4OsEPl894_2
dataset/data/processed/train/violent/gnBmOf7v_0/frame_sequence.pt,dataset/data/emotion/balanced-affectnet/train/non_violent/happy_03178.npy,dataset/data/pose/rwf2000/train/violent/gnBmOf7v_0.npy,1,train,violent,gnBmOf7v_0
dataset/data/processed/train/violent/gnBmOf7v_1/frame_sequence.pt,dataset/data/emotion/balanced-affectnet/train/non_violent/happy_01872.npy,dataset/data/pose/rwf2000/train/violent/gnBmOf7v_1.npy,1,train,violent,gnBmOf7v_1
dataset/data/processed/train/violent/gnBmOf7v_2/frame_sequence.pt,dataset/data/emotion/balanced-affectnet/train/non_violent/neutral_02386.npy,dataset/data/pose/rwf2000/train/violent/gnBmOf7v_2.npy,1,train,violent,gnBmOf7v_2
dataset/data/processed/train/violent/hEjHnhy2_0/frame_sequence.pt,dataset/data/emotion/balanced-affectnet/train/non_violent/happy_02228.npy,dataset/data/pose/rwf2000/train/violent/hEjHnhy2_0.npy,1,train,violent,hEjHnhy2_0
dataset/data/processed/train/violent/i2sLegg2JPA_0/frame_sequence.pt,dataset/data/emotion/balanced-affectnet/train/non_violent/neutral_02259.npy,dataset/data/pose/rwf2000/train/violent/i2sLegg2JPA_0.npy,1,train,violent,i2sLegg2JPA_0
dataset/data/processed/train/violent/i2sLegg2JPA_1/frame_sequence.pt,dataset/data/emotion/balanced-affectnet/train/non_violent/happy_00924.npy,dataset/data/pose/rwf2000/train/violent/i2sLegg2JPA_1.npy,1,train,violent,i2sLegg2JPA_1
dataset/data/processed/train/violent/i5xJxtv4gXs_0/frame_sequence.pt,dataset/data/emotion/balanced-affectnet/train/non_violent/happy_03144.npy,dataset/data/pose/rwf2000/train/violent/i5xJxtv4gXs_0.npy,1,train,violent,i5xJxtv4gXs_0
dataset/data/processed/train/violent/i5xJxtv4gXs_1/frame_sequence.pt,dataset/data/emotion/balanced-affectnet/train/non_violent/neutral_03251.npy,dataset/data/pose/rwf2000/train/violent/i5xJxtv4gXs_1.npy,1,train,violent,i5xJxtv4gXs_1
dataset/data/processed/train/violent/i5xJxtv4gXs_2/frame_sequence.pt,dataset/data/emotion/balanced-affectnet/train/non_violent/neutral_01313.npy,dataset/data/pose/rwf2000/train/violent/i5xJxtv4gXs_2.npy,1,train,violent,i5xJxtv4gXs_2
dataset/data/processed/train/violent/i5xJxtv4gXs_3/frame_sequence.pt,dataset/data/emotion/balanced-affectnet/train/non_violent/happy_03606.npy,dataset/data/pose/rwf2000/train/violent/i5xJxtv4gXs_3.npy,1,train,violent,i5xJxtv4gXs_3
dataset/data/processed/train/violent/i5xJxtv4gXs_4/frame_sequence.pt,dataset/data/emotion/balanced-affectnet/train/non_violent/neutral_01849.npy,dataset/data/pose/rwf2000/train/violent/i5xJxtv4gXs_4.npy,1,train,violent,i5xJxtv4gXs_4
dataset/data/processed/train/violent/iHUwZBSx_0/frame_sequence.pt,dataset/data/emotion/balanced-affectnet/train/non_violent/neutral_02990.npy,dataset/data/pose/rwf2000/train/violent/iHUwZBSx_0.npy,1,train,violent,iHUwZBSx_0
dataset/data/processed/train/violent/iP6yS_OroMk_0/frame_sequence.pt,dataset/data/emotion/balanced-affectnet/train/non_violent/happy_01386.npy,dataset/data/pose/rwf2000/train/violent/iP6yS_OroMk_0.npy,1,train,violent,iP6yS_OroMk_0
dataset/data/processed/train/violent/iquSbj5Wqj0_0/frame_sequence.pt,dataset/data/emotion/balanced-affectnet/train/non_violent/happy_02114.npy,dataset/data/pose/rwf2000/train/violent/iquSbj5Wqj0_0.npy,1,train,violent,iquSbj5Wqj0_0
dataset/data/processed/train/violent/iquSbj5Wqj0_1/frame_sequence.pt,dataset/data/emotion/balanced-affectnet/train/non_violent/happy_01458.npy,dataset/data/pose/rwf2000/train/violent/iquSbj5Wqj0_1.npy,1,train,violent,iquSbj5Wqj0_1
dataset/data/processed/train/violent/jCD7lUJQ7Xc_0/frame_sequence.pt,dataset/data/emotion/balanced-affectnet/train/non_violent/neutral_03430.npy,dataset/data/pose/rwf2000/train/violent/jCD7lUJQ7Xc_0.npy,1,train,violent,jCD7lUJQ7Xc_0
dataset/data/processed/train/violent/jCD7lUJQ7Xc_1/frame_sequence.pt,dataset/data/emotion/balanced-affectnet/train/non_violent/neutral_03525.npy,dataset/data/pose/rwf2000/train/violent/jCD7lUJQ7Xc_1.npy,1,train,violent,jCD7lUJQ7Xc_1
dataset/data/processed/train/violent/jILBnY3lB2Q_0/frame_sequence.pt,dataset/data/emotion/balanced-affectnet/train/non_violent/happy_01580.npy,dataset/data/pose/rwf2000/train/violent/jILBnY3lB2Q_0.npy,1,train,violent,jILBnY3lB2Q_0
dataset/data/processed/train/violent/jTbvVbkUaPM_0/frame_sequence.pt,dataset/data/emotion/balanced-affectnet/train/non_violent/neutral_00014.npy,dataset/data/pose/rwf2000/train/violent/jTbvVbkUaPM_0.npy,1,train,violent,jTbvVbkUaPM_0
dataset/data/processed/train/violent/jTbvVbkUaPM_4/frame_sequence.pt,dataset/data/emotion/balanced-affectnet/train/non_violent/happy_00218.npy,dataset/data/pose/rwf2000/train/violent/jTbvVbkUaPM_4.npy,1,train,violent,jTbvVbkUaPM_4
dataset/data/processed/train/violent/jTbvVbkUaPM_5/frame_sequence.pt,dataset/data/emotion/balanced-affectnet/train/non_violent/happy_01602.npy,dataset/data/pose/rwf2000/train/violent/jTbvVbkUaPM_5.npy,1,train,violent,jTbvVbkUaPM_5
dataset/data/processed/train/violent/jmZqmYnH_0/frame_sequence.pt,dataset/data/emotion/balanced-affectnet/train/non_violent/neutral_02888.npy,dataset/data/pose/rwf2000/train/violent/jmZqmYnH_0.npy,1,train,violent,jmZqmYnH_0
dataset/data/processed/train/violent/jmZqmYnH_1/frame_sequence.pt,dataset/data/emotion/balanced-affectnet/train/non_violent/happy_02963.npy,dataset/data/pose/rwf2000/train/violent/jmZqmYnH_1.npy,1,train,violent,jmZqmYnH_1
dataset/data/processed/train/violent/jtzWSah-BZM_0/frame_sequence.pt,dataset/data/emotion/balanced-affectnet/train/non_violent/neutral_03287.npy,dataset/data/pose/rwf2000/train/violent/jtzWSah-BZM_0.npy,1,train,violent,jtzWSah-BZM_0
dataset/data/processed/train/violent/kExp3yhspR0_0/frame_sequence.pt,dataset/data/emotion/balanced-affectnet/train/non_violent/neutral_00011.npy,dataset/data/pose/rwf2000/train/violent/kExp3yhspR0_0.npy,1,train,violent,kExp3yhspR0_0
dataset/data/processed/train/violent/kExp3yhspR0_1/frame_sequence.pt,dataset/data/emotion/balanced-affectnet/train/non_violent/neutral_03460.npy,dataset/data/pose/rwf2000/train/violent/kExp3yhspR0_1.npy,1,train,violent,kExp3yhspR0_1
dataset/data/processed/train/violent/kExp3yhspR0_2/frame_sequence.pt,dataset/data/emotion/balanced-affectnet/train/non_violent/neutral_02298.npy,dataset/data/pose/rwf2000/train/violent/kExp3yhspR0_2.npy,1,train,violent,kExp3yhspR0_2
dataset/data/processed/train/violent/kExp3yhspR0_3/frame_sequence.pt,dataset/data/emotion/balanced-affectnet/train/non_violent/neutral_02878.npy,dataset/data/pose/rwf2000/train/violent/kExp3yhspR0_3.npy,1,train,violent,kExp3yhspR0_3
dataset/data/processed/train/violent/kLHNW0uRutY_0/frame_sequence.pt,dataset/data/emotion/balanced-affectnet/train/non_violent/neutral_03538.npy,dataset/data/pose/rwf2000/train/violent/kLHNW0uRutY_0.npy,1,train,violent,kLHNW0uRutY_0
dataset/data/processed/train/violent/kLHNW0uRutY_1/frame_sequence.pt,dataset/data/emotion/balanced-affectnet/train/non_violent/happy_02220.npy,dataset/data/pose/rwf2000/train/violent/kLHNW0uRutY_1.npy,1,train,violent,kLHNW0uRutY_1
dataset/data/processed/train/violent/kLHNW0uRutY_2/frame_sequence.pt,dataset/data/emotion/balanced-affectnet/train/non_violent/happy_02394.npy,dataset/data/pose/rwf2000/train/violent/kLHNW0uRutY_2.npy,1,train,violent,kLHNW0uRutY_2
dataset/data/processed/train/violent/kLHNW0uRutY_3/frame_sequence.pt,dataset/data/emotion/balanced-affectnet/train/non_violent/happy_01430.npy,dataset/data/pose/rwf2000/train/violent/kLHNW0uRutY_3.npy,1,train,violent,kLHNW0uRutY_3
dataset/data/processed/train/violent/kLHNW0uRutY_4/frame_sequence.pt,dataset/data/emotion/balanced-affectnet/train/non_violent/neutral_03336.npy,dataset/data/pose/rwf2000/train/violent/kLHNW0uRutY_4.npy,1,train,violent,kLHNW0uRutY_4
dataset/data/processed/train/violent/kLHNW0uRutY_5/frame_sequence.pt,dataset/data/emotion/balanced-affectnet/train/non_violent/neutral_02581.npy,dataset/data/pose/rwf2000/train/violent/kLHNW0uRutY_5.npy,1,train,violent,kLHNW0uRutY_5
dataset/data/processed/train/violent/kMI2JME3Aag_0/frame_sequence.pt,dataset/data/emotion/balanced-affectnet/train/non_violent/happy_00974.npy,dataset/data/pose/rwf2000/train/violent/kMI2JME3Aag_0.npy,1,train,violent,kMI2JME3Aag_0
dataset/data/processed/train/violent/kMI2JME3Aag_1/frame_sequence.pt,dataset/data/emotion/balanced-affectnet/train/non_violent/happy_03408.npy,dataset/data/pose/rwf2000/train/violent/kMI2JME3Aag_1.npy,1,train,violent,kMI2JME3Aag_1
dataset/data/processed/train/violent/kMI2JME3Aag_2/frame_sequence.pt,dataset/data/emotion/balanced-affectnet/train/non_violent/happy_00339.npy,dataset/data/pose/rwf2000/train/violent/kMI2JME3Aag_2.npy,1,train,violent,kMI2JME3Aag_2
dataset/data/processed/train/violent/kOp57sQKMPY_0/frame_sequence.pt,dataset/data/emotion/balanced-affectnet/train/non_violent/neutral_00537.npy,dataset/data/pose/rwf2000/train/violent/kOp57sQKMPY_0.npy,1,train,violent,kOp57sQKMPY_0
dataset/data/processed/train/violent/kOp57sQKMPY_1/frame_sequence.pt,dataset/data/emotion/balanced-affectnet/train/non_violent/happy_01993.npy,dataset/data/pose/rwf2000/train/violent/kOp57sQKMPY_1.npy,1,train,violent,kOp57sQKMPY_1
dataset/data/processed/train/violent/ksdkojifes_416/frame_sequence.pt,dataset/data/emotion/balanced-affectnet/train/non_violent/happy_01783.npy,dataset/data/pose/rwf2000/train/violent/ksdkojifes_416.npy,1,train,violent,ksdkojifes_416
dataset/data/processed/train/violent/l4gqDHx9_dI_0/frame_sequence.pt,dataset/data/emotion/balanced-affectnet/train/non_violent/sad_00006.npy,dataset/data/pose/rwf2000/train/violent/l4gqDHx9_dI_0.npy,1,train,violent,l4gqDHx9_dI_0
dataset/data/processed/train/violent/l4gqDHx9_dI_1/frame_sequence.pt,dataset/data/emotion/balanced-affectnet/train/non_violent/neutral_00445.npy,dataset/data/pose/rwf2000/train/violent/l4gqDHx9_dI_1.npy,1,train,violent,l4gqDHx9_dI_1
dataset/data/processed/train/violent/l4gqDHx9_dI_2/frame_sequence.pt,dataset/data/emotion/balanced-affectnet/train/non_violent/happy_03123.npy,dataset/data/pose/rwf2000/train/violent/l4gqDHx9_dI_2.npy,1,train,violent,l4gqDHx9_dI_2
dataset/data/processed/train/violent/l4gqDHx9_dI_3/frame_sequence.pt,dataset/data/emotion/balanced-affectnet/train/non_violent/happy_02735.npy,dataset/data/pose/rwf2000/train/violent/l4gqDHx9_dI_3.npy,1,train,violent,l4gqDHx9_dI_3
dataset/data/processed/train/violent/lI17Q0j3_0/frame_sequence.pt,dataset/data/emotion/balanced-affectnet/train/non_violent/sad_00044.npy,dataset/data/pose/rwf2000/train/violent/lI17Q0j3_0.npy,1,train,violent,lI17Q0j3_0
dataset/data/processed/train/violent/lL3FQltu_0/frame_sequence.pt,dataset/data/emotion/balanced-affectnet/train/non_violent/neutral_03417.npy,dataset/data/pose/rwf2000/train/violent/lL3FQltu_0.npy,1,train,violent,lL3FQltu_0
dataset/data/processed/train/violent/lUjx4FXvv34_0/frame_sequence.pt,dataset/data/emotion/balanced-affectnet/train/non_violent/happy_02039.npy,dataset/data/pose/rwf2000/train/violent/lUjx4FXvv34_0.npy,1,train,violent,lUjx4FXvv34_0
dataset/data/processed/train/violent/lUjx4FXvv34_1/frame_sequence.pt,dataset/data/emotion/balanced-affectnet/train/non_violent/happy_01999.npy,dataset/data/pose/rwf2000/train/violent/lUjx4FXvv34_1.npy,1,train,violent,lUjx4FXvv34_1
dataset/data/processed/train/violent/lmfaDmCCRoY_0/frame_sequence.pt,dataset/data/emotion/balanced-affectnet/train/non_violent/happy_00208.npy,dataset/data/pose/rwf2000/train/violent/lmfaDmCCRoY_0.npy,1,train,violent,lmfaDmCCRoY_0
dataset/data/processed/train/violent/lmfaDmCCRoY_1/frame_sequence.pt,dataset/data/emotion/balanced-affectnet/train/non_violent/neutral_02230.npy,dataset/data/pose/rwf2000/train/violent/lmfaDmCCRoY_1.npy,1,train,violent,lmfaDmCCRoY_1
dataset/data/processed/train/violent/lmfaDmCCRoY_2/frame_sequence.pt,dataset/data/emotion/balanced-affectnet/train/non_violent/happy_01728.npy,dataset/data/pose/rwf2000/train/violent/lmfaDmCCRoY_2.npy,1,train,violent,lmfaDmCCRoY_2
dataset/data/processed/train/violent/lmfaDmCCRoY_3/frame_sequence.pt,dataset/data/emotion/balanced-affectnet/train/non_violent/happy_03560.npy,dataset/data/pose/rwf2000/train/violent/lmfaDmCCRoY_3.npy,1,train,violent,lmfaDmCCRoY_3
dataset/data/processed/train/violent/lmfaDmCCRoY_4/frame_sequence.pt,dataset/data/emotion/balanced-affectnet/train/non_violent/happy_02941.npy,dataset/data/pose/rwf2000/train/violent/lmfaDmCCRoY_4.npy,1,train,violent,lmfaDmCCRoY_4
dataset/data/processed/train/violent/lmfaDmCCRoY_5/frame_sequence.pt,dataset/data/emotion/balanced-affectnet/train/non_violent/happy_02509.npy,dataset/data/pose/rwf2000/train/violent/lmfaDmCCRoY_5.npy,1,train,violent,lmfaDmCCRoY_5
dataset/data/processed/train/violent/lmfaDmCCRoY_6/frame_sequence.pt,dataset/data/emotion/balanced-affectnet/train/non_violent/happy_00624.npy,dataset/data/pose/rwf2000/train/violent/lmfaDmCCRoY_6.npy,1,train,violent,lmfaDmCCRoY_6
dataset/data/processed/train/violent/lmfaDmCCRoY_7/frame_sequence.pt,dataset/data/emotion/balanced-affectnet/train/non_violent/neutral_03234.npy,dataset/data/pose/rwf2000/train/violent/lmfaDmCCRoY_7.npy,1,train,violent,lmfaDmCCRoY_7
dataset/data/processed/train/violent/mRqg-WXiR7Q_0/frame_sequence.pt,dataset/data/emotion/balanced-affectnet/train/non_violent/happy_02516.npy,dataset/data/pose/rwf2000/train/violent/mRqg-WXiR7Q_0.npy,1,train,violent,mRqg-WXiR7Q_0
dataset/data/processed/train/violent/mRqg-WXiR7Q_1/frame_sequence.pt,dataset/data/emotion/balanced-affectnet/train/non_violent/happy_03148.npy,dataset/data/pose/rwf2000/train/violent/mRqg-WXiR7Q_1.npy,1,train,violent,mRqg-WXiR7Q_1
dataset/data/processed/train/violent/mRqg-WXiR7Q_2/frame_sequence.pt,dataset/data/emotion/balanced-affectnet/train/non_violent/neutral_02071.npy,dataset/data/pose/rwf2000/train/violent/mRqg-WXiR7Q_2.npy,1,train,violent,mRqg-WXiR7Q_2
dataset/data/processed/train/violent/mRqg-WXiR7Q_3/frame_sequence.pt,dataset/data/emotion/balanced-affectnet/train/non_violent/neutral_00893.npy,dataset/data/pose/rwf2000/train/violent/mRqg-WXiR7Q_3.npy,1,train,violent,mRqg-WXiR7Q_3
dataset/data/processed/train/violent/mVTcBPrjh-E_0/frame_sequence.pt,dataset/data/emotion/balanced-affectnet/train/non_violent/happy_03576.npy,dataset/data/pose/rwf2000/train/violent/mVTcBPrjh-E_0.npy,1,train,violent,mVTcBPrjh-E_0
dataset/data/processed/train/violent/mVTcBPrjh-E_1/frame_sequence.pt,dataset/data/emotion/balanced-affectnet/train/non_violent/neutral_02413.npy,dataset/data/pose/rwf2000/train/violent/mVTcBPrjh-E_1.npy,1,train,violent,mVTcBPrjh-E_1
dataset/data/processed/train/violent/mX4cQM1xMFc_0/frame_sequence.pt,dataset/data/emotion/balanced-affectnet/train/non_violent/sad_00277.npy,dataset/data/pose/rwf2000/train/violent/mX4cQM1xMFc_0.npy,1,train,violent,mX4cQM1xMFc_0
dataset/data/processed/train/violent/mX4cQM1xMFc_1/frame_sequence.pt,dataset/data/emotion/balanced-affectnet/train/non_violent/neutral_01135.npy,dataset/data/pose/rwf2000/train/violent/mX4cQM1xMFc_1.npy,1,train,violent,mX4cQM1xMFc_1
dataset/data/processed/train/violent/mX4cQM1xMFc_2/frame_sequence.pt,dataset/data/emotion/balanced-affectnet/train/non_violent/happy_02972.npy,dataset/data/pose/rwf2000/train/violent/mX4cQM1xMFc_2.npy,1,train,violent,mX4cQM1xMFc_2
dataset/data/processed/train/violent/mbW7VkAf6Yk_0/frame_sequence.pt,dataset/data/emotion/balanced-affectnet/train/non_violent/happy_00244.npy,dataset/data/pose/rwf2000/train/violent/mbW7VkAf6Yk_0.npy,1,train,violent,mbW7VkAf6Yk_0
dataset/data/processed/train/violent/mbW7VkAf6Yk_1/frame_sequence.pt,dataset/data/emotion/balanced-affectnet/train/non_violent/happy_01042.npy,dataset/data/pose/rwf2000/train/violent/mbW7VkAf6Yk_1.npy,1,train,violent,mbW7VkAf6Yk_1
dataset/data/processed/train/violent/mbW7VkAf6Yk_2/frame_sequence.pt,dataset/data/emotion/balanced-affectnet/train/non_violent/happy_02359.npy,dataset/data/pose/rwf2000/train/violent/mbW7VkAf6Yk_2.npy,1,train,violent,mbW7VkAf6Yk_2
dataset/data/processed/train/violent/mxlWEjopk_c_0/frame_sequence.pt,dataset/data/emotion/balanced-affectnet/train/non_violent/happy_01603.npy,dataset/data/pose/rwf2000/train/violent/mxlWEjopk_c_0.npy,1,train,violent,mxlWEjopk_c_0
dataset/data/processed/train/violent/nBO2Wlr3LhU_0/frame_sequence.pt,dataset/data/emotion/balanced-affectnet/train/non_violent/neutral_01541.npy,dataset/data/pose/rwf2000/train/violent/nBO2Wlr3LhU_0.npy,1,train,violent,nBO2Wlr3LhU_0
dataset/data/processed/train/violent/nBO2Wlr3LhU_1/frame_sequence.pt,dataset/data/emotion/balanced-affectnet/train/non_violent/happy_02398.npy,dataset/data/pose/rwf2000/train/violent/nBO2Wlr3LhU_1.npy,1,train,violent,nBO2Wlr3LhU_1
dataset/data/processed/train/violent/nNUeqFgG_0/frame_sequence.pt,dataset/data/emotion/balanced-affectnet/train/non_violent/happy_00337.npy,dataset/data/pose/rwf2000/train/violent/nNUeqFgG_0.npy,1,train,violent,nNUeqFgG_0
dataset/data/processed/train/violent/nNUeqFgG_1/frame_sequence.pt,dataset/data/emotion/balanced-affectnet/train/non_violent/happy_00983.npy,dataset/data/pose/rwf2000/train/violent/nNUeqFgG_1.npy,1,train,violent,nNUeqFgG_1
dataset/data/processed/train/violent/nNUeqFgG_3/frame_sequence.pt,dataset/data/emotion/balanced-affectnet/train/non_violent/neutral_01684.npy,dataset/data/pose/rwf2000/train/violent/nNUeqFgG_3.npy,1,train,violent,nNUeqFgG_3
dataset/data/processed/train/violent/nNUeqFgG_4/frame_sequence.pt,dataset/data/emotion/balanced-affectnet/train/non_violent/neutral_00245.npy,dataset/data/pose/rwf2000/train/violent/nNUeqFgG_4.npy,1,train,violent,nNUeqFgG_4
dataset/data/processed/train/violent/nNUeqFgG_5/frame_sequence.pt,dataset/data/emotion/balanced-affectnet/train/non_violent/happy_03107.npy,dataset/data/pose/rwf2000/train/violent/nNUeqFgG_5.npy,1,train,violent,nNUeqFgG_5
dataset/data/processed/train/violent/o9sRXy5r_0/frame_sequence.pt,dataset/data/emotion/balanced-affectnet/train/non_violent/neutral_02865.npy,dataset/data/pose/rwf2000/train/violent/o9sRXy5r_0.npy,1,train,violent,o9sRXy5r_0
dataset/data/processed/train/violent/o9sRXy5r_1/frame_sequence.pt,dataset/data/emotion/balanced-affectnet/train/non_violent/neutral_03371.npy,dataset/data/pose/rwf2000/train/violent/o9sRXy5r_1.npy,1,train,violent,o9sRXy5r_1
dataset/data/processed/train/violent/o9sRXy5r_2/frame_sequence.pt,dataset/data/emotion/balanced-affectnet/train/non_violent/happy_02827.npy,dataset/data/pose/rwf2000/train/violent/o9sRXy5r_2.npy,1,train,violent,o9sRXy5r_2
dataset/data/processed/train/violent/o9sRXy5r_3/frame_sequence.pt,dataset/data/emotion/balanced-affectnet/train/non_violent/neutral_00264.npy,dataset/data/pose/rwf2000/train/violent/o9sRXy5r_3.npy,1,train,violent,o9sRXy5r_3
dataset/data/processed/train/violent/oDGm-DOOyI4_0/frame_sequence.pt,dataset/data/emotion/balanced-affectnet/train/non_violent/neutral_01777.npy,dataset/data/pose/rwf2000/train/violent/oDGm-DOOyI4_0.npy,1,train,violent,oDGm-DOOyI4_0
dataset/data/processed/train/violent/oDGm-DOOyI4_1/frame_sequence.pt,dataset/data/emotion/balanced-affectnet/train/non_violent/neutral_00926.npy,dataset/data/pose/rwf2000/train/violent/oDGm-DOOyI4_1.npy,1,train,violent,oDGm-DOOyI4_1
dataset/data/processed/train/violent/oIEZ45OCmAw_0/frame_sequence.pt,dataset/data/emotion/balanced-affectnet/train/non_violent/happy_01048.npy,dataset/data/pose/rwf2000/train/violent/oIEZ45OCmAw_0.npy,1,train,violent,oIEZ45OCmAw_0
dataset/data/processed/train/violent/oIEZ45OCmAw_1/frame_sequence.pt,dataset/data/emotion/balanced-affectnet/train/non_violent/happy_03459.npy,dataset/data/pose/rwf2000/train/violent/oIEZ45OCmAw_1.npy,1,train,violent,oIEZ45OCmAw_1
dataset/data/processed/train/violent/oIEZ45OCmAw_2/frame_sequence.pt,dataset/data/emotion/balanced-affectnet/train/non_violent/neutral_01516.npy,dataset/data/pose/rwf2000/train/violent/oIEZ45OCmAw_2.npy,1,train,violent,oIEZ45OCmAw_2
dataset/data/processed/train/violent/oIEZ45OCmAw_3/frame_sequence.pt,dataset/data/emotion/balanced-affectnet/train/non_violent/happy_01710.npy,dataset/data/pose/rwf2000/train/violent/oIEZ45OCmAw_3.npy,1,train,violent,oIEZ45OCmAw_3
dataset/data/processed/train/violent/oIEZ45OCmAw_4/frame_sequence.pt,dataset/data/emotion/balanced-affectnet/train/non_violent/happy_02304.npy,dataset/data/pose/rwf2000/train/violent/oIEZ45OCmAw_4.npy,1,train,violent,oIEZ45OCmAw_4
dataset/data/processed/train/violent/oM-goKOVjeU_0/frame_sequence.pt,dataset/data/emotion/balanced-affectnet/train/non_violent/happy_00396.npy,dataset/data/pose/rwf2000/train/violent/oM-goKOVjeU_0.npy,1,train,violent,oM-goKOVjeU_0
dataset/data/processed/train/violent/oM-goKOVjeU_1/frame_sequence.pt,dataset/data/emotion/balanced-affectnet/train/non_violent/neutral_02701.npy,dataset/data/pose/rwf2000/train/violent/oM-goKOVjeU_1.npy,1,train,violent,oM-goKOVjeU_1
dataset/data/processed/train/violent/oVMhWJIpHnc_0/frame_sequence.pt,dataset/data/emotion/balanced-affectnet/train/non_violent/neutral_00268.npy,dataset/data/pose/rwf2000/train/violent/oVMhWJIpHnc_0.npy,1,train,violent,oVMhWJIpHnc_0
dataset/data/processed/train/violent/oW8ySS0rN4Y_0/frame_sequence.pt,dataset/data/emotion/balanced-affectnet/train/non_violent/happy_00015.npy,dataset/data/pose/rwf2000/train/violent/oW8ySS0rN4Y_0.npy,1,train,violent,oW8ySS0rN4Y_0
dataset/data/processed/train/violent/oW8ySS0rN4Y_1/frame_sequence.pt,dataset/data/emotion/balanced-affectnet/train/non_violent/neutral_01014.npy,dataset/data/pose/rwf2000/train/violent/oW8ySS0rN4Y_1.npy,1,train,violent,oW8ySS0rN4Y_1
dataset/data/processed/train/violent/oowA6LToeTE_0/frame_sequence.pt,dataset/data/emotion/balanced-affectnet/train/non_violent/neutral_03565.npy,dataset/data/pose/rwf2000/train/violent/oowA6LToeTE_0.npy,1,train,violent,oowA6LToeTE_0
dataset/data/processed/train/violent/oqCIUYdq_0/frame_sequence.pt,dataset/data/emotion/balanced-affectnet/train/non_violent/neutral_01178.npy,dataset/data/pose/rwf2000/train/violent/oqCIUYdq_0.npy,1,train,violent,oqCIUYdq_0
dataset/data/processed/train/violent/p19HiyCX7EQ_0/frame_sequence.pt,dataset/data/emotion/balanced-affectnet/train/non_violent/neutral_02507.npy,dataset/data/pose/rwf2000/train/violent/p19HiyCX7EQ_0.npy,1,train,violent,p19HiyCX7EQ_0
dataset/data/processed/train/violent/p19HiyCX7EQ_1/frame_sequence.pt,dataset/data/emotion/balanced-affectnet/train/non_violent/neutral_02801.npy,dataset/data/pose/rwf2000/train/violent/p19HiyCX7EQ_1.npy,1,train,violent,p19HiyCX7EQ_1
dataset/data/processed/train/violent/p19HiyCX7EQ_2/frame_sequence.pt,dataset/data/emotion/balanced-affectnet/train/non_violent/neutral_03002.npy,dataset/data/pose/rwf2000/train/violent/p19HiyCX7EQ_2.npy,1,train,violent,p19HiyCX7EQ_2
dataset/data/processed/train/violent/p1bUxYeJ_0/frame_sequence.pt,dataset/data/emotion/balanced-affectnet/train/non_violent/neutral_02958.npy,dataset/data/pose/rwf2000/train/violent/p1bUxYeJ_0.npy,1,train,violent,p1bUxYeJ_0
dataset/data/processed/train/violent/p1bUxYeJ_1/frame_sequence.pt,dataset/data/emotion/balanced-affectnet/train/non_violent/neutral_02359.npy,dataset/data/pose/rwf2000/train/violent/p1bUxYeJ_1.npy,1,train,violent,p1bUxYeJ_1
dataset/data/processed/train/violent/p1bUxYeJ_2/frame_sequence.pt,dataset/data/emotion/balanced-affectnet/train/non_violent/happy_01773.npy,dataset/data/pose/rwf2000/train/violent/p1bUxYeJ_2.npy,1,train,violent,p1bUxYeJ_2
dataset/data/processed/train/violent/p4DwXTNr-xc_0/frame_sequence.pt,dataset/data/emotion/balanced-affectnet/train/non_violent/happy_03283.npy,dataset/data/pose/rwf2000/train/violent/p4DwXTNr-xc_0.npy,1,train,violent,p4DwXTNr-xc_0
dataset/data/processed/train/violent/pKOUG5AqLpY_0/frame_sequence.pt,dataset/data/emotion/balanced-affectnet/train/non_violent/neutral_00229.npy,dataset/data/pose/rwf2000/train/violent/pKOUG5AqLpY_0.npy,1,train,violent,pKOUG5AqLpY_0
dataset/data/processed/train/violent/pKOUG5AqLpY_1/frame_sequence.pt,dataset/data/emotion/balanced-affectnet/train/non_violent/happy_00634.npy,dataset/data/pose/rwf2000/train/violent/pKOUG5AqLpY_1.npy,1,train,violent,pKOUG5AqLpY_1
dataset/data/processed/train/violent/qmvilMkD57M_0/frame_sequence.pt,dataset/data/emotion/balanced-affectnet/train/non_violent/neutral_02310.npy,dataset/data/pose/rwf2000/train/violent/qmvilMkD57M_0.npy,1,train,violent,qmvilMkD57M_0
dataset/data/processed/train/violent/qmvilMkD57M_1/frame_sequence.pt,dataset/data/emotion/balanced-affectnet/train/non_violent/happy_02980.npy,dataset/data/pose/rwf2000/train/violent/qmvilMkD57M_1.npy,1,train,violent,qmvilMkD57M_1
dataset/data/processed/train/violent/qrWTk-2a13o_1/frame_sequence.pt,dataset/data/emotion/balanced-affectnet/train/non_violent/neutral_01941.npy,dataset/data/pose/rwf2000/train/violent/qrWTk-2a13o_1.npy,1,train,violent,qrWTk-2a13o_1
dataset/data/processed/train/violent/qrWTk-2a13o_2/frame_sequence.pt,dataset/data/emotion/balanced-affectnet/train/non_violent/happy_02837.npy,dataset/data/pose/rwf2000/train/violent/qrWTk-2a13o_2.npy,1,train,violent,qrWTk-2a13o_2
dataset/data/processed/train/violent/qrWTk-2a13o_3/frame_sequence.pt,dataset/data/emotion/balanced-affectnet/train/non_violent/neutral_02306.npy,dataset/data/pose/rwf2000/train/violent/qrWTk-2a13o_3.npy,1,train,violent,qrWTk-2a13o_3
dataset/data/processed/train/violent/r8PX3ZJ1_II_0/frame_sequence.pt,dataset/data/emotion/balanced-affectnet/train/non_violent/happy_01128.npy,dataset/data/pose/rwf2000/train/violent/r8PX3ZJ1_II_0.npy,1,train,violent,r8PX3ZJ1_II_0
dataset/data/processed/train/violent/reg_495/frame_sequence.pt,dataset/data/emotion/balanced-affectnet/train/non_violent/neutral_02816.npy,dataset/data/pose/rwf2000/train/violent/reg_495.npy,1,train,violent,reg_495
dataset/data/processed/train/violent/rfthfd_534/frame_sequence.pt,dataset/data/emotion/balanced-affectnet/train/non_violent/happy_02716.npy,dataset/data/pose/rwf2000/train/violent/rfthfd_534.npy,1,train,violent,rfthfd_534
dataset/data/processed/train/violent/rfthfd_535/frame_sequence.pt,dataset/data/emotion/balanced-affectnet/train/non_violent/neutral_00905.npy,dataset/data/pose/rwf2000/train/violent/rfthfd_535.npy,1,train,violent,rfthfd_535
dataset/data/processed/train/violent/rfthfd_536/frame_sequence.pt,dataset/data/emotion/balanced-affectnet/train/non_violent/happy_02798.npy,dataset/data/pose/rwf2000/train/violent/rfthfd_536.npy,1,train,violent,rfthfd_536
dataset/data/processed/train/violent/rfthfd_537/frame_sequence.pt,dataset/data/emotion/balanced-affectnet/train/non_violent/neutral_02341.npy,dataset/data/pose/rwf2000/train/violent/rfthfd_537.npy,1,train,violent,rfthfd_537
dataset/data/processed/train/violent/rfthfd_538/frame_sequence.pt,dataset/data/emotion/balanced-affectnet/train/non_violent/neutral_00032.npy,dataset/data/pose/rwf2000/train/violent/rfthfd_538.npy,1,train,violent,rfthfd_538
dataset/data/processed/train/violent/rn7Qjaj9_0/frame_sequence.pt,dataset/data/emotion/balanced-affectnet/train/non_violent/happy_02947.npy,dataset/data/pose/rwf2000/train/violent/rn7Qjaj9_0.npy,1,train,violent,rn7Qjaj9_0
dataset/data/processed/train/violent/rn7Qjaj9_1/frame_sequence.pt,dataset/data/emotion/balanced-affectnet/train/non_violent/happy_03628.npy,dataset/data/pose/rwf2000/train/violent/rn7Qjaj9_1.npy,1,train,violent,rn7Qjaj9_1
dataset/data/processed/train/violent/s-jW4cyavW0_0/frame_sequence.pt,dataset/data/emotion/balanced-affectnet/train/non_violent/neutral_02624.npy,dataset/data/pose/rwf2000/train/violent/s-jW4cyavW0_0.npy,1,train,violent,s-jW4cyavW0_0
dataset/data/processed/train/violent/s-jW4cyavW0_1/frame_sequence.pt,dataset/data/emotion/balanced-affectnet/train/non_violent/happy_02677.npy,dataset/data/pose/rwf2000/train/violent/s-jW4cyavW0_1.npy,1,train,violent,s-jW4cyavW0_1
dataset/data/processed/train/violent/s-jW4cyavW0_2/frame_sequence.pt,dataset/data/emotion/balanced-affectnet/train/non_violent/neutral_01341.npy,dataset/data/pose/rwf2000/train/violent/s-jW4cyavW0_2.npy,1,train,violent,s-jW4cyavW0_2
dataset/data/processed/train/violent/s3gaPKuW_0/frame_sequence.pt,dataset/data/emotion/balanced-affectnet/train/non_violent/happy_01155.npy,dataset/data/pose/rwf2000/train/violent/s3gaPKuW_0.npy,1,train,violent,s3gaPKuW_0
dataset/data/processed/train/violent/s3gaPKuW_1/frame_sequence.pt,dataset/data/emotion/balanced-affectnet/train/non_violent/happy_01731.npy,dataset/data/pose/rwf2000/train/violent/s3gaPKuW_1.npy,1,train,violent,s3gaPKuW_1
dataset/data/processed/train/violent/sadffg_950/frame_sequence.pt,dataset/data/emotion/balanced-affectnet/train/non_violent/neutral_00143.npy,dataset/data/pose/rwf2000/train/violent/sadffg_950.npy,1,train,violent,sadffg_950
dataset/data/processed/train/violent/sadsa_956/frame_sequence.pt,dataset/data/emotion/balanced-affectnet/train/non_violent/neutral_02333.npy,dataset/data/pose/rwf2000/train/violent/sadsa_956.npy,1,train,violent,sadsa_956
dataset/data/processed/train/violent/sadsa_957/frame_sequence.pt,dataset/data/emotion/balanced-affectnet/train/non_violent/happy_03422.npy,dataset/data/pose/rwf2000/train/violent/sadsa_957.npy,1,train,violent,sadsa_957
dataset/data/processed/train/violent/sadsa_958/frame_sequence.pt,dataset/data/emotion/balanced-affectnet/train/non_violent/neutral_02454.npy,dataset/data/pose/rwf2000/train/violent/sadsa_958.npy,1,train,violent,sadsa_958
dataset/data/processed/train/violent/sadsa_959/frame_sequence.pt,dataset/data/emotion/balanced-affectnet/train/non_violent/neutral_03086.npy,dataset/data/pose/rwf2000/train/violent/sadsa_959.npy,1,train,violent,sadsa_959
dataset/data/processed/train/violent/sadsa_960/frame_sequence.pt,dataset/data/emotion/balanced-affectnet/train/non_violent/happy_01570.npy,dataset/data/pose/rwf2000/train/violent/sadsa_960.npy,1,train,violent,sadsa_960
dataset/data/processed/train/violent/sadsa_961/frame_sequence.pt,dataset/data/emotion/balanced-affectnet/train/non_violent/neutral_01890.npy,dataset/data/pose/rwf2000/train/violent/sadsa_961.npy,1,train,violent,sadsa_961
dataset/data/processed/train/violent/t2z75yT2S_M_0/frame_sequence.pt,dataset/data/emotion/balanced-affectnet/train/non_violent/neutral_01479.npy,dataset/data/pose/rwf2000/train/violent/t2z75yT2S_M_0.npy,1,train,violent,t2z75yT2S_M_0
dataset/data/processed/train/violent/t2z75yT2S_M_1/frame_sequence.pt,dataset/data/emotion/balanced-affectnet/train/non_violent/happy_02727.npy,dataset/data/pose/rwf2000/train/violent/t2z75yT2S_M_1.npy,1,train,violent,t2z75yT2S_M_1
dataset/data/processed/train/violent/tILABXoHE7s_0/frame_sequence.pt,dataset/data/emotion/balanced-affectnet/train/non_violent/neutral_00021.npy,dataset/data/pose/rwf2000/train/violent/tILABXoHE7s_0.npy,1,train,violent,tILABXoHE7s_0
dataset/data/processed/train/violent/tILABXoHE7s_1/frame_sequence.pt,dataset/data/emotion/balanced-affectnet/train/non_violent/neutral_01290.npy,dataset/data/pose/rwf2000/train/violent/tILABXoHE7s_1.npy,1,train,violent,tILABXoHE7s_1
dataset/data/processed/train/violent/tILABXoHE7s_2/frame_sequence.pt,dataset/data/emotion/balanced-affectnet/train/non_violent/sad_00263.npy,dataset/data/pose/rwf2000/train/violent/tILABXoHE7s_2.npy,1,train,violent,tILABXoHE7s_2
dataset/data/processed/train/violent/tILABXoHE7s_3/frame_sequence.pt,dataset/data/emotion/balanced-affectnet/train/non_violent/happy_00004.npy,dataset/data/pose/rwf2000/train/violent/tILABXoHE7s_3.npy,1,train,violent,tILABXoHE7s_3
dataset/data/processed/train/violent/tILABXoHE7s_4/frame_sequence.pt,dataset/data/emotion/balanced-affectnet/train/non_violent/happy_02757.npy,dataset/data/pose/rwf2000/train/violent/tILABXoHE7s_4.npy,1,train,violent,tILABXoHE7s_4
dataset/data/processed/train/violent/tILABXoHE7s_5/frame_sequence.pt,dataset/data/emotion/balanced-affectnet/train/non_violent/happy_02602.npy,dataset/data/pose/rwf2000/train/violent/tILABXoHE7s_5.npy,1,train,violent,tILABXoHE7s_5
dataset/data/processed/train/violent/tIvvuvuJFYc_0/frame_sequence.pt,dataset/data/emotion/balanced-affectnet/train/non_violent/happy_01906.npy,dataset/data/pose/rwf2000/train/violent/tIvvuvuJFYc_0.npy,1,train,violent,tIvvuvuJFYc_0
dataset/data/processed/train/violent/tIvvuvuJFYc_1/frame_sequence.pt,dataset/data/emotion/balanced-affectnet/train/non_violent/neutral_00239.npy,dataset/data/pose/rwf2000/train/violent/tIvvuvuJFYc_1.npy,1,train,violent,tIvvuvuJFYc_1
dataset/data/processed/train/violent/tIvvuvuJFYc_2/frame_sequence.pt,dataset/data/emotion/balanced-affectnet/train/non_violent/neutral_03429.npy,dataset/data/pose/rwf2000/train/violent/tIvvuvuJFYc_2.npy,1,train,violent,tIvvuvuJFYc_2
dataset/data/processed/train/violent/tUzd4cN2_0/frame_sequence.pt,dataset/data/emotion/balanced-affectnet/train/non_violent/neutral_01585.npy,dataset/data/pose/rwf2000/train/violent/tUzd4cN2_0.npy,1,train,violent,tUzd4cN2_0
dataset/data/processed/train/violent/trhfd_1015/frame_sequence.pt,dataset/data/emotion/balanced-affectnet/train/non_violent/neutral_01823.npy,dataset/data/pose/rwf2000/train/violent/trhfd_1015.npy,1,train,violent,trhfd_1015
dataset/data/processed/train/violent/trhfd_1016/frame_sequence.pt,dataset/data/emotion/balanced-affectnet/train/non_violent/neutral_02260.npy,dataset/data/pose/rwf2000/train/violent/trhfd_1016.npy,1,train,violent,trhfd_1016
dataset/data/processed/train/violent/trhfd_1017/frame_sequence.pt,dataset/data/emotion/balanced-affectnet/train/non_violent/happy_02922.npy,dataset/data/pose/rwf2000/train/violent/trhfd_1017.npy,1,train,violent,trhfd_1017
dataset/data/processed/train/violent/trhfd_1018/frame_sequence.pt,dataset/data/emotion/balanced-affectnet/train/non_violent/neutral_00553.npy,dataset/data/pose/rwf2000/train/violent/trhfd_1018.npy,1,train,violent,trhfd_1018
dataset/data/processed/train/violent/trhfd_1019/frame_sequence.pt,dataset/data/emotion/balanced-affectnet/train/non_violent/neutral_00347.npy,dataset/data/pose/rwf2000/train/violent/trhfd_1019.npy,1,train,violent,trhfd_1019
dataset/data/processed/train/violent/truutrdf_1081/frame_sequence.pt,dataset/data/emotion/balanced-affectnet/train/non_violent/neutral_00353.npy,dataset/data/pose/rwf2000/train/violent/truutrdf_1081.npy,1,train,violent,truutrdf_1081
dataset/data/processed/train/violent/truutrdf_1082/frame_sequence.pt,dataset/data/emotion/balanced-affectnet/train/non_violent/neutral_02459.npy,dataset/data/pose/rwf2000/train/violent/truutrdf_1082.npy,1,train,violent,truutrdf_1082
dataset/data/processed/train/violent/truutrdf_1083/frame_sequence.pt,dataset/data/emotion/balanced-affectnet/train/non_violent/happy_01940.npy,dataset/data/pose/rwf2000/train/violent/truutrdf_1083.npy,1,train,violent,truutrdf_1083
dataset/data/processed/train/violent/truutrdf_1084/frame_sequence.pt,dataset/data/emotion/balanced-affectnet/train/non_violent/neutral_00968.npy,dataset/data/pose/rwf2000/train/violent/truutrdf_1084.npy,1,train,violent,truutrdf_1084
dataset/data/processed/train/violent/truutrdf_1085/frame_sequence.pt,dataset/data/emotion/balanced-affectnet/train/non_violent/neutral_00628.npy,dataset/data/pose/rwf2000/train/violent/truutrdf_1085.npy,1,train,violent,truutrdf_1085
dataset/data/processed/train/violent/truutrdf_1086/frame_sequence.pt,dataset/data/emotion/balanced-affectnet/train/non_violent/neutral_03514.npy,dataset/data/pose/rwf2000/train/violent/truutrdf_1086.npy,1,train,violent,truutrdf_1086
dataset/data/processed/train/violent/truutrdf_1087/frame_sequence.pt,dataset/data/emotion/balanced-affectnet/train/non_violent/neutral_03536.npy,dataset/data/pose/rwf2000/train/violent/truutrdf_1087.npy,1,train,violent,truutrdf_1087
dataset/data/processed/train/violent/tuQyUHkOpdk_0/frame_sequence.pt,dataset/data/emotion/balanced-affectnet/train/non_violent/neutral_03004.npy,dataset/data/pose/rwf2000/train/violent/tuQyUHkOpdk_0.npy,1,train,violent,tuQyUHkOpdk_0
dataset/data/processed/train/violent/u-29uYuR2cg_0/frame_sequence.pt,dataset/data/emotion/balanced-affectnet/train/non_violent/happy_01536.npy,dataset/data/pose/rwf2000/train/violent/u-29uYuR2cg_0.npy,1,train,violent,u-29uYuR2cg_0
dataset/data/processed/train/violent/u1r8f71c_0/frame_sequence.pt,dataset/data/emotion/balanced-affectnet/train/non_violent/neutral_02304.npy,dataset/data/pose/rwf2000/train/violent/u1r8f71c_0.npy,1,train,violent,u1r8f71c_0
dataset/data/processed/train/violent/u1r8f71c_1/frame_sequence.pt,dataset/data/emotion/balanced-affectnet/train/non_violent/happy_00770.npy,dataset/data/pose/rwf2000/train/violent/u1r8f71c_1.npy,1,train,violent,u1r8f71c_1
dataset/data/processed/train/violent/u1r8f71c_2/frame_sequence.pt,dataset/data/emotion/balanced-affectnet/train/non_violent/happy_02580.npy,dataset/data/pose/rwf2000/train/violent/u1r8f71c_2.npy,1,train,violent,u1r8f71c_2
dataset/data/processed/train/violent/u1r8f71c_3/frame_sequence.pt,dataset/data/emotion/balanced-affectnet/train/non_violent/neutral_01013.npy,dataset/data/pose/rwf2000/train/violent/u1r8f71c_3.npy,1,train,violent,u1r8f71c_3
dataset/data/processed/train/violent/u1r8f71c_4/frame_sequence.pt,dataset/data/emotion/balanced-affectnet/train/non_violent/neutral_02354.npy,dataset/data/pose/rwf2000/train/violent/u1r8f71c_4.npy,1,train,violent,u1r8f71c_4
dataset/data/processed/train/violent/u2Lkzfb0_0/frame_sequence.pt,dataset/data/emotion/balanced-affectnet/train/non_violent/neutral_02076.npy,dataset/data/pose/rwf2000/train/violent/u2Lkzfb0_0.npy,1,train,violent,u2Lkzfb0_0
dataset/data/processed/train/violent/u2Lkzfb0_1/frame_sequence.pt,dataset/data/emotion/balanced-affectnet/train/non_violent/neutral_01949.npy,dataset/data/pose/rwf2000/train/violent/u2Lkzfb0_1.npy,1,train,violent,u2Lkzfb0_1
dataset/data/processed/train/violent/u2Lkzfb0_2/frame_sequence.pt,dataset/data/emotion/balanced-affectnet/train/non_violent/happy_03046.npy,dataset/data/pose/rwf2000/train/violent/u2Lkzfb0_2.npy,1,train,violent,u2Lkzfb0_2
dataset/data/processed/train/violent/u2Lkzfb0_3/frame_sequence.pt,dataset/data/emotion/balanced-affectnet/train/non_violent/happy_00853.npy,dataset/data/pose/rwf2000/train/violent/u2Lkzfb0_3.npy,1,train,violent,u2Lkzfb0_3
dataset/data/processed/train/violent/uGGFPY75IYQ_0/frame_sequence.pt,dataset/data/emotion/balanced-affectnet/train/non_violent/sad_00160.npy,dataset/data/pose/rwf2000/train/violent/uGGFPY75IYQ_0.npy,1,train,violent,uGGFPY75IYQ_0
dataset/data/processed/train/violent/uGGFPY75IYQ_1/frame_sequence.pt,dataset/data/emotion/balanced-affectnet/train/non_violent/neutral_03149.npy,dataset/data/pose/rwf2000/train/violent/uGGFPY75IYQ_1.npy,1,train,violent,uGGFPY75IYQ_1
dataset/data/processed/train/violent/uKFI67bUzfg_0/frame_sequence.pt,dataset/data/emotion/balanced-affectnet/train/non_violent/happy_02136.npy,dataset/data/pose/rwf2000/train/violent/uKFI67bUzfg_0.npy,1,train,violent,uKFI67bUzfg_0
dataset/data/processed/train/violent/uKFI67bUzfg_1/frame_sequence.pt,dataset/data/emotion/balanced-affectnet/train/non_violent/neutral_02448.npy,dataset/data/pose/rwf2000/train/violent/uKFI67bUzfg_1.npy,1,train,violent,uKFI67bUzfg_1
dataset/data/processed/train/violent/uKFI67bUzfg_2/frame_sequence.pt,dataset/data/emotion/balanced-affectnet/train/non_violent/happy_02824.npy,dataset/data/pose/rwf2000/train/violent/uKFI67bUzfg_2.npy,1,train,violent,uKFI67bUzfg_2
dataset/data/processed/train/violent/uXf4C-YwbtM_1/frame_sequence.pt,dataset/data/emotion/balanced-affectnet/train/non_violent/happy_02043.npy,dataset/data/pose/rwf2000/train/violent/uXf4C-YwbtM_1.npy,1,train,violent,uXf4C-YwbtM_1
dataset/data/processed/train/violent/uXf4C-YwbtM_3/frame_sequence.pt,dataset/data/emotion/balanced-affectnet/train/non_violent/sad_00053.npy,dataset/data/pose/rwf2000/train/violent/uXf4C-YwbtM_3.npy,1,train,violent,uXf4C-YwbtM_3
dataset/data/processed/train/violent/ug2tQMG8DC0_0/frame_sequence.pt,dataset/data/emotion/balanced-affectnet/train/non_violent/happy_01807.npy,dataset/data/pose/rwf2000/train/violent/ug2tQMG8DC0_0.npy,1,train,violent,ug2tQMG8DC0_0
dataset/data/processed/train/violent/ug2tQMG8DC0_1/frame_sequence.pt,dataset/data/emotion/balanced-affectnet/train/non_violent/happy_01338.npy,dataset/data/pose/rwf2000/train/violent/ug2tQMG8DC0_1.npy,1,train,violent,ug2tQMG8DC0_1
dataset/data/processed/train/violent/ug2tQMG8DC0_2/frame_sequence.pt,dataset/data/emotion/balanced-affectnet/train/non_violent/happy_00220.npy,dataset/data/pose/rwf2000/train/violent/ug2tQMG8DC0_2.npy,1,train,violent,ug2tQMG8DC0_2
dataset/data/processed/train/violent/umOs1WLBkuo_0/frame_sequence.pt,dataset/data/emotion/balanced-affectnet/train/non_violent/happy_00415.npy,dataset/data/pose/rwf2000/train/violent/umOs1WLBkuo_0.npy,1,train,violent,umOs1WLBkuo_0
dataset/data/processed/train/violent/umOs1WLBkuo_1/frame_sequence.pt,dataset/data/emotion/balanced-affectnet/train/non_violent/happy_02235.npy,dataset/data/pose/rwf2000/train/violent/umOs1WLBkuo_1.npy,1,train,violent,umOs1WLBkuo_1
dataset/data/processed/train/violent/umOs1WLBkuo_2/frame_sequence.pt,dataset/data/emotion/balanced-affectnet/train/non_violent/neutral_00660.npy,dataset/data/pose/rwf2000/train/violent/umOs1WLBkuo_2.npy,1,train,violent,umOs1WLBkuo_2
dataset/data/processed/train/violent/vBwKQfJYG1Q_0/frame_sequence.pt,dataset/data/emotion/balanced-affectnet/train/non_violent/neutral_01887.npy,dataset/data/pose/rwf2000/train/violent/vBwKQfJYG1Q_0.npy,1,train,violent,vBwKQfJYG1Q_0
dataset/data/processed/train/violent/vBwKQfJYG1Q_1/frame_sequence.pt,dataset/data/emotion/balanced-affectnet/train/non_violent/neutral_03314.npy,dataset/data/pose/rwf2000/train/violent/vBwKQfJYG1Q_1.npy,1,train,violent,vBwKQfJYG1Q_1
dataset/data/processed/train/violent/vBwKQfJYG1Q_2/frame_sequence.pt,dataset/data/emotion/balanced-affectnet/train/non_violent/happy_00666.npy,dataset/data/pose/rwf2000/train/violent/vBwKQfJYG1Q_2.npy,1,train,violent,vBwKQfJYG1Q_2
dataset/data/processed/train/violent/vBwKQfJYG1Q_3/frame_sequence.pt,dataset/data/emotion/balanced-affectnet/train/non_violent/neutral_00485.npy,dataset/data/pose/rwf2000/train/violent/vBwKQfJYG1Q_3.npy,1,train,violent,vBwKQfJYG1Q_3
dataset/data/processed/train/violent/vBwKQfJYG1Q_4/frame_sequence.pt,dataset/data/emotion/balanced-affectnet/train/non_violent/neutral_00117.npy,dataset/data/pose/rwf2000/train/violent/vBwKQfJYG1Q_4.npy,1,train,violent,vBwKQfJYG1Q_4
dataset/data/processed/train/violent/vBwKQfJYG1Q_5/frame_sequence.pt,dataset/data/emotion/balanced-affectnet/train/non_violent/neutral_02061.npy,dataset/data/pose/rwf2000/train/violent/vBwKQfJYG1Q_5.npy,1,train,violent,vBwKQfJYG1Q_5
dataset/data/processed/train/violent/vBwKQfJYG1Q_6/frame_sequence.pt,dataset/data/emotion/balanced-affectnet/train/non_violent/neutral_01574.npy,dataset/data/pose/rwf2000/train/violent/vBwKQfJYG1Q_6.npy,1,train,violent,vBwKQfJYG1Q_6
dataset/data/processed/train/violent/vQKHxtrdEHM_0/frame_sequence.pt,dataset/data/emotion/balanced-affectnet/train/non_violent/happy_01764.npy,dataset/data/pose/rwf2000/train/violent/vQKHxtrdEHM_0.npy,1,train,violent,vQKHxtrdEHM_0
dataset/data/processed/train/violent/vQKHxtrdEHM_1/frame_sequence.pt,dataset/data/emotion/balanced-affectnet/train/non_violent/neutral_02877.npy,dataset/data/pose/rwf2000/train/violent/vQKHxtrdEHM_1.npy,1,train,violent,vQKHxtrdEHM_1
dataset/data/processed/train/violent/vQKHxtrdEHM_2/frame_sequence.pt,dataset/data/emotion/balanced-affectnet/train/non_violent/neutral_02679.npy,dataset/data/pose/rwf2000/train/violent/vQKHxtrdEHM_2.npy,1,train,violent,vQKHxtrdEHM_2
dataset/data/processed/train/violent/vQKHxtrdEHM_3/frame_sequence.pt,dataset/data/emotion/balanced-affectnet/train/non_violent/happy_03494.npy,dataset/data/pose/rwf2000/train/violent/vQKHxtrdEHM_3.npy,1,train,violent,vQKHxtrdEHM_3
dataset/data/processed/train/violent/vQKHxtrdEHM_4/frame_sequence.pt,dataset/data/emotion/balanced-affectnet/train/non_violent/neutral_00836.npy,dataset/data/pose/rwf2000/train/violent/vQKHxtrdEHM_4.npy,1,train,violent,vQKHxtrdEHM_4
dataset/data/processed/train/violent/vQKHxtrdEHM_5/frame_sequence.pt,dataset/data/emotion/balanced-affectnet/train/non_violent/happy_03635.npy,dataset/data/pose/rwf2000/train/violent/vQKHxtrdEHM_5.npy,1,train,violent,vQKHxtrdEHM_5
dataset/data/processed/train/violent/vQKHxtrdEHM_6/frame_sequence.pt,dataset/data/emotion/balanced-affectnet/train/non_violent/happy_02230.npy,dataset/data/pose/rwf2000/train/violent/vQKHxtrdEHM_6.npy,1,train,violent,vQKHxtrdEHM_6
dataset/data/processed/train/violent/vQKHxtrdEHM_7/frame_sequence.pt,dataset/data/emotion/balanced-affectnet/train/non_violent/happy_01345.npy,dataset/data/pose/rwf2000/train/violent/vQKHxtrdEHM_7.npy,1,train,violent,vQKHxtrdEHM_7
dataset/data/processed/train/violent/vQKHxtrdEHM_9/frame_sequence.pt,dataset/data/emotion/balanced-affectnet/train/non_violent/neutral_02312.npy,dataset/data/pose/rwf2000/train/violent/vQKHxtrdEHM_9.npy,1,train,violent,vQKHxtrdEHM_9
dataset/data/processed/train/violent/videoplayback (1)_54/frame_sequence.pt,dataset/data/emotion/balanced-affectnet/train/non_violent/neutral_02609.npy,dataset/data/pose/rwf2000/train/violent/videoplayback (1)_54.npy,1,train,violent,videoplayback (1)_54
dataset/data/processed/train/violent/videoplayback (1)_55/frame_sequence.pt,dataset/data/emotion/balanced-affectnet/train/non_violent/happy_00052.npy,dataset/data/pose/rwf2000/train/violent/videoplayback (1)_55.npy,1,train,violent,videoplayback (1)_55
dataset/data/processed/train/violent/videoplayback (2)_66/frame_sequence.pt,dataset/data/emotion/balanced-affectnet/train/non_violent/neutral_03176.npy,dataset/data/pose/rwf2000/train/violent/videoplayback (2)_66.npy,1,train,violent,videoplayback (2)_66
dataset/data/processed/train/violent/videoplayback (2)_74/frame_sequence.pt,dataset/data/emotion/balanced-affectnet/train/non_violent/neutral_03347.npy,dataset/data/pose/rwf2000/train/violent/videoplayback (2)_74.npy,1,train,violent,videoplayback (2)_74
dataset/data/processed/train/violent/videoplayback_92/frame_sequence.pt,dataset/data/emotion/balanced-affectnet/train/non_violent/happy_00978.npy,dataset/data/pose/rwf2000/train/violent/videoplayback_92.npy,1,train,violent,videoplayback_92
dataset/data/processed/train/violent/videoplayback_93/frame_sequence.pt,dataset/data/emotion/balanced-affectnet/train/non_violent/neutral_03423.npy,dataset/data/pose/rwf2000/train/violent/videoplayback_93.npy,1,train,violent,videoplayback_93
dataset/data/processed/train/violent/videoplayback_94/frame_sequence.pt,dataset/data/emotion/balanced-affectnet/train/non_violent/neutral_00223.npy,dataset/data/pose/rwf2000/train/violent/videoplayback_94.npy,1,train,violent,videoplayback_94
dataset/data/processed/train/violent/videoplayback_95/frame_sequence.pt,dataset/data/emotion/balanced-affectnet/train/non_violent/happy_01998.npy,dataset/data/pose/rwf2000/train/violent/videoplayback_95.npy,1,train,violent,videoplayback_95
dataset/data/processed/train/violent/w1T3NmEAt00_0/frame_sequence.pt,dataset/data/emotion/balanced-affectnet/train/non_violent/happy_01600.npy,dataset/data/pose/rwf2000/train/violent/w1T3NmEAt00_0.npy,1,train,violent,w1T3NmEAt00_0
dataset/data/processed/train/violent/wetrew_1195/frame_sequence.pt,dataset/data/emotion/balanced-affectnet/train/non_violent/sad_00066.npy,dataset/data/pose/rwf2000/train/violent/wetrew_1195.npy,1,train,violent,wetrew_1195
dataset/data/processed/train/violent/wetyh_1204/frame_sequence.pt,dataset/data/emotion/balanced-affectnet/train/non_violent/neutral_02689.npy,dataset/data/pose/rwf2000/train/violent/wetyh_1204.npy,1,train,violent,wetyh_1204
dataset/data/processed/train/violent/wetyh_1205/frame_sequence.pt,dataset/data/emotion/balanced-affectnet/train/non_violent/neutral_01064.npy,dataset/data/pose/rwf2000/train/violent/wetyh_1205.npy,1,train,violent,wetyh_1205
dataset/data/processed/train/violent/wetyh_1206/frame_sequence.pt,dataset/data/emotion/balanced-affectnet/train/non_violent/neutral_00581.npy,dataset/data/pose/rwf2000/train/violent/wetyh_1206.npy,1,train,violent,wetyh_1206
dataset/data/processed/train/violent/wetyh_1207/frame_sequence.pt,dataset/data/emotion/balanced-affectnet/train/non_violent/happy_00453.npy,dataset/data/pose/rwf2000/train/violent/wetyh_1207.npy,1,train,violent,wetyh_1207
dataset/data/processed/train/violent/wetyh_1208/frame_sequence.pt,dataset/data/emotion/balanced-affectnet/train/non_violent/neutral_01428.npy,dataset/data/pose/rwf2000/train/violent/wetyh_1208.npy,1,train,violent,wetyh_1208
dataset/data/processed/train/violent/wetyh_1223/frame_sequence.pt,dataset/data/emotion/balanced-affectnet/train/non_violent/happy_02286.npy,dataset/data/pose/rwf2000/train/violent/wetyh_1223.npy,1,train,violent,wetyh_1223
dataset/data/processed/train/violent/wetyh_1224/frame_sequence.pt,dataset/data/emotion/balanced-affectnet/train/non_violent/happy_01111.npy,dataset/data/pose/rwf2000/train/violent/wetyh_1224.npy,1,train,violent,wetyh_1224
dataset/data/processed/train/violent/wxdRVAZk_0/frame_sequence.pt,dataset/data/emotion/balanced-affectnet/train/non_violent/neutral_00512.npy,dataset/data/pose/rwf2000/train/violent/wxdRVAZk_0.npy,1,train,violent,wxdRVAZk_0
dataset/data/processed/train/violent/wxdRVAZk_1/frame_sequence.pt,dataset/data/emotion/balanced-affectnet/train/non_violent/happy_01223.npy,dataset/data/pose/rwf2000/train/violent/wxdRVAZk_1.npy,1,train,violent,wxdRVAZk_1
dataset/data/processed/train/violent/xKq3hlefCUI_0/frame_sequence.pt,dataset/data/emotion/balanced-affectnet/train/non_violent/sad_00051.npy,dataset/data/pose/rwf2000/train/violent/xKq3hlefCUI_0.npy,1,train,violent,xKq3hlefCUI_0
dataset/data/processed/train/violent/xKq3hlefCUI_1/frame_sequence.pt,dataset/data/emotion/balanced-affectnet/train/non_violent/neutral_00588.npy,dataset/data/pose/rwf2000/train/violent/xKq3hlefCUI_1.npy,1,train,violent,xKq3hlefCUI_1
dataset/data/processed/train/violent/xrlCdUaagHY_0/frame_sequence.pt,dataset/data/emotion/balanced-affectnet/train/non_violent/neutral_02440.npy,dataset/data/pose/rwf2000/train/violent/xrlCdUaagHY_0.npy,1,train,violent,xrlCdUaagHY_0
dataset/data/processed/train/violent/z19nkHMw_0/frame_sequence.pt,dataset/data/emotion/balanced-affectnet/train/non_violent/neutral_01190.npy,dataset/data/pose/rwf2000/train/violent/z19nkHMw_0.npy,1,train,violent,z19nkHMw_0
dataset/data/processed/train/violent/z19nkHMw_1/frame_sequence.pt,dataset/data/emotion/balanced-affectnet/train/non_violent/neutral_01448.npy,dataset/data/pose/rwf2000/train/violent/z19nkHMw_1.npy,1,train,violent,z19nkHMw_1
dataset/data/processed/train/violent/z1WyVUv8_0/frame_sequence.pt,dataset/data/emotion/balanced-affectnet/train/non_violent/neutral_01778.npy,dataset/data/pose/rwf2000/train/violent/z1WyVUv8_0.npy,1,train,violent,z1WyVUv8_0
dataset/data/processed/train/violent/z1WyVUv8_1/frame_sequence.pt,dataset/data/emotion/balanced-affectnet/train/non_violent/happy_02906.npy,dataset/data/pose/rwf2000/train/violent/z1WyVUv8_1.npy,1,train,violent,z1WyVUv8_1
dataset/data/processed/train/violent/z1WyVUv8_2/frame_sequence.pt,dataset/data/emotion/balanced-affectnet/train/non_violent/neutral_03236.npy,dataset/data/pose/rwf2000/train/violent/z1WyVUv8_2.npy,1,train,violent,z1WyVUv8_2
dataset/data/processed/train/violent/z7dOEJwUpVk_0/frame_sequence.pt,dataset/data/emotion/balanced-affectnet/train/non_violent/neutral_00390.npy,dataset/data/pose/rwf2000/train/violent/z7dOEJwUpVk_0.npy,1,train,violent,z7dOEJwUpVk_0
dataset/data/processed/train/violent/zuCTuKvj_0/frame_sequence.pt,dataset/data/emotion/balanced-affectnet/train/non_violent/neutral_01934.npy,dataset/data/pose/rwf2000/train/violent/zuCTuKvj_0.npy,1,train,violent,zuCTuKvj_0
dataset/data/processed/train/violent/zuCTuKvj_1/frame_sequence.pt,dataset/data/emotion/balanced-affectnet/train/non_violent/sad_00195.npy,dataset/data/pose/rwf2000/train/violent/zuCTuKvj_1.npy,1,train,violent,zuCTuKvj_1
dataset/data/processed/train/violent/zuCTuKvj_2/frame_sequence.pt,dataset/data/emotion/balanced-affectnet/train/non_violent/neutral_02920.npy,dataset/data/pose/rwf2000/train/violent/zuCTuKvj_2.npy,1,train,violent,zuCTuKvj_2
dataset/data/processed/train/violent/zuCTuKvj_3/frame_sequence.pt,dataset/data/emotion/balanced-affectnet/train/non_violent/neutral_00950.npy,dataset/data/pose/rwf2000/train/violent/zuCTuKvj_3.npy,1,train,violent,zuCTuKvj_3
dataset/data/processed/train/violent/zuCTuKvj_5/frame_sequence.pt,dataset/data/emotion/balanced-affectnet/train/non_violent/neutral_00248.npy,dataset/data/pose/rwf2000/train/violent/zuCTuKvj_5.npy,1,train,violent,zuCTuKvj_5
dataset/data/processed/train/violent/ф╕дхе│хнРх║ЧщЗМцЙУцЮ╢я╝МхН┤х╝ХхПСцХ░хРНчФ╖хнРхЗ║цЙЛя╝МцШпф╗Аф╣ИхОЯхЫая╝ЯчЫСцОзцЛНф╕ЛхЕичиЛ_urlgot_220/frame_sequence.pt,dataset/data/emotion/balanced-affectnet/train/non_violent/neutral_01351.npy,dataset/data/pose/rwf2000/train/violent/ф╕дхе│хнРх║ЧщЗМцЙУцЮ╢я╝МхН┤х╝ХхПСцХ░хРНчФ╖хнРхЗ║цЙЛя╝МцШпф╗Аф╣ИхОЯхЫая╝ЯчЫСцОзцЛНф╕ЛхЕичиЛ_urlgot_220.npy,1,train,violent,ф╕дхе│хнРх║ЧщЗМцЙУцЮ╢я╝МхН┤х╝ХхПСцХ░хРНчФ╖хнРхЗ║цЙЛя╝МцШпф╗Аф╣ИхОЯхЫая╝ЯчЫСцОзцЛНф╕ЛхЕичиЛ_urlgot_220
dataset/data/processed/train/violent/ф╕дхе│хнРх║ЧщЗМцЙУцЮ╢я╝МхН┤х╝ХхПСцХ░хРНчФ╖хнРхЗ║цЙЛя╝МцШпф╗Аф╣ИхОЯхЫая╝ЯчЫСцОзцЛНф╕ЛхЕичиЛ_urlgot_221/frame_sequence.pt,dataset/data/emotion/balanced-affectnet/train/non_violent/neutral_00420.npy,dataset/data/pose/rwf2000/train/violent/ф╕дхе│хнРх║ЧщЗМцЙУцЮ╢я╝МхН┤х╝ХхПСцХ░хРНчФ╖хнРхЗ║цЙЛя╝МцШпф╗Аф╣ИхОЯхЫая╝ЯчЫСцОзцЛНф╕ЛхЕичиЛ_urlgot_221.npy,1,train,violent,ф╕дхе│хнРх║ЧщЗМцЙУцЮ╢я╝МхН┤х╝ХхПСцХ░хРНчФ╖хнРхЗ║цЙЛя╝МцШпф╗Аф╣ИхОЯхЫая╝ЯчЫСцОзцЛНф╕ЛхЕичиЛ_urlgot_221
dataset/data/processed/train/violent/хРМшбМшАБцЭ┐хПлцЭех╕оц┤╛цЙУцЮ╢я╝Мф╕Лф╕АчзТцЬЙф║║шзБцн╗чеЮф║Жя╝МчЫСцОзцЛНф╕ЛцГичГИчФ╗щЭвя╝Б_urlgot_222/frame_sequence.pt,dataset/data/emotion/balanced-affectnet/train/non_violent/happy_01460.npy,dataset/data/pose/rwf2000/train/violent/хРМшбМшАБцЭ┐хПлцЭех╕оц┤╛цЙУцЮ╢я╝Мф╕Лф╕АчзТцЬЙф║║шзБцн╗чеЮф║Жя╝МчЫСцОзцЛНф╕ЛцГичГИчФ╗щЭвя╝Б_urlgot_222.npy,1,train,violent,хРМшбМшАБцЭ┐хПлцЭех╕оц┤╛цЙУцЮ╢я╝Мф╕Лф╕АчзТцЬЙф║║шзБцн╗чеЮф║Жя╝МчЫСцОзцЛНф╕ЛцГичГИчФ╗щЭвя╝Б_urlgot_222
dataset/data/processed/train/violent/хРМшбМшАБцЭ┐хПлцЭех╕оц┤╛цЙУцЮ╢я╝Мф╕Лф╕АчзТцЬЙф║║шзБцн╗чеЮф║Жя╝МчЫСцОзцЛНф╕ЛцГичГИчФ╗щЭвя╝Б_urlgot_223/frame_sequence.pt,dataset/data/emotion/balanced-affectnet/train/non_violent/neutral_03142.npy,dataset/data/pose/rwf2000/train/violent/хРМшбМшАБцЭ┐хПлцЭех╕оц┤╛цЙУцЮ╢я╝Мф╕Лф╕АчзТцЬЙф║║шзБцн╗чеЮф║Жя╝МчЫСцОзцЛНф╕ЛцГичГИчФ╗щЭвя╝Б_urlgot_223.npy,1,train,violent,хРМшбМшАБцЭ┐хПлцЭех╕оц┤╛цЙУцЮ╢я╝Мф╕Лф╕АчзТцЬЙф║║шзБцн╗чеЮф║Жя╝МчЫСцОзцЛНф╕ЛцГичГИчФ╗щЭвя╝Б_urlgot_223
dataset/data/processed/train/violent/хРМшбМшАБцЭ┐хПлцЭех╕оц┤╛цЙУцЮ╢я╝Мф╕Лф╕АчзТцЬЙф║║шзБцн╗чеЮф║Жя╝МчЫСцОзцЛНф╕ЛцГичГИчФ╗щЭвя╝Б_urlgot_224/frame_sequence.pt,dataset/data/emotion/balanced-affectnet/train/non_violent/neutral_00682.npy,dataset/data/pose/rwf2000/train/violent/хРМшбМшАБцЭ┐хПлцЭех╕оц┤╛цЙУцЮ╢я╝Мф╕Лф╕АчзТцЬЙф║║шзБцн╗чеЮф║Жя╝МчЫСцОзцЛНф╕ЛцГичГИчФ╗щЭвя╝Б_urlgot_224.npy,1,train,violent,хРМшбМшАБцЭ┐хПлцЭех╕оц┤╛цЙУцЮ╢я╝Мф╕Лф╕АчзТцЬЙф║║шзБцн╗чеЮф║Жя╝МчЫСцОзцЛНф╕ЛцГичГИчФ╗щЭвя╝Б_urlgot_224
dataset/data/processed/train/violent/хРОхОищЗМщЭвф╕АшиАф╕НхРИх░▒х╝АцЙУя╝МцЛЙцЮ╢хПШцЙУцЮ╢я╝МчО░хЬ║ф╕АчЙЗц╖╖ф╣▒я╝МчЫСцОзцЛНф╕ЛхЕичиЛ_urlgot_233/frame_sequence.pt,dataset/data/emotion/balanced-affectnet/train/non_violent/neutral_00457.npy,dataset/data/pose/rwf2000/train/violent/хРОхОищЗМщЭвф╕АшиАф╕НхРИх░▒х╝АцЙУя╝МцЛЙцЮ╢хПШцЙУцЮ╢я╝МчО░хЬ║ф╕АчЙЗц╖╖ф╣▒я╝МчЫСцОзцЛНф╕ЛхЕичиЛ_urlgot_233.npy,1,train,violent,хРОхОищЗМщЭвф╕АшиАф╕НхРИх░▒х╝АцЙУя╝МцЛЙцЮ╢хПШцЙУцЮ╢я╝МчО░хЬ║ф╕АчЙЗц╖╖ф╣▒я╝МчЫСцОзцЛНф╕ЛхЕичиЛ_urlgot_233
dataset/data/processed/train/violent/хРОхОищЗМщЭвф╕АшиАф╕НхРИх░▒х╝АцЙУя╝МцЛЙцЮ╢хПШцЙУцЮ╢я╝МчО░хЬ║ф╕АчЙЗц╖╖ф╣▒я╝МчЫСцОзцЛНф╕ЛхЕичиЛ_urlgot_235/frame_sequence.pt,dataset/data/emotion/balanced-affectnet/train/non_violent/happy_02384.npy,dataset/data/pose/rwf2000/train/violent/хРОхОищЗМщЭвф╕АшиАф╕НхРИх░▒х╝АцЙУя╝МцЛЙцЮ╢хПШцЙУцЮ╢я╝МчО░хЬ║ф╕АчЙЗц╖╖ф╣▒я╝МчЫСцОзцЛНф╕ЛхЕичиЛ_urlgot_235.npy,1,train,violent,хРОхОищЗМщЭвф╕АшиАф╕НхРИх░▒х╝АцЙУя╝МцЛЙцЮ╢хПШцЙУцЮ╢я╝МчО░хЬ║ф╕АчЙЗц╖╖ф╣▒я╝МчЫСцОзцЛНф╕ЛхЕичиЛ_urlgot_235
dataset/data/processed/train/violent/хРОхОищЗМщЭвф╕АшиАф╕НхРИх░▒х╝АцЙУя╝МцЛЙцЮ╢хПШцЙУцЮ╢я╝МчО░хЬ║ф╕АчЙЗц╖╖ф╣▒я╝МчЫСцОзцЛНф╕ЛхЕичиЛ_urlgot_236/frame_sequence.pt,dataset/data/emotion/balanced-affectnet/train/non_violent/neutral_03217.npy,dataset/data/pose/rwf2000/train/violent/хРОхОищЗМщЭвф╕АшиАф╕НхРИх░▒х╝АцЙУя╝МцЛЙцЮ╢хПШцЙУцЮ╢я╝МчО░хЬ║ф╕АчЙЗц╖╖ф╣▒я╝МчЫСцОзцЛНф╕ЛхЕичиЛ_urlgot_236.npy,1,train,violent,хРОхОищЗМщЭвф╕АшиАф╕НхРИх░▒х╝АцЙУя╝МцЛЙцЮ╢хПШцЙУцЮ╢я╝МчО░хЬ║ф╕АчЙЗц╖╖ф╣▒я╝МчЫСцОзцЛНф╕ЛхЕичиЛ_urlgot_236
dataset/data/processed/train/violent/хРОхОищЗМщЭвф╕АшиАф╕НхРИх░▒х╝АцЙУя╝МцЛЙцЮ╢хПШцЙУцЮ╢я╝МчО░хЬ║ф╕АчЙЗц╖╖ф╣▒я╝МчЫСцОзцЛНф╕ЛхЕичиЛ_urlgot_237/frame_sequence.pt,dataset/data/emotion/balanced-affectnet/train/non_violent/happy_02273.npy,dataset/data/pose/rwf2000/train/violent/хРОхОищЗМщЭвф╕АшиАф╕НхРИх░▒х╝АцЙУя╝МцЛЙцЮ╢хПШцЙУцЮ╢я╝МчО░хЬ║ф╕АчЙЗц╖╖ф╣▒я╝МчЫСцОзцЛНф╕ЛхЕичиЛ_urlgot_237.npy,1,train,violent,хРОхОищЗМщЭвф╕АшиАф╕НхРИх░▒х╝АцЙУя╝МцЛЙцЮ╢хПШцЙУцЮ╢я╝МчО░хЬ║ф╕АчЙЗц╖╖ф╣▒я╝МчЫСцОзцЛНф╕ЛхЕичиЛ_urlgot_237
dataset/data/processed/train/violent/хРОхОищЗМщЭвф╕АшиАф╕НхРИх░▒х╝АцЙУя╝МцЛЙцЮ╢хПШцЙУцЮ╢я╝МчО░хЬ║ф╕АчЙЗц╖╖ф╣▒я╝МчЫСцОзцЛНф╕ЛхЕичиЛ_urlgot_238/frame_sequence.pt,dataset/data/emotion/balanced-affectnet/train/non_violent/neutral_02175.npy,dataset/data/pose/rwf2000/train/violent/хРОхОищЗМщЭвф╕АшиАф╕НхРИх░▒х╝АцЙУя╝МцЛЙцЮ╢хПШцЙУцЮ╢я╝МчО░хЬ║ф╕АчЙЗц╖╖ф╣▒я╝МчЫСцОзцЛНф╕ЛхЕичиЛ_urlgot_238.npy,1,train,violent,хРОхОищЗМщЭвф╕АшиАф╕НхРИх░▒х╝АцЙУя╝МцЛЙцЮ╢хПШцЙУцЮ╢я╝МчО░хЬ║ф╕АчЙЗц╖╖ф╣▒я╝МчЫСцОзцЛНф╕ЛхЕичиЛ_urlgot_238
dataset/data/processed/train/violent/хРОхОищЗМщЭвф╕АшиАф╕НхРИх░▒х╝АцЙУя╝МцЛЙцЮ╢хПШцЙУцЮ╢я╝МчО░хЬ║ф╕АчЙЗц╖╖ф╣▒я╝МчЫСцОзцЛНф╕ЛхЕичиЛ_urlgot_242/frame_sequence.pt,dataset/data/emotion/balanced-affectnet/train/non_violent/happy_02549.npy,dataset/data/pose/rwf2000/train/violent/хРОхОищЗМщЭвф╕АшиАф╕НхРИх░▒х╝АцЙУя╝МцЛЙцЮ╢хПШцЙУцЮ╢я╝МчО░хЬ║ф╕АчЙЗц╖╖ф╣▒я╝МчЫСцОзцЛНф╕ЛхЕичиЛ_urlgot_242.npy,1,train,violent,хРОхОищЗМщЭвф╕АшиАф╕НхРИх░▒х╝АцЙУя╝МцЛЙцЮ╢хПШцЙУцЮ╢я╝МчО░хЬ║ф╕АчЙЗц╖╖ф╣▒я╝МчЫСцОзцЛНф╕ЛхЕичиЛ_urlgot_242
dataset/data/processed/train/violent/хдзщЩЖчРЖхПСх║ЧхПСчФЯчаНф║║ф║Лф╗╢я╝Мф╕ЛцЙЛчЬЯчЛая╝Б_urlgot_121/frame_sequence.pt,dataset/data/emotion/balanced-affectnet/train/non_violent/neutral_03349.npy,dataset/data/pose/rwf2000/train/violent/хдзщЩЖчРЖхПСх║ЧхПСчФЯчаНф║║ф║Лф╗╢я╝Мф╕ЛцЙЛчЬЯчЛая╝Б_urlgot_121.npy,1,train,violent,хдзщЩЖчРЖхПСх║ЧхПСчФЯчаНф║║ф║Лф╗╢я╝Мф╕ЛцЙЛчЬЯчЛая╝Б_urlgot_121
dataset/data/processed/train/violent/хдзщЩЖчРЖхПСх║ЧхПСчФЯчаНф║║ф║Лф╗╢я╝Мф╕ЛцЙЛчЬЯчЛая╝Б_urlgot_122/frame_sequence.pt,dataset/data/emotion/balanced-affectnet/train/non_violent/neutral_03458.npy,dataset/data/pose/rwf2000/train/violent/хдзщЩЖчРЖхПСх║ЧхПСчФЯчаНф║║ф║Лф╗╢я╝Мф╕ЛцЙЛчЬЯчЛая╝Б_urlgot_122.npy,1,train,violent,хдзщЩЖчРЖхПСх║ЧхПСчФЯчаНф║║ф║Лф╗╢я╝Мф╕ЛцЙЛчЬЯчЛая╝Б_urlgot_122
dataset/data/processed/train/violent/хдзщЩЖчРЖхПСх║ЧхПСчФЯчаНф║║ф║Лф╗╢я╝Мф╕ЛцЙЛчЬЯчЛая╝Б_urlgot_123/frame_sequence.pt,dataset/data/emotion/balanced-affectnet/train/non_violent/neutral_01114.npy,dataset/data/pose/rwf2000/train/violent/хдзщЩЖчРЖхПСх║ЧхПСчФЯчаНф║║ф║Лф╗╢я╝Мф╕ЛцЙЛчЬЯчЛая╝Б_urlgot_123.npy,1,train,violent,хдзщЩЖчРЖхПСх║ЧхПСчФЯчаНф║║ф║Лф╗╢я╝Мф╕ЛцЙЛчЬЯчЛая╝Б_urlgot_123
dataset/data/processed/train/violent/хдзщЩЖчРЖхПСх║ЧхПСчФЯчаНф║║ф║Лф╗╢я╝Мф╕ЛцЙЛчЬЯчЛая╝Б_urlgot_127/frame_sequence.pt,dataset/data/emotion/balanced-affectnet/train/non_violent/neutral_00773.npy,dataset/data/pose/rwf2000/train/violent/хдзщЩЖчРЖхПСх║ЧхПСчФЯчаНф║║ф║Лф╗╢я╝Мф╕ЛцЙЛчЬЯчЛая╝Б_urlgot_127.npy,1,train,violent,хдзщЩЖчРЖхПСх║ЧхПСчФЯчаНф║║ф║Лф╗╢я╝Мф╕ЛцЙЛчЬЯчЛая╝Б_urlgot_127
"dataset/data/processed/train/violent/хжВцЮЬф╕НцШпчЫСцОз,ш░Бф╝ЪчЫ╕ф┐бх░Пф╝Щф╕║ф║ЖцЙУцЮ╢чЫ┤цОеф╗Оф║Мце╝ш╖│ф╕ЛхО╗_urlgot_254/frame_sequence.pt",dataset/data/emotion/balanced-affectnet/train/non_violent/neutral_02085.npy,"dataset/data/pose/rwf2000/train/violent/хжВцЮЬф╕НцШпчЫСцОз,ш░Бф╝ЪчЫ╕ф┐бх░Пф╝Щф╕║ф║ЖцЙУцЮ╢чЫ┤цОеф╗Оф║Мце╝ш╖│ф╕ЛхО╗_urlgot_254.npy",1,train,violent,"хжВцЮЬф╕НцШпчЫСцОз,ш░Бф╝ЪчЫ╕ф┐бх░Пф╝Щф╕║ф║ЖцЙУцЮ╢чЫ┤цОеф╗Оф║Мце╝ш╖│ф╕ЛхО╗_urlgot_254"
dataset/data/processed/train/violent/х╣┐ф╕ЬчЬБц▒Ххд┤х╕Вц╜ощШ│хМ║щУЬчЫВщХЗц▓│щЩЗцЭСцЪ┤хКЫф║Лф╗╢чЫСцОзшзЖщвС2_urlgot_138/frame_sequence.pt,dataset/data/emotion/balanced-affectnet/train/non_violent/happy_02193.npy,dataset/data/pose/rwf2000/train/violent/х╣┐ф╕ЬчЬБц▒Ххд┤х╕Вц╜ощШ│хМ║щУЬчЫВщХЗц▓│щЩЗцЭСцЪ┤хКЫф║Лф╗╢чЫСцОзшзЖщвС2_urlgot_138.npy,1,train,violent,х╣┐ф╕ЬчЬБц▒Ххд┤х╕Вц╜ощШ│хМ║щУЬчЫВщХЗц▓│щЩЗцЭСцЪ┤хКЫф║Лф╗╢чЫСцОзшзЖщвС2_urlgot_138
dataset/data/processed/train/violent/х╣┐ф╕ЬчЬБц▒Ххд┤х╕Вц╜ощШ│хМ║щУЬчЫВщХЗц▓│щЩЗцЭСцЪ┤хКЫф║Лф╗╢чЫСцОзшзЖщвС2_urlgot_139/frame_sequence.pt,dataset/data/emotion/balanced-affectnet/train/non_violent/happy_02528.npy,dataset/data/pose/rwf2000/train/violent/х╣┐ф╕ЬчЬБц▒Ххд┤х╕Вц╜ощШ│хМ║щУЬчЫВщХЗц▓│щЩЗцЭСцЪ┤хКЫф║Лф╗╢чЫСцОзшзЖщвС2_urlgot_139.npy,1,train,violent,х╣┐ф╕ЬчЬБц▒Ххд┤х╕Вц╜ощШ│хМ║щУЬчЫВщХЗц▓│щЩЗцЭСцЪ┤хКЫф║Лф╗╢чЫСцОзшзЖщвС2_urlgot_139
dataset/data/processed/train/violent/х╣┐ф╕ЬчЬБц▒Ххд┤х╕Вц╜ощШ│хМ║щУЬчЫВщХЗц▓│щЩЗцЭСцЪ┤хКЫф║Лф╗╢чЫСцОзшзЖщвС2_urlgot_140/frame_sequence.pt,dataset/data/emotion/balanced-affectnet/train/non_violent/neutral_00373.npy,dataset/data/pose/rwf2000/train/violent/х╣┐ф╕ЬчЬБц▒Ххд┤х╕Вц╜ощШ│хМ║щУЬчЫВщХЗц▓│щЩЗцЭСцЪ┤хКЫф║Лф╗╢чЫСцОзшзЖщвС2_urlgot_140.npy,1,train,violent,х╣┐ф╕ЬчЬБц▒Ххд┤х╕Вц╜ощШ│хМ║щУЬчЫВщХЗц▓│щЩЗцЭСцЪ┤хКЫф║Лф╗╢чЫСцОзшзЖщвС2_urlgot_140
dataset/data/processed/train/violent/х╣┐ф╕ЬчЬБц▒Ххд┤х╕Вц╜ощШ│хМ║щУЬчЫВщХЗц▓│щЩЗцЭСцЪ┤хКЫф║Лф╗╢чЫСцОзшзЖщвС2_urlgot_141/frame_sequence.pt,dataset/data/emotion/balanced-affectnet/train/non_violent/happy_00710.npy,dataset/data/pose/rwf2000/train/violent/х╣┐ф╕ЬчЬБц▒Ххд┤х╕Вц╜ощШ│хМ║щУЬчЫВщХЗц▓│щЩЗцЭСцЪ┤хКЫф║Лф╗╢чЫСцОзшзЖщвС2_urlgot_141.npy,1,train,violent,х╣┐ф╕ЬчЬБц▒Ххд┤х╕Вц╜ощШ│хМ║щУЬчЫВщХЗц▓│щЩЗцЭСцЪ┤хКЫф║Лф╗╢чЫСцОзшзЖщвС2_urlgot_141
dataset/data/processed/train/violent/чЫСцОз-шЛ▒хЫ╜шнжхпЯцЪ┤хКЫцо┤цЙУхе│хлМчКп_urlgot_210/frame_sequence.pt,dataset/data/emotion/balanced-affectnet/train/non_violent/neutral_02890.npy,dataset/data/pose/rwf2000/train/violent/чЫСцОз-шЛ▒хЫ╜шнжхпЯцЪ┤хКЫцо┤цЙУхе│хлМчКп_urlgot_210.npy,1,train,violent,чЫСцОз-шЛ▒хЫ╜шнжхпЯцЪ┤хКЫцо┤цЙУхе│хлМчКп_urlgot_210
dataset/data/processed/train/violent/чЫСцОзцЛНф╕ЛщдРхОЕф╕Ач╛дх░Пф╝ЩцЙУцЮ╢цЦЧцо┤ шАБцЭ┐чЮмщЧ┤хПСщгЩф║Ж_urlgot_267/frame_sequence.pt,dataset/data/emotion/balanced-affectnet/train/non_violent/happy_02626.npy,dataset/data/pose/rwf2000/train/violent/чЫСцОзцЛНф╕ЛщдРхОЕф╕Ач╛дх░Пф╝ЩцЙУцЮ╢цЦЧцо┤ шАБцЭ┐чЮмщЧ┤хПСщгЩф║Ж_urlgot_267.npy,1,train,violent,чЫСцОзцЛНф╕ЛщдРхОЕф╕Ач╛дх░Пф╝ЩцЙУцЮ╢цЦЧцо┤ шАБцЭ┐чЮмщЧ┤хПСщгЩф║Ж_urlgot_267
dataset/data/processed/train/violent/чЫСцОзцЛНф╕ЛщдРхОЕф╕Ач╛дх░Пф╝ЩцЙУцЮ╢цЦЧцо┤ шАБцЭ┐чЮмщЧ┤хПСщгЩф║Ж_urlgot_268/frame_sequence.pt,dataset/data/emotion/balanced-affectnet/train/non_violent/happy_02152.npy,dataset/data/pose/rwf2000/train/violent/чЫСцОзцЛНф╕ЛщдРхОЕф╕Ач╛дх░Пф╝ЩцЙУцЮ╢цЦЧцо┤ шАБцЭ┐чЮмщЧ┤хПСщгЩф║Ж_urlgot_268.npy,1,train,violent,чЫСцОзцЛНф╕ЛщдРхОЕф╕Ач╛дх░Пф╝ЩцЙУцЮ╢цЦЧцо┤ шАБцЭ┐чЮмщЧ┤хПСщгЩф║Ж_urlgot_268
dataset/data/processed/train/violent/чЫСцОзцЛНф╕ЛщдРхОЕф╕Ач╛дх░Пф╝ЩцЙУцЮ╢цЦЧцо┤ шАБцЭ┐чЮмщЧ┤хПСщгЩф║Ж_urlgot_279/frame_sequence.pt,dataset/data/emotion/balanced-affectnet/train/non_violent/happy_02502.npy,dataset/data/pose/rwf2000/train/violent/чЫСцОзцЛНф╕ЛщдРхОЕф╕Ач╛дх░Пф╝ЩцЙУцЮ╢цЦЧцо┤ шАБцЭ┐чЮмщЧ┤хПСщгЩф║Ж_urlgot_279.npy,1,train,violent,чЫСцОзцЛНф╕ЛщдРхОЕф╕Ач╛дх░Пф╝ЩцЙУцЮ╢цЦЧцо┤ шАБцЭ┐чЮмщЧ┤хПСщгЩф║Ж_urlgot_279
dataset/data/processed/train/violent/ч╜СхРзщБнх░Пц╖╖ц╖╖цЙУцЮ╢я╝МчЫСцОзхЕичиЛцЛНцСД_urlgot_317/frame_sequence.pt,dataset/data/emotion/balanced-affectnet/train/non_violent/happy_03088.npy,dataset/data/pose/rwf2000/train/violent/ч╜СхРзщБнх░Пц╖╖ц╖╖цЙУцЮ╢я╝МчЫСцОзхЕичиЛцЛНцСД_urlgot_317.npy,1,train,violent,ч╜СхРзщБнх░Пц╖╖ц╖╖цЙУцЮ╢я╝МчЫСцОзхЕичиЛцЛНцСД_urlgot_317
dataset/data/processed/train/non_violent/-1l5631l3fg_0/frame_sequence.pt,dataset/data/emotion/balanced-affectnet/train/violent/anger_01310.npy,dataset/data/pose/rwf2000/train/non_violent/-1l5631l3fg_0.npy,0,train,non_violent,-1l5631l3fg_0
dataset/data/processed/train/non_violent/-1l5631l3fg_1/frame_sequence.pt,dataset/data/emotion/balanced-affectnet/train/violent/surprise_00879.npy,dataset/data/pose/rwf2000/train/non_violent/-1l5631l3fg_1.npy,0,train,non_violent,-1l5631l3fg_1
dataset/data/processed/train/non_violent/0AvTZRYx_0/frame_sequence.pt,dataset/data/emotion/balanced-affectnet/train/violent/fear_00829.npy,dataset/data/pose/rwf2000/train/non_violent/0AvTZRYx_0.npy,0,train,non_violent,0AvTZRYx_0
dataset/data/processed/train/non_violent/0GGPb4iO_0/frame_sequence.pt,dataset/data/emotion/balanced-affectnet/train/violent/anger_00331.npy,dataset/data/pose/rwf2000/train/non_violent/0GGPb4iO_0.npy,0,train,non_violent,0GGPb4iO_0
dataset/data/processed/train/non_violent/0H2s9UJcNJ0_0/frame_sequence.pt,dataset/data/emotion/balanced-affectnet/train/violent/anger_00568.npy,dataset/data/pose/rwf2000/train/non_violent/0H2s9UJcNJ0_0.npy,0,train,non_violent,0H2s9UJcNJ0_0
dataset/data/processed/train/non_violent/0H2s9UJcNJ0_1/frame_sequence.pt,dataset/data/emotion/balanced-affectnet/train/violent/anger_00620.npy,dataset/data/pose/rwf2000/train/non_violent/0H2s9UJcNJ0_1.npy,0,train,non_violent,0H2s9UJcNJ0_1
dataset/data/processed/train/non_violent/0H2s9UJcNJ0_2/frame_sequence.pt,dataset/data/emotion/balanced-affectnet/train/violent/anger_00951.npy,dataset/data/pose/rwf2000/train/non_violent/0H2s9UJcNJ0_2.npy,0,train,non_violent,0H2s9UJcNJ0_2
dataset/data/processed/train/non_violent/0NqPsSHdri8_0/frame_sequence.pt,dataset/data/emotion/balanced-affectnet/train/violent/fear_00189.npy,dataset/data/pose/rwf2000/train/non_violent/0NqPsSHdri8_0.npy,0,train,non_violent,0NqPsSHdri8_0
dataset/data/processed/train/non_violent/0QSeuqzpcOQ_0/frame_sequence.pt,dataset/data/emotion/balanced-affectnet/train/violent/surprise_00070.npy,dataset/data/pose/rwf2000/train/non_violent/0QSeuqzpcOQ_0.npy,0,train,non_violent,0QSeuqzpcOQ_0
dataset/data/processed/train/non_violent/0QSeuqzpcOQ_1/frame_sequence.pt,dataset/data/emotion/balanced-affectnet/train/violent/anger_00629.npy,dataset/data/pose/rwf2000/train/non_violent/0QSeuqzpcOQ_1.npy,0,train,non_violent,0QSeuqzpcOQ_1
dataset/data/processed/train/non_violent/0TFi8D8IBg4_0/frame_sequence.pt,dataset/data/emotion/balanced-affectnet/train/violent/surprise_00123.npy,dataset/data/pose/rwf2000/train/non_violent/0TFi8D8IBg4_0.npy,0,train,non_violent,0TFi8D8IBg4_0
dataset/data/processed/train/non_violent/0TP13Nyn_0/frame_sequence.pt,dataset/data/emotion/balanced-affectnet/train/violent/anger_00881.npy,dataset/data/pose/rwf2000/train/non_violent/0TP13Nyn_0.npy,0,train,non_violent,0TP13Nyn_0
dataset/data/processed/train/non_violent/0YbzxGPE_0/frame_sequence.pt,dataset/data/emotion/balanced-affectnet/train/violent/anger_00264.npy,dataset/data/pose/rwf2000/train/non_violent/0YbzxGPE_0.npy,0,train,non_violent,0YbzxGPE_0
dataset/data/processed/train/non_violent/0_DzLlklZa0_0/frame_sequence.pt,dataset/data/emotion/balanced-affectnet/train/violent/fear_00324.npy,dataset/data/pose/rwf2000/train/non_violent/0_DzLlklZa0_0.npy,0,train,non_violent,0_DzLlklZa0_0
dataset/data/processed/train/non_violent/0_DzLlklZa0_1/frame_sequence.pt,dataset/data/emotion/balanced-affectnet/train/violent/fear_00294.npy,dataset/data/pose/rwf2000/train/non_violent/0_DzLlklZa0_1.npy,0,train,non_violent,0_DzLlklZa0_1
dataset/data/processed/train/non_violent/0_DzLlklZa0_2/frame_sequence.pt,dataset/data/emotion/balanced-affectnet/train/violent/anger_01364.npy,dataset/data/pose/rwf2000/train/non_violent/0_DzLlklZa0_2.npy,0,train,non_violent,0_DzLlklZa0_2
dataset/data/processed/train/non_violent/0_DzLlklZa0_3/frame_sequence.pt,dataset/data/emotion/balanced-affectnet/train/violent/fear_00851.npy,dataset/data/pose/rwf2000/train/non_violent/0_DzLlklZa0_3.npy,0,train,non_violent,0_DzLlklZa0_3
dataset/data/processed/train/non_violent/0vasozvJYvk_0/frame_sequence.pt,dataset/data/emotion/balanced-affectnet/train/violent/fear_00536.npy,dataset/data/pose/rwf2000/train/non_violent/0vasozvJYvk_0.npy,0,train,non_violent,0vasozvJYvk_0
dataset/data/processed/train/non_violent/0vasozvJYvk_1/frame_sequence.pt,dataset/data/emotion/balanced-affectnet/train/violent/fear_00331.npy,dataset/data/pose/rwf2000/train/non_violent/0vasozvJYvk_1.npy,0,train,non_violent,0vasozvJYvk_1
dataset/data/processed/train/non_violent/0vasozvJYvk_2/frame_sequence.pt,dataset/data/emotion/balanced-affectnet/train/violent/anger_00256.npy,dataset/data/pose/rwf2000/train/non_violent/0vasozvJYvk_2.npy,0,train,non_violent,0vasozvJYvk_2
dataset/data/processed/train/non_violent/0xoSMgad_0/frame_sequence.pt,dataset/data/emotion/balanced-affectnet/train/violent/anger_00854.npy,dataset/data/pose/rwf2000/train/non_violent/0xoSMgad_0.npy,0,train,non_violent,0xoSMgad_0
dataset/data/processed/train/non_violent/11vr9Jho_0/frame_sequence.pt,dataset/data/emotion/balanced-affectnet/train/violent/surprise_00652.npy,dataset/data/pose/rwf2000/train/non_violent/11vr9Jho_0.npy,0,train,non_violent,11vr9Jho_0
dataset/data/processed/train/non_violent/14YZVngQ_0/frame_sequence.pt,dataset/data/emotion/balanced-affectnet/train/violent/fear_00351.npy,dataset/data/pose/rwf2000/train/non_violent/14YZVngQ_0.npy,0,train,non_violent,14YZVngQ_0
dataset/data/processed/train/non_violent/16O0PIQP_0/frame_sequence.pt,dataset/data/emotion/balanced-affectnet/train/violent/fear_00223.npy,dataset/data/pose/rwf2000/train/non_violent/16O0PIQP_0.npy,0,train,non_violent,16O0PIQP_0
dataset/data/processed/train/non_violent/18xQQOv5_0/frame_sequence.pt,dataset/data/emotion/balanced-affectnet/train/violent/surprise_00951.npy,dataset/data/pose/rwf2000/train/non_violent/18xQQOv5_0.npy,0,train,non_violent,18xQQOv5_0
dataset/data/processed/train/non_violent/1A3zEkCHBl8_0/frame_sequence.pt,dataset/data/emotion/balanced-affectnet/train/violent/surprise_00396.npy,dataset/data/pose/rwf2000/train/non_violent/1A3zEkCHBl8_0.npy,0,train,non_violent,1A3zEkCHBl8_0
dataset/data/processed/train/non_violent/1A3zEkCHBl8_1/frame_sequence.pt,dataset/data/emotion/balanced-affectnet/train/violent/fear_01028.npy,dataset/data/pose/rwf2000/train/non_violent/1A3zEkCHBl8_1.npy,0,train,non_violent,1A3zEkCHBl8_1
dataset/data/processed/train/non_violent/1A3zEkCHBl8_2/frame_sequence.pt,dataset/data/emotion/balanced-affectnet/train/violent/surprise_01123.npy,dataset/data/pose/rwf2000/train/non_violent/1A3zEkCHBl8_2.npy,0,train,non_violent,1A3zEkCHBl8_2
dataset/data/processed/train/non_violent/1O4KGHbRt3M_0/frame_sequence.pt,dataset/data/emotion/balanced-affectnet/train/violent/surprise_00091.npy,dataset/data/pose/rwf2000/train/non_violent/1O4KGHbRt3M_0.npy,0,train,non_violent,1O4KGHbRt3M_0
dataset/data/processed/train/non_violent/1O4KGHbRt3M_1/frame_sequence.pt,dataset/data/emotion/balanced-affectnet/train/violent/anger_00081.npy,dataset/data/pose/rwf2000/train/non_violent/1O4KGHbRt3M_1.npy,0,train,non_violent,1O4KGHbRt3M_1
dataset/data/processed/train/non_violent/1OXrIaQK_0/frame_sequence.pt,dataset/data/emotion/balanced-affectnet/train/violent/surprise_00757.npy,dataset/data/pose/rwf2000/train/non_violent/1OXrIaQK_0.npy,0,train,non_violent,1OXrIaQK_0
dataset/data/processed/train/non_violent/1QixA5m2_0/frame_sequence.pt,dataset/data/emotion/balanced-affectnet/train/violent/surprise_00856.npy,dataset/data/pose/rwf2000/train/non_violent/1QixA5m2_0.npy,0,train,non_violent,1QixA5m2_0
dataset/data/processed/train/non_violent/1Ytq2moWGdw_0/frame_sequence.pt,dataset/data/emotion/balanced-affectnet/train/violent/surprise_00381.npy,dataset/data/pose/rwf2000/train/non_violent/1Ytq2moWGdw_0.npy,0,train,non_violent,1Ytq2moWGdw_0
dataset/data/processed/train/non_violent/1ahhhDBQHxg_0/frame_sequence.pt,dataset/data/emotion/balanced-affectnet/train/violent/fear_00995.npy,dataset/data/pose/rwf2000/train/non_violent/1ahhhDBQHxg_0.npy,0,train,non_violent,1ahhhDBQHxg_0
dataset/data/processed/train/non_violent/1dsLuL5Lvbc_0/frame_sequence.pt,dataset/data/emotion/balanced-affectnet/train/violent/fear_00186.npy,dataset/data/pose/rwf2000/train/non_violent/1dsLuL5Lvbc_0.npy,0,train,non_violent,1dsLuL5Lvbc_0
dataset/data/processed/train/non_violent/1oEbrZhr_0/frame_sequence.pt,dataset/data/emotion/balanced-affectnet/train/violent/fear_00589.npy,dataset/data/pose/rwf2000/train/non_violent/1oEbrZhr_0.npy,0,train,non_violent,1oEbrZhr_0
dataset/data/processed/train/non_violent/1r91ACCe_0/frame_sequence.pt,dataset/data/emotion/balanced-affectnet/train/violent/anger_00025.npy,dataset/data/pose/rwf2000/train/non_violent/1r91ACCe_0.npy,0,train,non_violent,1r91ACCe_0
dataset/data/processed/train/non_violent/1tU4kxa51vw_0/frame_sequence.pt,dataset/data/emotion/balanced-affectnet/train/violent/surprise_01118.npy,dataset/data/pose/rwf2000/train/non_violent/1tU4kxa51vw_0.npy,0,train,non_violent,1tU4kxa51vw_0
dataset/data/processed/train/non_violent/1tU4kxa51vw_1/frame_sequence.pt,dataset/data/emotion/balanced-affectnet/train/violent/fear_00069.npy,dataset/data/pose/rwf2000/train/non_violent/1tU4kxa51vw_1.npy,0,train,non_violent,1tU4kxa51vw_1
dataset/data/processed/train/non_violent/1tU4kxa51vw_2/frame_sequence.pt,dataset/data/emotion/balanced-affectnet/train/violent/anger_01235.npy,dataset/data/pose/rwf2000/train/non_violent/1tU4kxa51vw_2.npy,0,train,non_violent,1tU4kxa51vw_2
dataset/data/processed/train/non_violent/24E0xYYUz44_0/frame_sequence.pt,dataset/data/emotion/balanced-affectnet/train/violent/surprise_00338.npy,dataset/data/pose/rwf2000/train/non_violent/24E0xYYUz44_0.npy,0,train,non_violent,24E0xYYUz44_0
dataset/data/processed/train/non_violent/24E0xYYUz44_1/frame_sequence.pt,dataset/data/emotion/balanced-affectnet/train/violent/fear_00231.npy,dataset/data/pose/rwf2000/train/non_violent/24E0xYYUz44_1.npy,0,train,non_violent,24E0xYYUz44_1
dataset/data/processed/train/non_violent/24E0xYYUz44_2/frame_sequence.pt,dataset/data/emotion/balanced-affectnet/train/violent/surprise_00752.npy,dataset/data/pose/rwf2000/train/non_violent/24E0xYYUz44_2.npy,0,train,non_violent,24E0xYYUz44_2
dataset/data/processed/train/non_violent/2KMf6p5Q_0/frame_sequence.pt,dataset/data/emotion/balanced-affectnet/train/violent/surprise_00913.npy,dataset/data/pose/rwf2000/train/non_violent/2KMf6p5Q_0.npy,0,train,non_violent,2KMf6p5Q_0
dataset/data/processed/train/non_violent/2KvkZ4yo_0/frame_sequence.pt,dataset/data/emotion/balanced-affectnet/train/violent/surprise_01170.npy,dataset/data/pose/rwf2000/train/non_violent/2KvkZ4yo_0.npy,0,train,non_violent,2KvkZ4yo_0
dataset/data/processed/train/non_violent/2bBn7MLg_0/frame_sequence.pt,dataset/data/emotion/balanced-affectnet/train/violent/surprise_00680.npy,dataset/data/pose/rwf2000/train/non_violent/2bBn7MLg_0.npy,0,train,non_violent,2bBn7MLg_0
dataset/data/processed/train/non_violent/2gkuUVq1_0/frame_sequence.pt,dataset/data/emotion/balanced-affectnet/train/violent/fear_00355.npy,dataset/data/pose/rwf2000/train/non_violent/2gkuUVq1_0.npy,0,train,non_violent,2gkuUVq1_0
dataset/data/processed/train/non_violent/310cmTrl_0/frame_sequence.pt,dataset/data/emotion/balanced-affectnet/train/violent/fear_00847.npy,dataset/data/pose/rwf2000/train/non_violent/310cmTrl_0.npy,0,train,non_violent,310cmTrl_0
dataset/data/processed/train/non_violent/36zWWHlldS8_0/frame_sequence.pt,dataset/data/emotion/balanced-affectnet/train/violent/surprise_00316.npy,dataset/data/pose/rwf2000/train/non_violent/36zWWHlldS8_0.npy,0,train,non_violent,36zWWHlldS8_0
dataset/data/processed/train/non_violent/3CQi0ZCCHvc_0/frame_sequence.pt,dataset/data/emotion/balanced-affectnet/train/violent/surprise_00264.npy,dataset/data/pose/rwf2000/train/non_violent/3CQi0ZCCHvc_0.npy,0,train,non_violent,3CQi0ZCCHvc_0
dataset/data/processed/train/non_violent/3CQi0ZCCHvc_1/frame_sequence.pt,dataset/data/emotion/balanced-affectnet/train/violent/fear_00881.npy,dataset/data/pose/rwf2000/train/non_violent/3CQi0ZCCHvc_1.npy,0,train,non_violent,3CQi0ZCCHvc_1
dataset/data/processed/train/non_violent/3CQi0ZCCHvc_2/frame_sequence.pt,dataset/data/emotion/balanced-affectnet/train/violent/surprise_00537.npy,dataset/data/pose/rwf2000/train/non_violent/3CQi0ZCCHvc_2.npy,0,train,non_violent,3CQi0ZCCHvc_2
dataset/data/processed/train/non_violent/3Edebh8P_0/frame_sequence.pt,dataset/data/emotion/balanced-affectnet/train/violent/fear_01118.npy,dataset/data/pose/rwf2000/train/non_violent/3Edebh8P_0.npy,0,train,non_violent,3Edebh8P_0
dataset/data/processed/train/non_violent/3GUaHts0_0/frame_sequence.pt,dataset/data/emotion/balanced-affectnet/train/violent/surprise_00947.npy,dataset/data/pose/rwf2000/train/non_violent/3GUaHts0_0.npy,0,train,non_violent,3GUaHts0_0
dataset/data/processed/train/non_violent/3HCpeji1_0/frame_sequence.pt,dataset/data/emotion/balanced-affectnet/train/violent/anger_00914.npy,dataset/data/pose/rwf2000/train/non_violent/3HCpeji1_0.npy,0,train,non_violent,3HCpeji1_0
dataset/data/processed/train/non_violent/3OKArbzg1uc_0/frame_sequence.pt,dataset/data/emotion/balanced-affectnet/train/violent/fear_00642.npy,dataset/data/pose/rwf2000/train/non_violent/3OKArbzg1uc_0.npy,0,train,non_violent,3OKArbzg1uc_0
dataset/data/processed/train/non_violent/3SS0E4SmTk8_0/frame_sequence.pt,dataset/data/emotion/balanced-affectnet/train/violent/anger_00909.npy,dataset/data/pose/rwf2000/train/non_violent/3SS0E4SmTk8_0.npy,0,train,non_violent,3SS0E4SmTk8_0
dataset/data/processed/train/non_violent/3SS0E4SmTk8_1/frame_sequence.pt,dataset/data/emotion/balanced-affectnet/train/violent/anger_01131.npy,dataset/data/pose/rwf2000/train/non_violent/3SS0E4SmTk8_1.npy,0,train,non_violent,3SS0E4SmTk8_1
dataset/data/processed/train/non_violent/3SS0E4SmTk8_2/frame_sequence.pt,dataset/data/emotion/balanced-affectnet/train/violent/fear_00428.npy,dataset/data/pose/rwf2000/train/non_violent/3SS0E4SmTk8_2.npy,0,train,non_violent,3SS0E4SmTk8_2
dataset/data/processed/train/non_violent/3TQqO4N8_0/frame_sequence.pt,dataset/data/emotion/balanced-affectnet/train/violent/fear_00635.npy,dataset/data/pose/rwf2000/train/non_violent/3TQqO4N8_0.npy,0,train,non_violent,3TQqO4N8_0
dataset/data/processed/train/non_violent/3Vw7MoNBgx4_0/frame_sequence.pt,dataset/data/emotion/balanced-affectnet/train/violent/anger_00121.npy,dataset/data/pose/rwf2000/train/non_violent/3Vw7MoNBgx4_0.npy,0,train,non_violent,3Vw7MoNBgx4_0
dataset/data/processed/train/non_violent/3Vw7MoNBgx4_1/frame_sequence.pt,dataset/data/emotion/balanced-affectnet/train/violent/fear_00230.npy,dataset/data/pose/rwf2000/train/non_violent/3Vw7MoNBgx4_1.npy,0,train,non_violent,3Vw7MoNBgx4_1
dataset/data/processed/train/non_violent/3ZY4hpms_0/frame_sequence.pt,dataset/data/emotion/balanced-affectnet/train/violent/fear_00010.npy,dataset/data/pose/rwf2000/train/non_violent/3ZY4hpms_0.npy,0,train,non_violent,3ZY4hpms_0
dataset/data/processed/train/non_violent/3djtKN3k_0/frame_sequence.pt,dataset/data/emotion/balanced-affectnet/train/violent/surprise_00002.npy,dataset/data/pose/rwf2000/train/non_violent/3djtKN3k_0.npy,0,train,non_violent,3djtKN3k_0
dataset/data/processed/train/non_violent/3kpviz7lAMY_0/frame_sequence.pt,dataset/data/emotion/balanced-affectnet/train/violent/surprise_00045.npy,dataset/data/pose/rwf2000/train/non_violent/3kpviz7lAMY_0.npy,0,train,non_violent,3kpviz7lAMY_0
dataset/data/processed/train/non_violent/3pRrZ9TS_0/frame_sequence.pt,dataset/data/emotion/balanced-affectnet/train/violent/surprise_00543.npy,dataset/data/pose/rwf2000/train/non_violent/3pRrZ9TS_0.npy,0,train,non_violent,3pRrZ9TS_0
dataset/data/processed/train/non_violent/3qsou7p57Nk_0/frame_sequence.pt,dataset/data/emotion/balanced-affectnet/train/violent/fear_00298.npy,dataset/data/pose/rwf2000/train/non_violent/3qsou7p57Nk_0.npy,0,train,non_violent,3qsou7p57Nk_0
dataset/data/processed/train/non_violent/3qsou7p57Nk_1/frame_sequence.pt,dataset/data/emotion/balanced-affectnet/train/violent/surprise_00235.npy,dataset/data/pose/rwf2000/train/non_violent/3qsou7p57Nk_1.npy,0,train,non_violent,3qsou7p57Nk_1
dataset/data/processed/train/non_violent/3z7ncTuu_0/frame_sequence.pt,dataset/data/emotion/balanced-affectnet/train/violent/anger_00686.npy,dataset/data/pose/rwf2000/train/non_violent/3z7ncTuu_0.npy,0,train,non_violent,3z7ncTuu_0
dataset/data/processed/train/non_violent/40l8LuP4_0/frame_sequence.pt,dataset/data/emotion/balanced-affectnet/train/violent/surprise_00722.npy,dataset/data/pose/rwf2000/train/non_violent/40l8LuP4_0.npy,0,train,non_violent,40l8LuP4_0
dataset/data/processed/train/non_violent/4Fqxw7Nl_0/frame_sequence.pt,dataset/data/emotion/balanced-affectnet/train/violent/fear_00564.npy,dataset/data/pose/rwf2000/train/non_violent/4Fqxw7Nl_0.npy,0,train,non_violent,4Fqxw7Nl_0
dataset/data/processed/train/non_violent/4HH7yMU8y9A_0/frame_sequence.pt,dataset/data/emotion/balanced-affectnet/train/violent/surprise_01055.npy,dataset/data/pose/rwf2000/train/non_violent/4HH7yMU8y9A_0.npy,0,train,non_violent,4HH7yMU8y9A_0
dataset/data/processed/train/non_violent/4HH7yMU8y9A_1/frame_sequence.pt,dataset/data/emotion/balanced-affectnet/train/violent/anger_00529.npy,dataset/data/pose/rwf2000/train/non_violent/4HH7yMU8y9A_1.npy,0,train,non_violent,4HH7yMU8y9A_1
dataset/data/processed/train/non_violent/4HH7yMU8y9A_2/frame_sequence.pt,dataset/data/emotion/balanced-affectnet/train/violent/fear_01210.npy,dataset/data/pose/rwf2000/train/non_violent/4HH7yMU8y9A_2.npy,0,train,non_violent,4HH7yMU8y9A_2
dataset/data/processed/train/non_violent/4HH7yMU8y9A_3/frame_sequence.pt,dataset/data/emotion/balanced-affectnet/train/violent/fear_00843.npy,dataset/data/pose/rwf2000/train/non_violent/4HH7yMU8y9A_3.npy,0,train,non_violent,4HH7yMU8y9A_3
dataset/data/processed/train/non_violent/4RgIlSIB_0/frame_sequence.pt,dataset/data/emotion/balanced-affectnet/train/violent/anger_00113.npy,dataset/data/pose/rwf2000/train/non_violent/4RgIlSIB_0.npy,0,train,non_violent,4RgIlSIB_0
dataset/data/processed/train/non_violent/4RqDG4I4iAk_0/frame_sequence.pt,dataset/data/emotion/balanced-affectnet/train/violent/surprise_01007.npy,dataset/data/pose/rwf2000/train/non_violent/4RqDG4I4iAk_0.npy,0,train,non_violent,4RqDG4I4iAk_0
dataset/data/processed/train/non_violent/4RqDG4I4iAk_1/frame_sequence.pt,dataset/data/emotion/balanced-affectnet/train/violent/fear_00257.npy,dataset/data/pose/rwf2000/train/non_violent/4RqDG4I4iAk_1.npy,0,train,non_violent,4RqDG4I4iAk_1
dataset/data/processed/train/non_violent/4RqDG4I4iAk_2/frame_sequence.pt,dataset/data/emotion/balanced-affectnet/train/violent/fear_01088.npy,dataset/data/pose/rwf2000/train/non_violent/4RqDG4I4iAk_2.npy,0,train,non_violent,4RqDG4I4iAk_2
dataset/data/processed/train/non_violent/4fY0Iv4t_0/frame_sequence.pt,dataset/data/emotion/balanced-affectnet/train/violent/fear_00973.npy,dataset/data/pose/rwf2000/train/non_violent/4fY0Iv4t_0.npy,0,train,non_violent,4fY0Iv4t_0
dataset/data/processed/train/non_violent/4grE6XdY_0/frame_sequence.pt,dataset/data/emotion/balanced-affectnet/train/violent/fear_01383.npy,dataset/data/pose/rwf2000/train/non_violent/4grE6XdY_0.npy,0,train,non_violent,4grE6XdY_0
dataset/data/processed/train/non_violent/4jZvTj4j_0/frame_sequence.pt,dataset/data/emotion/balanced-affectnet/train/violent/anger_00115.npy,dataset/data/pose/rwf2000/train/non_violent/4jZvTj4j_0.npy,0,train,non_violent,4jZvTj4j_0
dataset/data/processed/train/non_violent/4x9VdiCc_0/frame_sequence.pt,dataset/data/emotion/balanced-affectnet/train/violent/anger_00352.npy,dataset/data/pose/rwf2000/train/non_violent/4x9VdiCc_0.npy,0,train,non_violent,4x9VdiCc_0
dataset/data/processed/train/non_violent/4yTlGiDoxBo_0/frame_sequence.pt,dataset/data/emotion/balanced-affectnet/train/violent/fear_01302.npy,dataset/data/pose/rwf2000/train/non_violent/4yTlGiDoxBo_0.npy,0,train,non_violent,4yTlGiDoxBo_0
dataset/data/processed/train/non_violent/4yTlGiDoxBo_1/frame_sequence.pt,dataset/data/emotion/balanced-affectnet/train/violent/fear_00408.npy,dataset/data/pose/rwf2000/train/non_violent/4yTlGiDoxBo_1.npy,0,train,non_violent,4yTlGiDoxBo_1
dataset/data/processed/train/non_violent/4yTlGiDoxBo_2/frame_sequence.pt,dataset/data/emotion/balanced-affectnet/train/violent/anger_00566.npy,dataset/data/pose/rwf2000/train/non_violent/4yTlGiDoxBo_2.npy,0,train,non_violent,4yTlGiDoxBo_2
dataset/data/processed/train/non_violent/551_wlV44GU_0/frame_sequence.pt,dataset/data/emotion/balanced-affectnet/train/violent/surprise_00847.npy,dataset/data/pose/rwf2000/train/non_violent/551_wlV44GU_0.npy,0,train,non_violent,551_wlV44GU_0
dataset/data/processed/train/non_violent/551_wlV44GU_1/frame_sequence.pt,dataset/data/emotion/balanced-affectnet/train/violent/fear_00548.npy,dataset/data/pose/rwf2000/train/non_violent/551_wlV44GU_1.npy,0,train,non_violent,551_wlV44GU_1
dataset/data/processed/train/non_violent/5CwYc67y_0/frame_sequence.pt,dataset/data/emotion/balanced-affectnet/train/violent/anger_00760.npy,dataset/data/pose/rwf2000/train/non_violent/5CwYc67y_0.npy,0,train,non_violent,5CwYc67y_0
dataset/data/processed/train/non_violent/5RayT2Vy0EA_0/frame_sequence.pt,dataset/data/emotion/balanced-affectnet/train/violent/anger_00211.npy,dataset/data/pose/rwf2000/train/non_violent/5RayT2Vy0EA_0.npy,0,train,non_violent,5RayT2Vy0EA_0
dataset/data/processed/train/non_violent/5RayT2Vy0EA_1/frame_sequence.pt,dataset/data/emotion/balanced-affectnet/train/violent/anger_01088.npy,dataset/data/pose/rwf2000/train/non_violent/5RayT2Vy0EA_1.npy,0,train,non_violent,5RayT2Vy0EA_1
dataset/data/processed/train/non_violent/5RayT2Vy0EA_2/frame_sequence.pt,dataset/data/emotion/balanced-affectnet/train/violent/fear_00199.npy,dataset/data/pose/rwf2000/train/non_violent/5RayT2Vy0EA_2.npy,0,train,non_violent,5RayT2Vy0EA_2
dataset/data/processed/train/non_violent/5ieZt2nc_0/frame_sequence.pt,dataset/data/emotion/balanced-affectnet/train/violent/anger_01368.npy,dataset/data/pose/rwf2000/train/non_violent/5ieZt2nc_0.npy,0,train,non_violent,5ieZt2nc_0
dataset/data/processed/train/non_violent/5z1f5blMBdk_0/frame_sequence.pt,dataset/data/emotion/balanced-affectnet/train/violent/anger_00886.npy,dataset/data/pose/rwf2000/train/non_violent/5z1f5blMBdk_0.npy,0,train,non_violent,5z1f5blMBdk_0
dataset/data/processed/train/non_violent/5zVqOS0l_0/frame_sequence.pt,dataset/data/emotion/balanced-affectnet/train/violent/fear_00524.npy,dataset/data/pose/rwf2000/train/non_violent/5zVqOS0l_0.npy,0,train,non_violent,5zVqOS0l_0
dataset/data/processed/train/non_violent/6Dej3-k3MRE_0/frame_sequence.pt,dataset/data/emotion/balanced-affectnet/train/violent/anger_01367.npy,dataset/data/pose/rwf2000/train/non_violent/6Dej3-k3MRE_0.npy,0,train,non_violent,6Dej3-k3MRE_0
dataset/data/processed/train/non_violent/6Dej3-k3MRE_1/frame_sequence.pt,dataset/data/emotion/balanced-affectnet/train/violent/fear_00029.npy,dataset/data/pose/rwf2000/train/non_violent/6Dej3-k3MRE_1.npy,0,train,non_violent,6Dej3-k3MRE_1
dataset/data/processed/train/non_violent/6Dej3-k3MRE_2/frame_sequence.pt,dataset/data/emotion/balanced-affectnet/train/violent/surprise_00417.npy,dataset/data/pose/rwf2000/train/non_violent/6Dej3-k3MRE_2.npy,0,train,non_violent,6Dej3-k3MRE_2
dataset/data/processed/train/non_violent/6JmCJbug_0/frame_sequence.pt,dataset/data/emotion/balanced-affectnet/train/violent/surprise_00915.npy,dataset/data/pose/rwf2000/train/non_violent/6JmCJbug_0.npy,0,train,non_violent,6JmCJbug_0
dataset/data/processed/train/non_violent/6MSwCc0a_0/frame_sequence.pt,dataset/data/emotion/balanced-affectnet/train/violent/fear_00204.npy,dataset/data/pose/rwf2000/train/non_violent/6MSwCc0a_0.npy,0,train,non_violent,6MSwCc0a_0
dataset/data/processed/train/non_violent/6YmBBzyX_0/frame_sequence.pt,dataset/data/emotion/balanced-affectnet/train/violent/anger_01165.npy,dataset/data/pose/rwf2000/train/non_violent/6YmBBzyX_0.npy,0,train,non_violent,6YmBBzyX_0
dataset/data/processed/train/non_violent/6b254l7P_0/frame_sequence.pt,dataset/data/emotion/balanced-affectnet/train/violent/surprise_00380.npy,dataset/data/pose/rwf2000/train/non_violent/6b254l7P_0.npy,0,train,non_violent,6b254l7P_0
dataset/data/processed/train/non_violent/6hots6jj_0/frame_sequence.pt,dataset/data/emotion/balanced-affectnet/train/violent/surprise_00715.npy,dataset/data/pose/rwf2000/train/non_violent/6hots6jj_0.npy,0,train,non_violent,6hots6jj_0
dataset/data/processed/train/non_violent/6mrIIcAQ2fI_0/frame_sequence.pt,dataset/data/emotion/balanced-affectnet/train/violent/fear_00390.npy,dataset/data/pose/rwf2000/train/non_violent/6mrIIcAQ2fI_0.npy,0,train,non_violent,6mrIIcAQ2fI_0
dataset/data/processed/train/non_violent/6mrIIcAQ2fI_1/frame_sequence.pt,dataset/data/emotion/balanced-affectnet/train/violent/anger_01057.npy,dataset/data/pose/rwf2000/train/non_violent/6mrIIcAQ2fI_1.npy,0,train,non_violent,6mrIIcAQ2fI_1
dataset/data/processed/train/non_violent/6n48sGUq_0/frame_sequence.pt,dataset/data/emotion/balanced-affectnet/train/violent/surprise_00731.npy,dataset/data/pose/rwf2000/train/non_violent/6n48sGUq_0.npy,0,train,non_violent,6n48sGUq_0
dataset/data/processed/train/non_violent/7-e3_UW7L7U_0/frame_sequence.pt,dataset/data/emotion/balanced-affectnet/train/violent/anger_00345.npy,dataset/data/pose/rwf2000/train/non_violent/7-e3_UW7L7U_0.npy,0,train,non_violent,7-e3_UW7L7U_0
dataset/data/processed/train/non_violent/7KXPekwe_0/frame_sequence.pt,dataset/data/emotion/balanced-affectnet/train/violent/fear_00600.npy,dataset/data/pose/rwf2000/train/non_violent/7KXPekwe_0.npy,0,train,non_violent,7KXPekwe_0
dataset/data/processed/train/non_violent/7QgVKRHB_0/frame_sequence.pt,dataset/data/emotion/balanced-affectnet/train/violent/anger_00082.npy,dataset/data/pose/rwf2000/train/non_violent/7QgVKRHB_0.npy,0,train,non_violent,7QgVKRHB_0
dataset/data/processed/train/non_violent/7R1m3V8C30g_0/frame_sequence.pt,dataset/data/emotion/balanced-affectnet/train/violent/surprise_00373.npy,dataset/data/pose/rwf2000/train/non_violent/7R1m3V8C30g_0.npy,0,train,non_violent,7R1m3V8C30g_0
dataset/data/processed/train/non_violent/7R1m3V8C30g_1/frame_sequence.pt,dataset/data/emotion/balanced-affectnet/train/violent/fear_00892.npy,dataset/data/pose/rwf2000/train/non_violent/7R1m3V8C30g_1.npy,0,train,non_violent,7R1m3V8C30g_1
dataset/data/processed/train/non_violent/7icHwpC_d44_0/frame_sequence.pt,dataset/data/emotion/balanced-affectnet/train/violent/anger_00221.npy,dataset/data/pose/rwf2000/train/non_violent/7icHwpC_d44_0.npy,0,train,non_violent,7icHwpC_d44_0
dataset/data/processed/train/non_violent/7qtRgyFsk3s_0/frame_sequence.pt,dataset/data/emotion/balanced-affectnet/train/violent/fear_00087.npy,dataset/data/pose/rwf2000/train/non_violent/7qtRgyFsk3s_0.npy,0,train,non_violent,7qtRgyFsk3s_0
dataset/data/processed/train/non_violent/7qtRgyFsk3s_1/frame_sequence.pt,dataset/data/emotion/balanced-affectnet/train/violent/anger_00944.npy,dataset/data/pose/rwf2000/train/non_violent/7qtRgyFsk3s_1.npy,0,train,non_violent,7qtRgyFsk3s_1
dataset/data/processed/train/non_violent/80ySNph9_0/frame_sequence.pt,dataset/data/emotion/balanced-affectnet/train/violent/fear_01356.npy,dataset/data/pose/rwf2000/train/non_violent/80ySNph9_0.npy,0,train,non_violent,80ySNph9_0
dataset/data/processed/train/non_violent/85dkGMed_0/frame_sequence.pt,dataset/data/emotion/balanced-affectnet/train/violent/anger_00292.npy,dataset/data/pose/rwf2000/train/non_violent/85dkGMed_0.npy,0,train,non_violent,85dkGMed_0
dataset/data/processed/train/non_violent/86lUShJD_0/frame_sequence.pt,dataset/data/emotion/balanced-affectnet/train/violent/surprise_00515.npy,dataset/data/pose/rwf2000/train/non_violent/86lUShJD_0.npy,0,train,non_violent,86lUShJD_0
dataset/data/processed/train/non_violent/88ndrvAZpE8_0/frame_sequence.pt,dataset/data/emotion/balanced-affectnet/train/violent/fear_01365.npy,dataset/data/pose/rwf2000/train/non_violent/88ndrvAZpE8_0.npy,0,train,non_violent,88ndrvAZpE8_0
dataset/data/processed/train/non_violent/88ndrvAZpE8_1/frame_sequence.pt,dataset/data/emotion/balanced-affectnet/train/violent/anger_00171.npy,dataset/data/pose/rwf2000/train/non_violent/88ndrvAZpE8_1.npy,0,train,non_violent,88ndrvAZpE8_1
dataset/data/processed/train/non_violent/8MuRpAyP_0/frame_sequence.pt,dataset/data/emotion/balanced-affectnet/train/violent/surprise_00406.npy,dataset/data/pose/rwf2000/train/non_violent/8MuRpAyP_0.npy,0,train,non_violent,8MuRpAyP_0
dataset/data/processed/train/non_violent/8PuNOqvh_0/frame_sequence.pt,dataset/data/emotion/balanced-affectnet/train/violent/anger_00134.npy,dataset/data/pose/rwf2000/train/non_violent/8PuNOqvh_0.npy,0,train,non_violent,8PuNOqvh_0
dataset/data/processed/train/non_violent/8SWZq5we_fk_0/frame_sequence.pt,dataset/data/emotion/balanced-affectnet/train/violent/anger_01043.npy,dataset/data/pose/rwf2000/train/non_violent/8SWZq5we_fk_0.npy,0,train,non_violent,8SWZq5we_fk_0
dataset/data/processed/train/non_violent/8SWZq5we_fk_1/frame_sequence.pt,dataset/data/emotion/balanced-affectnet/train/violent/anger_00840.npy,dataset/data/pose/rwf2000/train/non_violent/8SWZq5we_fk_1.npy,0,train,non_violent,8SWZq5we_fk_1
dataset/data/processed/train/non_violent/8SWZq5we_fk_2/frame_sequence.pt,dataset/data/emotion/balanced-affectnet/train/violent/surprise_00769.npy,dataset/data/pose/rwf2000/train/non_violent/8SWZq5we_fk_2.npy,0,train,non_violent,8SWZq5we_fk_2
dataset/data/processed/train/non_violent/8U6x0VMW_0/frame_sequence.pt,dataset/data/emotion/balanced-affectnet/train/violent/anger_00087.npy,dataset/data/pose/rwf2000/train/non_violent/8U6x0VMW_0.npy,0,train,non_violent,8U6x0VMW_0
dataset/data/processed/train/non_violent/8VqTmuq4HcI_0/frame_sequence.pt,dataset/data/emotion/balanced-affectnet/train/violent/fear_01243.npy,dataset/data/pose/rwf2000/train/non_violent/8VqTmuq4HcI_0.npy,0,train,non_violent,8VqTmuq4HcI_0
dataset/data/processed/train/non_violent/8VqTmuq4HcI_1/frame_sequence.pt,dataset/data/emotion/balanced-affectnet/train/violent/anger_00647.npy,dataset/data/pose/rwf2000/train/non_violent/8VqTmuq4HcI_1.npy,0,train,non_violent,8VqTmuq4HcI_1
dataset/data/processed/train/non_violent/8VqTmuq4HcI_2/frame_sequence.pt,dataset/data/emotion/balanced-affectnet/train/violent/anger_01011.npy,dataset/data/pose/rwf2000/train/non_violent/8VqTmuq4HcI_2.npy,0,train,non_violent,8VqTmuq4HcI_2
dataset/data/processed/train/non_violent/8pKKdS7rhXo_0/frame_sequence.pt,dataset/data/emotion/balanced-affectnet/train/violent/anger_00536.npy,dataset/data/pose/rwf2000/train/non_violent/8pKKdS7rhXo_0.npy,0,train,non_violent,8pKKdS7rhXo_0
dataset/data/processed/train/non_violent/9C_LQa7nnFg_0/frame_sequence.pt,dataset/data/emotion/balanced-affectnet/train/violent/fear_00627.npy,dataset/data/pose/rwf2000/train/non_violent/9C_LQa7nnFg_0.npy,0,train,non_violent,9C_LQa7nnFg_0
dataset/data/processed/train/non_violent/9C_LQa7nnFg_1/frame_sequence.pt,dataset/data/emotion/balanced-affectnet/train/violent/surprise_00057.npy,dataset/data/pose/rwf2000/train/non_violent/9C_LQa7nnFg_1.npy,0,train,non_violent,9C_LQa7nnFg_1
dataset/data/processed/train/non_violent/9C_LQa7nnFg_2/frame_sequence.pt,dataset/data/emotion/balanced-affectnet/train/violent/anger_00486.npy,dataset/data/pose/rwf2000/train/non_violent/9C_LQa7nnFg_2.npy,0,train,non_violent,9C_LQa7nnFg_2
dataset/data/processed/train/non_violent/9CeKXVvD_0/frame_sequence.pt,dataset/data/emotion/balanced-affectnet/train/violent/fear_01010.npy,dataset/data/pose/rwf2000/train/non_violent/9CeKXVvD_0.npy,0,train,non_violent,9CeKXVvD_0
dataset/data/processed/train/non_violent/9F6pZn73_0/frame_sequence.pt,dataset/data/emotion/balanced-affectnet/train/violent/anger_00926.npy,dataset/data/pose/rwf2000/train/non_violent/9F6pZn73_0.npy,0,train,non_violent,9F6pZn73_0
dataset/data/processed/train/non_violent/9GFNxpur_0/frame_sequence.pt,dataset/data/emotion/balanced-affectnet/train/violent/fear_00593.npy,dataset/data/pose/rwf2000/train/non_violent/9GFNxpur_0.npy,0,train,non_violent,9GFNxpur_0
dataset/data/processed/train/non_violent/9Jss3rP1_0/frame_sequence.pt,dataset/data/emotion/balanced-affectnet/train/violent/surprise_00188.npy,dataset/data/pose/rwf2000/train/non_violent/9Jss3rP1_0.npy,0,train,non_violent,9Jss3rP1_0
dataset/data/processed/train/non_violent/9N4HikpX_0/frame_sequence.pt,dataset/data/emotion/balanced-affectnet/train/violent/anger_01090.npy,dataset/data/pose/rwf2000/train/non_violent/9N4HikpX_0.npy,0,train,non_violent,9N4HikpX_0
dataset/data/processed/train/non_violent/9U8J4abJGDg_0/frame_sequence.pt,dataset/data/emotion/balanced-affectnet/train/violent/surprise_00476.npy,dataset/data/pose/rwf2000/train/non_violent/9U8J4abJGDg_0.npy,0,train,non_violent,9U8J4abJGDg_0
dataset/data/processed/train/non_violent/9haGKtHJ_0/frame_sequence.pt,dataset/data/emotion/balanced-affectnet/train/violent/fear_00178.npy,dataset/data/pose/rwf2000/train/non_violent/9haGKtHJ_0.npy,0,train,non_violent,9haGKtHJ_0
dataset/data/processed/train/non_violent/9nFtxkJ7ywg_0/frame_sequence.pt,dataset/data/emotion/balanced-affectnet/train/violent/anger_00714.npy,dataset/data/pose/rwf2000/train/non_violent/9nFtxkJ7ywg_0.npy,0,train,non_violent,9nFtxkJ7ywg_0
dataset/data/processed/train/non_violent/9qjOCoE7_0/frame_sequence.pt,dataset/data/emotion/balanced-affectnet/train/violent/fear_01190.npy,dataset/data/pose/rwf2000/train/non_violent/9qjOCoE7_0.npy,0,train,non_violent,9qjOCoE7_0
dataset/data/processed/train/non_violent/9uvZbSsy_0/frame_sequence.pt,dataset/data/emotion/balanced-affectnet/train/violent/fear_01197.npy,dataset/data/pose/rwf2000/train/non_violent/9uvZbSsy_0.npy,0,train,non_violent,9uvZbSsy_0
dataset/data/processed/train/non_violent/AEGjLggu_0/frame_sequence.pt,dataset/data/emotion/balanced-affectnet/train/violent/surprise_00400.npy,dataset/data/pose/rwf2000/train/non_violent/AEGjLggu_0.npy,0,train,non_violent,AEGjLggu_0
dataset/data/processed/train/non_violent/AF4Rk1I2_0/frame_sequence.pt,dataset/data/emotion/balanced-affectnet/train/violent/surprise_00273.npy,dataset/data/pose/rwf2000/train/non_violent/AF4Rk1I2_0.npy,0,train,non_violent,AF4Rk1I2_0
dataset/data/processed/train/non_violent/AG0ofjSP_0/frame_sequence.pt,dataset/data/emotion/balanced-affectnet/train/violent/anger_00488.npy,dataset/data/pose/rwf2000/train/non_violent/AG0ofjSP_0.npy,0,train,non_violent,AG0ofjSP_0
dataset/data/processed/train/non_violent/API3q8TBGu4_0/frame_sequence.pt,dataset/data/emotion/balanced-affectnet/train/violent/surprise_00529.npy,dataset/data/pose/rwf2000/train/non_violent/API3q8TBGu4_0.npy,0,train,non_violent,API3q8TBGu4_0
dataset/data/processed/train/non_violent/API3q8TBGu4_1/frame_sequence.pt,dataset/data/emotion/balanced-affectnet/train/violent/surprise_00704.npy,dataset/data/pose/rwf2000/train/non_violent/API3q8TBGu4_1.npy,0,train,non_violent,API3q8TBGu4_1
dataset/data/processed/train/non_violent/ATDMY6PzK9U_0/frame_sequence.pt,dataset/data/emotion/balanced-affectnet/train/violent/anger_00698.npy,dataset/data/pose/rwf2000/train/non_violent/ATDMY6PzK9U_0.npy,0,train,non_violent,ATDMY6PzK9U_0
dataset/data/processed/train/non_violent/AbD9xwut_0/frame_sequence.pt,dataset/data/emotion/balanced-affectnet/train/violent/anger_01323.npy,dataset/data/pose/rwf2000/train/non_violent/AbD9xwut_0.npy,0,train,non_violent,AbD9xwut_0
dataset/data/processed/train/non_violent/Ae3RYgGF_0/frame_sequence.pt,dataset/data/emotion/balanced-affectnet/train/violent/anger_00460.npy,dataset/data/pose/rwf2000/train/non_violent/Ae3RYgGF_0.npy,0,train,non_violent,Ae3RYgGF_0
dataset/data/processed/train/non_violent/Am9mUxPTvK4_0/frame_sequence.pt,dataset/data/emotion/balanced-affectnet/train/violent/fear_01081.npy,dataset/data/pose/rwf2000/train/non_violent/Am9mUxPTvK4_0.npy,0,train,non_violent,Am9mUxPTvK4_0
dataset/data/processed/train/non_violent/AsGAgf8U2rk_0/frame_sequence.pt,dataset/data/emotion/balanced-affectnet/train/violent/anger_00110.npy,dataset/data/pose/rwf2000/train/non_violent/AsGAgf8U2rk_0.npy,0,train,non_violent,AsGAgf8U2rk_0
dataset/data/processed/train/non_violent/Assault005_x264_0/frame_sequence.pt,dataset/data/emotion/balanced-affectnet/train/violent/surprise_01177.npy,dataset/data/pose/rwf2000/train/non_violent/Assault005_x264_0.npy,0,train,non_violent,Assault005_x264_0
dataset/data/processed/train/non_violent/Assault005_x264_1/frame_sequence.pt,dataset/data/emotion/balanced-affectnet/train/violent/anger_01329.npy,dataset/data/pose/rwf2000/train/non_violent/Assault005_x264_1.npy,0,train,non_violent,Assault005_x264_1
dataset/data/processed/train/non_violent/Assault009_x264_0/frame_sequence.pt,dataset/data/emotion/balanced-affectnet/train/violent/fear_01071.npy,dataset/data/pose/rwf2000/train/non_violent/Assault009_x264_0.npy,0,train,non_violent,Assault009_x264_0
dataset/data/processed/train/non_violent/Assault009_x264_1/frame_sequence.pt,dataset/data/emotion/balanced-affectnet/train/violent/surprise_00109.npy,dataset/data/pose/rwf2000/train/non_violent/Assault009_x264_1.npy,0,train,non_violent,Assault009_x264_1
dataset/data/processed/train/non_violent/Assault010_x264_0/frame_sequence.pt,dataset/data/emotion/balanced-affectnet/train/violent/surprise_01092.npy,dataset/data/pose/rwf2000/train/non_violent/Assault010_x264_0.npy,0,train,non_violent,Assault010_x264_0
dataset/data/processed/train/non_violent/Assault010_x264_1/frame_sequence.pt,dataset/data/emotion/balanced-affectnet/train/violent/fear_00217.npy,dataset/data/pose/rwf2000/train/non_violent/Assault010_x264_1.npy,0,train,non_violent,Assault010_x264_1
dataset/data/processed/train/non_violent/Assault011_x264_0/frame_sequence.pt,dataset/data/emotion/balanced-affectnet/train/violent/fear_00311.npy,dataset/data/pose/rwf2000/train/non_violent/Assault011_x264_0.npy,0,train,non_violent,Assault011_x264_0
dataset/data/processed/train/non_violent/Assault011_x264_1/frame_sequence.pt,dataset/data/emotion/balanced-affectnet/train/violent/surprise_00270.npy,dataset/data/pose/rwf2000/train/non_violent/Assault011_x264_1.npy,0,train,non_violent,Assault011_x264_1
dataset/data/processed/train/non_violent/AszvEN7z_0/frame_sequence.pt,dataset/data/emotion/balanced-affectnet/train/violent/anger_00846.npy,dataset/data/pose/rwf2000/train/non_violent/AszvEN7z_0.npy,0,train,non_violent,AszvEN7z_0
dataset/data/processed/train/non_violent/B3UdlWcs_0/frame_sequence.pt,dataset/data/emotion/balanced-affectnet/train/violent/anger_00327.npy,dataset/data/pose/rwf2000/train/non_violent/B3UdlWcs_0.npy,0,train,non_violent,B3UdlWcs_0
dataset/data/processed/train/non_violent/B6DO4tXb_0/frame_sequence.pt,dataset/data/emotion/balanced-affectnet/train/violent/fear_01146.npy,dataset/data/pose/rwf2000/train/non_violent/B6DO4tXb_0.npy,0,train,non_violent,B6DO4tXb_0
dataset/data/processed/train/non_violent/BEoVUtDm_0/frame_sequence.pt,dataset/data/emotion/balanced-affectnet/train/violent/surprise_00170.npy,dataset/data/pose/rwf2000/train/non_violent/BEoVUtDm_0.npy,0,train,non_violent,BEoVUtDm_0
dataset/data/processed/train/non_violent/BKtajPcB_0/frame_sequence.pt,dataset/data/emotion/balanced-affectnet/train/violent/surprise_00773.npy,dataset/data/pose/rwf2000/train/non_violent/BKtajPcB_0.npy,0,train,non_violent,BKtajPcB_0
dataset/data/processed/train/non_violent/BOLcNZ5O_0/frame_sequence.pt,dataset/data/emotion/balanced-affectnet/train/violent/fear_01295.npy,dataset/data/pose/rwf2000/train/non_violent/BOLcNZ5O_0.npy,0,train,non_violent,BOLcNZ5O_0
dataset/data/processed/train/non_violent/BOt8ZMpM_0/frame_sequence.pt,dataset/data/emotion/balanced-affectnet/train/violent/anger_01039.npy,dataset/data/pose/rwf2000/train/non_violent/BOt8ZMpM_0.npy,0,train,non_violent,BOt8ZMpM_0
dataset/data/processed/train/non_violent/BUjGBAPb_0/frame_sequence.pt,dataset/data/emotion/balanced-affectnet/train/violent/anger_00437.npy,dataset/data/pose/rwf2000/train/non_violent/BUjGBAPb_0.npy,0,train,non_violent,BUjGBAPb_0
dataset/data/processed/train/non_violent/BpargJW29Wo_0/frame_sequence.pt,dataset/data/emotion/balanced-affectnet/train/violent/surprise_00202.npy,dataset/data/pose/rwf2000/train/non_violent/BpargJW29Wo_0.npy,0,train,non_violent,BpargJW29Wo_0
dataset/data/processed/train/non_violent/BpargJW29Wo_1/frame_sequence.pt,dataset/data/emotion/balanced-affectnet/train/violent/surprise_00527.npy,dataset/data/pose/rwf2000/train/non_violent/BpargJW29Wo_1.npy,0,train,non_violent,BpargJW29Wo_1
dataset/data/processed/train/non_violent/C3cT1JGv_0/frame_sequence.pt,dataset/data/emotion/balanced-affectnet/train/violent/anger_01289.npy,dataset/data/pose/rwf2000/train/non_violent/C3cT1JGv_0.npy,0,train,non_violent,C3cT1JGv_0
dataset/data/processed/train/non_violent/C4SQF-UZzkA_0/frame_sequence.pt,dataset/data/emotion/balanced-affectnet/train/violent/surprise_00862.npy,dataset/data/pose/rwf2000/train/non_violent/C4SQF-UZzkA_0.npy,0,train,non_violent,C4SQF-UZzkA_0
dataset/data/processed/train/non_violent/C4SQF-UZzkA_1/frame_sequence.pt,dataset/data/emotion/balanced-affectnet/train/violent/surprise_00148.npy,dataset/data/pose/rwf2000/train/non_violent/C4SQF-UZzkA_1.npy,0,train,non_violent,C4SQF-UZzkA_1
dataset/data/processed/train/non_violent/C4SQF-UZzkA_2/frame_sequence.pt,dataset/data/emotion/balanced-affectnet/train/violent/fear_01184.npy,dataset/data/pose/rwf2000/train/non_violent/C4SQF-UZzkA_2.npy,0,train,non_violent,C4SQF-UZzkA_2
dataset/data/processed/train/non_violent/C76VU1PQ_0/frame_sequence.pt,dataset/data/emotion/balanced-affectnet/train/violent/surprise_00670.npy,dataset/data/pose/rwf2000/train/non_violent/C76VU1PQ_0.npy,0,train,non_violent,C76VU1PQ_0
dataset/data/processed/train/non_violent/C7Ty4ui5_0/frame_sequence.pt,dataset/data/emotion/balanced-affectnet/train/violent/anger_00519.npy,dataset/data/pose/rwf2000/train/non_violent/C7Ty4ui5_0.npy,0,train,non_violent,C7Ty4ui5_0
dataset/data/processed/train/non_violent/C7sNO3e2_0/frame_sequence.pt,dataset/data/emotion/balanced-affectnet/train/violent/surprise_00632.npy,dataset/data/pose/rwf2000/train/non_violent/C7sNO3e2_0.npy,0,train,non_violent,C7sNO3e2_0
dataset/data/processed/train/non_violent/CKzrrb7E_0/frame_sequence.pt,dataset/data/emotion/balanced-affectnet/train/violent/fear_01039.npy,dataset/data/pose/rwf2000/train/non_violent/CKzrrb7E_0.npy,0,train,non_violent,CKzrrb7E_0
dataset/data/processed/train/non_violent/CPGf41PN_0/frame_sequence.pt,dataset/data/emotion/balanced-affectnet/train/violent/surprise_00577.npy,dataset/data/pose/rwf2000/train/non_violent/CPGf41PN_0.npy,0,train,non_violent,CPGf41PN_0
dataset/data/processed/train/non_violent/CfPgoKqk_0/frame_sequence.pt,dataset/data/emotion/balanced-affectnet/train/violent/anger_00179.npy,dataset/data/pose/rwf2000/train/non_violent/CfPgoKqk_0.npy,0,train,non_violent,CfPgoKqk_0
dataset/data/processed/train/non_violent/CqJB8ZWLZ-o_0/frame_sequence.pt,dataset/data/emotion/balanced-affectnet/train/violent/fear_00104.npy,dataset/data/pose/rwf2000/train/non_violent/CqJB8ZWLZ-o_0.npy,0,train,non_violent,CqJB8ZWLZ-o_0
dataset/data/processed/train/non_violent/CqJB8ZWLZ-o_1/frame_sequence.pt,dataset/data/emotion/balanced-affectnet/train/violent/fear_00901.npy,dataset/data/pose/rwf2000/train/non_violent/CqJB8ZWLZ-o_1.npy,0,train,non_violent,CqJB8ZWLZ-o_1
dataset/data/processed/train/non_violent/CqJB8ZWLZ-o_2/frame_sequence.pt,dataset/data/emotion/balanced-affectnet/train/violent/fear_00457.npy,dataset/data/pose/rwf2000/train/non_violent/CqJB8ZWLZ-o_2.npy,0,train,non_violent,CqJB8ZWLZ-o_2
dataset/data/processed/train/non_violent/CqJB8ZWLZ-o_3/frame_sequence.pt,dataset/data/emotion/balanced-affectnet/train/violent/surprise_00058.npy,dataset/data/pose/rwf2000/train/non_violent/CqJB8ZWLZ-o_3.npy,0,train,non_violent,CqJB8ZWLZ-o_3
dataset/data/processed/train/non_violent/D6cjNRiP_0/frame_sequence.pt,dataset/data/emotion/balanced-affectnet/train/violent/fear_00205.npy,dataset/data/pose/rwf2000/train/non_violent/D6cjNRiP_0.npy,0,train,non_violent,D6cjNRiP_0
dataset/data/processed/train/non_violent/DAMfrqpC_0/frame_sequence.pt,dataset/data/emotion/balanced-affectnet/train/violent/anger_00299.npy,dataset/data/pose/rwf2000/train/non_violent/DAMfrqpC_0.npy,0,train,non_violent,DAMfrqpC_0
dataset/data/processed/train/non_violent/DIsQwAdR8MI_0/frame_sequence.pt,dataset/data/emotion/balanced-affectnet/train/violent/fear_00788.npy,dataset/data/pose/rwf2000/train/non_violent/DIsQwAdR8MI_0.npy,0,train,non_violent,DIsQwAdR8MI_0
dataset/data/processed/train/non_violent/DL2gWMZA_0/frame_sequence.pt,dataset/data/emotion/balanced-affectnet/train/violent/surprise_00001.npy,dataset/data/pose/rwf2000/train/non_violent/DL2gWMZA_0.npy,0,train,non_violent,DL2gWMZA_0
dataset/data/processed/train/non_violent/DRlOjUNi_0/frame_sequence.pt,dataset/data/emotion/balanced-affectnet/train/violent/fear_00079.npy,dataset/data/pose/rwf2000/train/non_violent/DRlOjUNi_0.npy,0,train,non_violent,DRlOjUNi_0
dataset/data/processed/train/non_violent/DThokDTW_0/frame_sequence.pt,dataset/data/emotion/balanced-affectnet/train/violent/anger_00053.npy,dataset/data/pose/rwf2000/train/non_violent/DThokDTW_0.npy,0,train,non_violent,DThokDTW_0
dataset/data/processed/train/non_violent/DTq6Gu30-uA_0/frame_sequence.pt,dataset/data/emotion/balanced-affectnet/train/violent/surprise_00878.npy,dataset/data/pose/rwf2000/train/non_violent/DTq6Gu30-uA_0.npy,0,train,non_violent,DTq6Gu30-uA_0
dataset/data/processed/train/non_violent/DTq6Gu30-uA_1/frame_sequence.pt,dataset/data/emotion/balanced-affectnet/train/violent/fear_00426.npy,dataset/data/pose/rwf2000/train/non_violent/DTq6Gu30-uA_1.npy,0,train,non_violent,DTq6Gu30-uA_1
dataset/data/processed/train/non_violent/DTq6Gu30-uA_2/frame_sequence.pt,dataset/data/emotion/balanced-affectnet/train/violent/surprise_00763.npy,dataset/data/pose/rwf2000/train/non_violent/DTq6Gu30-uA_2.npy,0,train,non_violent,DTq6Gu30-uA_2
dataset/data/processed/train/non_violent/DWEBHWM9_0/frame_sequence.pt,dataset/data/emotion/balanced-affectnet/train/violent/fear_00726.npy,dataset/data/pose/rwf2000/train/non_violent/DWEBHWM9_0.npy,0,train,non_violent,DWEBHWM9_0
dataset/data/processed/train/non_violent/DX5wwFlF_0/frame_sequence.pt,dataset/data/emotion/balanced-affectnet/train/violent/anger_00456.npy,dataset/data/pose/rwf2000/train/non_violent/DX5wwFlF_0.npy,0,train,non_violent,DX5wwFlF_0
dataset/data/processed/train/non_violent/DZdLP0rd_0/frame_sequence.pt,dataset/data/emotion/balanced-affectnet/train/violent/fear_00485.npy,dataset/data/pose/rwf2000/train/non_violent/DZdLP0rd_0.npy,0,train,non_violent,DZdLP0rd_0
dataset/data/processed/train/non_violent/DjLWv5mr_0/frame_sequence.pt,dataset/data/emotion/balanced-affectnet/train/violent/fear_00170.npy,dataset/data/pose/rwf2000/train/non_violent/DjLWv5mr_0.npy,0,train,non_violent,DjLWv5mr_0
dataset/data/processed/train/non_violent/DrKgJwIv_0/frame_sequence.pt,dataset/data/emotion/balanced-affectnet/train/violent/fear_01351.npy,dataset/data/pose/rwf2000/train/non_violent/DrKgJwIv_0.npy,0,train,non_violent,DrKgJwIv_0
dataset/data/processed/train/non_violent/E0Huf4Qi0JE_0/frame_sequence.pt,dataset/data/emotion/balanced-affectnet/train/violent/surprise_01065.npy,dataset/data/pose/rwf2000/train/non_violent/E0Huf4Qi0JE_0.npy,0,train,non_violent,E0Huf4Qi0JE_0
dataset/data/processed/train/non_violent/E0rUpvbX_0/frame_sequence.pt,dataset/data/emotion/balanced-affectnet/train/violent/surprise_00797.npy,dataset/data/pose/rwf2000/train/non_violent/E0rUpvbX_0.npy,0,train,non_violent,E0rUpvbX_0
dataset/data/processed/train/non_violent/E2gqgFNyPL8_0/frame_sequence.pt,dataset/data/emotion/balanced-affectnet/train/violent/fear_00602.npy,dataset/data/pose/rwf2000/train/non_violent/E2gqgFNyPL8_0.npy,0,train,non_violent,E2gqgFNyPL8_0
dataset/data/processed/train/non_violent/E2gqgFNyPL8_1/frame_sequence.pt,dataset/data/emotion/balanced-affectnet/train/violent/surprise_00271.npy,dataset/data/pose/rwf2000/train/non_violent/E2gqgFNyPL8_1.npy,0,train,non_violent,E2gqgFNyPL8_1
dataset/data/processed/train/non_violent/E2gqgFNyPL8_2/frame_sequence.pt,dataset/data/emotion/balanced-affectnet/train/violent/anger_00662.npy,dataset/data/pose/rwf2000/train/non_violent/E2gqgFNyPL8_2.npy,0,train,non_violent,E2gqgFNyPL8_2
dataset/data/processed/train/non_violent/EBwt3Thb_0/frame_sequence.pt,dataset/data/emotion/balanced-affectnet/train/violent/fear_00496.npy,dataset/data/pose/rwf2000/train/non_violent/EBwt3Thb_0.npy,0,train,non_violent,EBwt3Thb_0
dataset/data/processed/train/non_violent/EDaOod1H_0/frame_sequence.pt,dataset/data/emotion/balanced-affectnet/train/violent/anger_00762.npy,dataset/data/pose/rwf2000/train/non_violent/EDaOod1H_0.npy,0,train,non_violent,EDaOod1H_0
dataset/data/processed/train/non_violent/EGhykgb4_0/frame_sequence.pt,dataset/data/emotion/balanced-affectnet/train/violent/surprise_00389.npy,dataset/data/pose/rwf2000/train/non_violent/EGhykgb4_0.npy,0,train,non_violent,EGhykgb4_0
dataset/data/processed/train/non_violent/ELL0jBUP_0/frame_sequence.pt,dataset/data/emotion/balanced-affectnet/train/violent/fear_00869.npy,dataset/data/pose/rwf2000/train/non_violent/ELL0jBUP_0.npy,0,train,non_violent,ELL0jBUP_0
dataset/data/processed/train/non_violent/EUgjFWbm_0/frame_sequence.pt,dataset/data/emotion/balanced-affectnet/train/violent/surprise_00028.npy,dataset/data/pose/rwf2000/train/non_violent/EUgjFWbm_0.npy,0,train,non_violent,EUgjFWbm_0
dataset/data/processed/train/non_violent/EckGCByW_0/frame_sequence.pt,dataset/data/emotion/balanced-affectnet/train/violent/anger_01166.npy,dataset/data/pose/rwf2000/train/non_violent/EckGCByW_0.npy,0,train,non_violent,EckGCByW_0
dataset/data/processed/train/non_violent/EizIwdII_0/frame_sequence.pt,dataset/data/emotion/balanced-affectnet/train/violent/fear_01274.npy,dataset/data/pose/rwf2000/train/non_violent/EizIwdII_0.npy,0,train,non_violent,EizIwdII_0
dataset/data/processed/train/non_violent/F7W6PQ3V3y8_0/frame_sequence.pt,dataset/data/emotion/balanced-affectnet/train/violent/surprise_00716.npy,dataset/data/pose/rwf2000/train/non_violent/F7W6PQ3V3y8_0.npy,0,train,non_violent,F7W6PQ3V3y8_0
dataset/data/processed/train/non_violent/F7W6PQ3V3y8_1/frame_sequence.pt,dataset/data/emotion/balanced-affectnet/train/violent/surprise_01198.npy,dataset/data/pose/rwf2000/train/non_violent/F7W6PQ3V3y8_1.npy,0,train,non_violent,F7W6PQ3V3y8_1
dataset/data/processed/train/non_violent/F7W6PQ3V3y8_2/frame_sequence.pt,dataset/data/emotion/balanced-affectnet/train/violent/fear_00941.npy,dataset/data/pose/rwf2000/train/non_violent/F7W6PQ3V3y8_2.npy,0,train,non_violent,F7W6PQ3V3y8_2
dataset/data/processed/train/non_violent/F7W6PQ3V3y8_3/frame_sequence.pt,dataset/data/emotion/balanced-affectnet/train/violent/surprise_00572.npy,dataset/data/pose/rwf2000/train/non_violent/F7W6PQ3V3y8_3.npy,0,train,non_violent,F7W6PQ3V3y8_3
dataset/data/processed/train/non_violent/FB3eqRE8_0/frame_sequence.pt,dataset/data/emotion/balanced-affectnet/train/violent/fear_00707.npy,dataset/data/pose/rwf2000/train/non_violent/FB3eqRE8_0.npy,0,train,non_violent,FB3eqRE8_0
dataset/data/processed/train/non_violent/FKl98mfo_0/frame_sequence.pt,dataset/data/emotion/balanced-affectnet/train/violent/fear_00629.npy,dataset/data/pose/rwf2000/train/non_violent/FKl98mfo_0.npy,0,train,non_violent,FKl98mfo_0
dataset/data/processed/train/non_violent/FPU7QpO4_0/frame_sequence.pt,dataset/data/emotion/balanced-affectnet/train/violent/fear_00500.npy,dataset/data/pose/rwf2000/train/non_violent/FPU7QpO4_0.npy,0,train,non_violent,FPU7QpO4_0
dataset/data/processed/train/non_violent/FSaZ8wiFw8Q_0/frame_sequence.pt,dataset/data/emotion/balanced-affectnet/train/violent/surprise_00802.npy,dataset/data/pose/rwf2000/train/non_violent/FSaZ8wiFw8Q_0.npy,0,train,non_violent,FSaZ8wiFw8Q_0
dataset/data/processed/train/non_violent/FWsNU4WI_0/frame_sequence.pt,dataset/data/emotion/balanced-affectnet/train/violent/surprise_00386.npy,dataset/data/pose/rwf2000/train/non_violent/FWsNU4WI_0.npy,0,train,non_violent,FWsNU4WI_0
dataset/data/processed/train/non_violent/FZDDNtcaBcw_0/frame_sequence.pt,dataset/data/emotion/balanced-affectnet/train/violent/fear_01177.npy,dataset/data/pose/rwf2000/train/non_violent/FZDDNtcaBcw_0.npy,0,train,non_violent,FZDDNtcaBcw_0
dataset/data/processed/train/non_violent/Fighting014_x264_0/frame_sequence.pt,dataset/data/emotion/balanced-affectnet/train/violent/anger_01158.npy,dataset/data/pose/rwf2000/train/non_violent/Fighting014_x264_0.npy,0,train,non_violent,Fighting014_x264_0
dataset/data/processed/train/non_violent/Fighting014_x264_1/frame_sequence.pt,dataset/data/emotion/balanced-affectnet/train/violent/fear_00005.npy,dataset/data/pose/rwf2000/train/non_violent/Fighting014_x264_1.npy,0,train,non_violent,Fighting014_x264_1
dataset/data/processed/train/non_violent/Fk3lg4wG_0/frame_sequence.pt,dataset/data/emotion/balanced-affectnet/train/violent/surprise_00920.npy,dataset/data/pose/rwf2000/train/non_violent/Fk3lg4wG_0.npy,0,train,non_violent,Fk3lg4wG_0
dataset/data/processed/train/non_violent/Fn4sSVbO_0/frame_sequence.pt,dataset/data/emotion/balanced-affectnet/train/violent/anger_01061.npy,dataset/data/pose/rwf2000/train/non_violent/Fn4sSVbO_0.npy,0,train,non_violent,Fn4sSVbO_0
dataset/data/processed/train/non_violent/FrwBev61_0/frame_sequence.pt,dataset/data/emotion/balanced-affectnet/train/violent/surprise_00828.npy,dataset/data/pose/rwf2000/train/non_violent/FrwBev61_0.npy,0,train,non_violent,FrwBev61_0
dataset/data/processed/train/non_violent/G0rgy9Ts_0/frame_sequence.pt,dataset/data/emotion/balanced-affectnet/train/violent/anger_00377.npy,dataset/data/pose/rwf2000/train/non_violent/G0rgy9Ts_0.npy,0,train,non_violent,G0rgy9Ts_0
dataset/data/processed/train/non_violent/G9uNZGcK_0/frame_sequence.pt,dataset/data/emotion/balanced-affectnet/train/violent/anger_01206.npy,dataset/data/pose/rwf2000/train/non_violent/G9uNZGcK_0.npy,0,train,non_violent,G9uNZGcK_0
dataset/data/processed/train/non_violent/GL9jSSxg_0/frame_sequence.pt,dataset/data/emotion/balanced-affectnet/train/violent/surprise_01051.npy,dataset/data/pose/rwf2000/train/non_violent/GL9jSSxg_0.npy,0,train,non_violent,GL9jSSxg_0
dataset/data/processed/train/non_violent/GVdnjHyU_0/frame_sequence.pt,dataset/data/emotion/balanced-affectnet/train/violent/fear_00572.npy,dataset/data/pose/rwf2000/train/non_violent/GVdnjHyU_0.npy,0,train,non_violent,GVdnjHyU_0
dataset/data/processed/train/non_violent/GZWxDB1c_0/frame_sequence.pt,dataset/data/emotion/balanced-affectnet/train/violent/anger_01054.npy,dataset/data/pose/rwf2000/train/non_violent/GZWxDB1c_0.npy,0,train,non_violent,GZWxDB1c_0
dataset/data/processed/train/non_violent/GgT095uX_0/frame_sequence.pt,dataset/data/emotion/balanced-affectnet/train/violent/surprise_00480.npy,dataset/data/pose/rwf2000/train/non_violent/GgT095uX_0.npy,0,train,non_violent,GgT095uX_0
dataset/data/processed/train/non_violent/GhZRf4GIw0w_0/frame_sequence.pt,dataset/data/emotion/balanced-affectnet/train/violent/fear_00638.npy,dataset/data/pose/rwf2000/train/non_violent/GhZRf4GIw0w_0.npy,0,train,non_violent,GhZRf4GIw0w_0
dataset/data/processed/train/non_violent/GodUly2k_0/frame_sequence.pt,dataset/data/emotion/balanced-affectnet/train/violent/fear_01091.npy,dataset/data/pose/rwf2000/train/non_violent/GodUly2k_0.npy,0,train,non_violent,GodUly2k_0
dataset/data/processed/train/non_violent/GqDA8E4j_0/frame_sequence.pt,dataset/data/emotion/balanced-affectnet/train/violent/fear_01265.npy,dataset/data/pose/rwf2000/train/non_violent/GqDA8E4j_0.npy,0,train,non_violent,GqDA8E4j_0
dataset/data/processed/train/non_violent/Gr3ikl6A2bE_0/frame_sequence.pt,dataset/data/emotion/balanced-affectnet/train/violent/surprise_00125.npy,dataset/data/pose/rwf2000/train/non_violent/Gr3ikl6A2bE_0.npy,0,train,non_violent,Gr3ikl6A2bE_0
dataset/data/processed/train/non_violent/GzPhV725_0/frame_sequence.pt,dataset/data/emotion/balanced-affectnet/train/violent/fear_00260.npy,dataset/data/pose/rwf2000/train/non_violent/GzPhV725_0.npy,0,train,non_violent,GzPhV725_0
dataset/data/processed/train/non_violent/H1AzC-GyKto_0/frame_sequence.pt,dataset/data/emotion/balanced-affectnet/train/violent/fear_00070.npy,dataset/data/pose/rwf2000/train/non_violent/H1AzC-GyKto_0.npy,0,train,non_violent,H1AzC-GyKto_0
dataset/data/processed/train/non_violent/H1AzC-GyKto_1/frame_sequence.pt,dataset/data/emotion/balanced-affectnet/train/violent/anger_00127.npy,dataset/data/pose/rwf2000/train/non_violent/H1AzC-GyKto_1.npy,0,train,non_violent,H1AzC-GyKto_1
dataset/data/processed/train/non_violent/H1AzC-GyKto_2/frame_sequence.pt,dataset/data/emotion/balanced-affectnet/train/violent/fear_00766.npy,dataset/data/pose/rwf2000/train/non_violent/H1AzC-GyKto_2.npy,0,train,non_violent,H1AzC-GyKto_2
dataset/data/processed/train/non_violent/H1AzC-GyKto_3/frame_sequence.pt,dataset/data/emotion/balanced-affectnet/train/violent/surprise_00933.npy,dataset/data/pose/rwf2000/train/non_violent/H1AzC-GyKto_3.npy,0,train,non_violent,H1AzC-GyKto_3
dataset/data/processed/train/non_violent/H68yvSdp_0/frame_sequence.pt,dataset/data/emotion/balanced-affectnet/train/violent/fear_00023.npy,dataset/data/pose/rwf2000/train/non_violent/H68yvSdp_0.npy,0,train,non_violent,H68yvSdp_0
dataset/data/processed/train/non_violent/HAh9eqtO_0/frame_sequence.pt,dataset/data/emotion/balanced-affectnet/train/violent/anger_00788.npy,dataset/data/pose/rwf2000/train/non_violent/HAh9eqtO_0.npy,0,train,non_violent,HAh9eqtO_0
dataset/data/processed/train/non_violent/HAoCHqFV_0/frame_sequence.pt,dataset/data/emotion/balanced-affectnet/train/violent/fear_00741.npy,dataset/data/pose/rwf2000/train/non_violent/HAoCHqFV_0.npy,0,train,non_violent,HAoCHqFV_0
dataset/data/processed/train/non_violent/HG8xQFSd_0/frame_sequence.pt,dataset/data/emotion/balanced-affectnet/train/violent/anger_00920.npy,dataset/data/pose/rwf2000/train/non_violent/HG8xQFSd_0.npy,0,train,non_violent,HG8xQFSd_0
dataset/data/processed/train/non_violent/HUuRelBW_0/frame_sequence.pt,dataset/data/emotion/balanced-affectnet/train/violent/fear_00154.npy,dataset/data/pose/rwf2000/train/non_violent/HUuRelBW_0.npy,0,train,non_violent,HUuRelBW_0
dataset/data/processed/train/non_violent/HVRUChVh_0/frame_sequence.pt,dataset/data/emotion/balanced-affectnet/train/violent/surprise_00699.npy,dataset/data/pose/rwf2000/train/non_violent/HVRUChVh_0.npy,0,train,non_violent,HVRUChVh_0
dataset/data/processed/train/non_violent/HVSv9sgz2ZI_0/frame_sequence.pt,dataset/data/emotion/balanced-affectnet/train/violent/anger_01122.npy,dataset/data/pose/rwf2000/train/non_violent/HVSv9sgz2ZI_0.npy,0,train,non_violent,HVSv9sgz2ZI_0
dataset/data/processed/train/non_violent/HVSv9sgz2ZI_1/frame_sequence.pt,dataset/data/emotion/balanced-affectnet/train/violent/fear_00095.npy,dataset/data/pose/rwf2000/train/non_violent/HVSv9sgz2ZI_1.npy,0,train,non_violent,HVSv9sgz2ZI_1
dataset/data/processed/train/non_violent/HVSv9sgz2ZI_2/frame_sequence.pt,dataset/data/emotion/balanced-affectnet/train/violent/anger_01215.npy,dataset/data/pose/rwf2000/train/non_violent/HVSv9sgz2ZI_2.npy,0,train,non_violent,HVSv9sgz2ZI_2
dataset/data/processed/train/non_violent/HVSv9sgz2ZI_3/frame_sequence.pt,dataset/data/emotion/balanced-affectnet/train/violent/surprise_01069.npy,dataset/data/pose/rwf2000/train/non_violent/HVSv9sgz2ZI_3.npy,0,train,non_violent,HVSv9sgz2ZI_3
dataset/data/processed/train/non_violent/HW48LUZKOL4_0/frame_sequence.pt,dataset/data/emotion/balanced-affectnet/train/violent/fear_01218.npy,dataset/data/pose/rwf2000/train/non_violent/HW48LUZKOL4_0.npy,0,train,non_violent,HW48LUZKOL4_0
dataset/data/processed/train/non_violent/HW48LUZKOL4_1/frame_sequence.pt,dataset/data/emotion/balanced-affectnet/train/violent/surprise_00284.npy,dataset/data/pose/rwf2000/train/non_violent/HW48LUZKOL4_1.npy,0,train,non_violent,HW48LUZKOL4_1
dataset/data/processed/train/non_violent/HW48LUZKOL4_2/frame_sequence.pt,dataset/data/emotion/balanced-affectnet/train/violent/surprise_01071.npy,dataset/data/pose/rwf2000/train/non_violent/HW48LUZKOL4_2.npy,0,train,non_violent,HW48LUZKOL4_2
dataset/data/processed/train/non_violent/HW48LUZKOL4_3/frame_sequence.pt,dataset/data/emotion/balanced-affectnet/train/violent/anger_01200.npy,dataset/data/pose/rwf2000/train/non_violent/HW48LUZKOL4_3.npy,0,train,non_violent,HW48LUZKOL4_3
dataset/data/processed/train/non_violent/HYkbCvPj_0/frame_sequence.pt,dataset/data/emotion/balanced-affectnet/train/violent/fear_01043.npy,dataset/data/pose/rwf2000/train/non_violent/HYkbCvPj_0.npy,0,train,non_violent,HYkbCvPj_0
dataset/data/processed/train/non_violent/H_VQJU0Bqpc_0/frame_sequence.pt,dataset/data/emotion/balanced-affectnet/train/violent/anger_00043.npy,dataset/data/pose/rwf2000/train/non_violent/H_VQJU0Bqpc_0.npy,0,train,non_violent,H_VQJU0Bqpc_0
dataset/data/processed/train/non_violent/H_VQJU0Bqpc_1/frame_sequence.pt,dataset/data/emotion/balanced-affectnet/train/violent/fear_00875.npy,dataset/data/pose/rwf2000/train/non_violent/H_VQJU0Bqpc_1.npy,0,train,non_violent,H_VQJU0Bqpc_1
dataset/data/processed/train/non_violent/H_VQJU0Bqpc_2/frame_sequence.pt,dataset/data/emotion/balanced-affectnet/train/violent/anger_00828.npy,dataset/data/pose/rwf2000/train/non_violent/H_VQJU0Bqpc_2.npy,0,train,non_violent,H_VQJU0Bqpc_2
dataset/data/processed/train/non_violent/H_VQJU0Bqpc_3/frame_sequence.pt,dataset/data/emotion/balanced-affectnet/train/violent/anger_00375.npy,dataset/data/pose/rwf2000/train/non_violent/H_VQJU0Bqpc_3.npy,0,train,non_violent,H_VQJU0Bqpc_3
dataset/data/processed/train/non_violent/HbfZYAXw_0/frame_sequence.pt,dataset/data/emotion/balanced-affectnet/train/violent/anger_01050.npy,dataset/data/pose/rwf2000/train/non_violent/HbfZYAXw_0.npy,0,train,non_violent,HbfZYAXw_0
dataset/data/processed/train/non_violent/HodGUj8s_0/frame_sequence.pt,dataset/data/emotion/balanced-affectnet/train/violent/surprise_00371.npy,dataset/data/pose/rwf2000/train/non_violent/HodGUj8s_0.npy,0,train,non_violent,HodGUj8s_0
dataset/data/processed/train/non_violent/Hsvzcq2l_0/frame_sequence.pt,dataset/data/emotion/balanced-affectnet/train/violent/fear_00395.npy,dataset/data/pose/rwf2000/train/non_violent/Hsvzcq2l_0.npy,0,train,non_violent,Hsvzcq2l_0
dataset/data/processed/train/non_violent/HvfhYJ8b_0/frame_sequence.pt,dataset/data/emotion/balanced-affectnet/train/violent/fear_00757.npy,dataset/data/pose/rwf2000/train/non_violent/HvfhYJ8b_0.npy,0,train,non_violent,HvfhYJ8b_0
dataset/data/processed/train/non_violent/I-x0G5pAan0_0/frame_sequence.pt,dataset/data/emotion/balanced-affectnet/train/violent/fear_01049.npy,dataset/data/pose/rwf2000/train/non_violent/I-x0G5pAan0_0.npy,0,train,non_violent,I-x0G5pAan0_0
dataset/data/processed/train/non_violent/I-x0G5pAan0_1/frame_sequence.pt,dataset/data/emotion/balanced-affectnet/train/violent/surprise_00547.npy,dataset/data/pose/rwf2000/train/non_violent/I-x0G5pAan0_1.npy,0,train,non_violent,I-x0G5pAan0_1
dataset/data/processed/train/non_violent/I7u5I8Oa_0/frame_sequence.pt,dataset/data/emotion/balanced-affectnet/train/violent/anger_01046.npy,dataset/data/pose/rwf2000/train/non_violent/I7u5I8Oa_0.npy,0,train,non_violent,I7u5I8Oa_0
dataset/data/processed/train/non_violent/IGCZWiP8_0/frame_sequence.pt,dataset/data/emotion/balanced-affectnet/train/violent/surprise_00247.npy,dataset/data/pose/rwf2000/train/non_violent/IGCZWiP8_0.npy,0,train,non_violent,IGCZWiP8_0
dataset/data/processed/train/non_violent/Isob76kh_0/frame_sequence.pt,dataset/data/emotion/balanced-affectnet/train/violent/fear_00704.npy,dataset/data/pose/rwf2000/train/non_violent/Isob76kh_0.npy,0,train,non_violent,Isob76kh_0
dataset/data/processed/train/non_violent/IynvwHe9W3U_0/frame_sequence.pt,dataset/data/emotion/balanced-affectnet/train/violent/surprise_00053.npy,dataset/data/pose/rwf2000/train/non_violent/IynvwHe9W3U_0.npy,0,train,non_violent,IynvwHe9W3U_0
dataset/data/processed/train/non_violent/IynvwHe9W3U_1/frame_sequence.pt,dataset/data/emotion/balanced-affectnet/train/violent/surprise_00344.npy,dataset/data/pose/rwf2000/train/non_violent/IynvwHe9W3U_1.npy,0,train,non_violent,IynvwHe9W3U_1
dataset/data/processed/train/non_violent/IynvwHe9W3U_2/frame_sequence.pt,dataset/data/emotion/balanced-affectnet/train/violent/fear_00770.npy,dataset/data/pose/rwf2000/train/non_violent/IynvwHe9W3U_2.npy,0,train,non_violent,IynvwHe9W3U_2
dataset/data/processed/train/non_violent/IynvwHe9W3U_3/frame_sequence.pt,dataset/data/emotion/balanced-affectnet/train/violent/fear_00580.npy,dataset/data/pose/rwf2000/train/non_violent/IynvwHe9W3U_3.npy,0,train,non_violent,IynvwHe9W3U_3
dataset/data/processed/train/non_violent/J2Am3J0z_0/frame_sequence.pt,dataset/data/emotion/balanced-affectnet/train/violent/surprise_00705.npy,dataset/data/pose/rwf2000/train/non_violent/J2Am3J0z_0.npy,0,train,non_violent,J2Am3J0z_0
dataset/data/processed/train/non_violent/J2rsCgMC_0/frame_sequence.pt,dataset/data/emotion/balanced-affectnet/train/violent/anger_00074.npy,dataset/data/pose/rwf2000/train/non_violent/J2rsCgMC_0.npy,0,train,non_violent,J2rsCgMC_0
dataset/data/processed/train/non_violent/JBRqNBaP_0/frame_sequence.pt,dataset/data/emotion/balanced-affectnet/train/violent/anger_00409.npy,dataset/data/pose/rwf2000/train/non_violent/JBRqNBaP_0.npy,0,train,non_violent,JBRqNBaP_0
dataset/data/processed/train/non_violent/JD9JJbiJ_0/frame_sequence.pt,dataset/data/emotion/balanced-affectnet/train/violent/anger_01285.npy,dataset/data/pose/rwf2000/train/non_violent/JD9JJbiJ_0.npy,0,train,non_violent,JD9JJbiJ_0
dataset/data/processed/train/non_violent/JPIeYvRgo6I_0/frame_sequence.pt,dataset/data/emotion/balanced-affectnet/train/violent/anger_00968.npy,dataset/data/pose/rwf2000/train/non_violent/JPIeYvRgo6I_0.npy,0,train,non_violent,JPIeYvRgo6I_0
dataset/data/processed/train/non_violent/JPIeYvRgo6I_1/frame_sequence.pt,dataset/data/emotion/balanced-affectnet/train/violent/fear_00392.npy,dataset/data/pose/rwf2000/train/non_violent/JPIeYvRgo6I_1.npy,0,train,non_violent,JPIeYvRgo6I_1
dataset/data/processed/train/non_violent/JPIeYvRgo6I_2/frame_sequence.pt,dataset/data/emotion/balanced-affectnet/train/violent/surprise_00262.npy,dataset/data/pose/rwf2000/train/non_violent/JPIeYvRgo6I_2.npy,0,train,non_violent,JPIeYvRgo6I_2
dataset/data/processed/train/non_violent/JPMLt2ZH_0/frame_sequence.pt,dataset/data/emotion/balanced-affectnet/train/violent/anger_01066.npy,dataset/data/pose/rwf2000/train/non_violent/JPMLt2ZH_0.npy,0,train,non_violent,JPMLt2ZH_0
dataset/data/processed/train/non_violent/JWFfsHEG_0/frame_sequence.pt,dataset/data/emotion/balanced-affectnet/train/violent/anger_01341.npy,dataset/data/pose/rwf2000/train/non_violent/JWFfsHEG_0.npy,0,train,non_violent,JWFfsHEG_0
dataset/data/processed/train/non_violent/JgXAUoyJ_0/frame_sequence.pt,dataset/data/emotion/balanced-affectnet/train/violent/surprise_00144.npy,dataset/data/pose/rwf2000/train/non_violent/JgXAUoyJ_0.npy,0,train,non_violent,JgXAUoyJ_0
dataset/data/processed/train/non_violent/JsjF2OSJ_0/frame_sequence.pt,dataset/data/emotion/balanced-affectnet/train/violent/fear_01175.npy,dataset/data/pose/rwf2000/train/non_violent/JsjF2OSJ_0.npy,0,train,non_violent,JsjF2OSJ_0
dataset/data/processed/train/non_violent/JwTPruSFTjk_0/frame_sequence.pt,dataset/data/emotion/balanced-affectnet/train/violent/fear_00239.npy,dataset/data/pose/rwf2000/train/non_violent/JwTPruSFTjk_0.npy,0,train,non_violent,JwTPruSFTjk_0
dataset/data/processed/train/non_violent/JwTPruSFTjk_1/frame_sequence.pt,dataset/data/emotion/balanced-affectnet/train/violent/fear_00701.npy,dataset/data/pose/rwf2000/train/non_violent/JwTPruSFTjk_1.npy,0,train,non_violent,JwTPruSFTjk_1
dataset/data/processed/train/non_violent/JwfajujK_0/frame_sequence.pt,dataset/data/emotion/balanced-affectnet/train/violent/fear_01056.npy,dataset/data/pose/rwf2000/train/non_violent/JwfajujK_0.npy,0,train,non_violent,JwfajujK_0
dataset/data/processed/train/non_violent/JxpNuQop_0/frame_sequence.pt,dataset/data/emotion/balanced-affectnet/train/violent/fear_00956.npy,dataset/data/pose/rwf2000/train/non_violent/JxpNuQop_0.npy,0,train,non_violent,JxpNuQop_0
dataset/data/processed/train/non_violent/K4700BuM_0/frame_sequence.pt,dataset/data/emotion/balanced-affectnet/train/violent/fear_00124.npy,dataset/data/pose/rwf2000/train/non_violent/K4700BuM_0.npy,0,train,non_violent,K4700BuM_0
dataset/data/processed/train/non_violent/KDOVTf7T_0/frame_sequence.pt,dataset/data/emotion/balanced-affectnet/train/violent/fear_00489.npy,dataset/data/pose/rwf2000/train/non_violent/KDOVTf7T_0.npy,0,train,non_violent,KDOVTf7T_0
dataset/data/processed/train/non_violent/KLEwMKTN_0/frame_sequence.pt,dataset/data/emotion/balanced-affectnet/train/violent/surprise_00516.npy,dataset/data/pose/rwf2000/train/non_violent/KLEwMKTN_0.npy,0,train,non_violent,KLEwMKTN_0
dataset/data/processed/train/non_violent/KOaUqaC8_0/frame_sequence.pt,dataset/data/emotion/balanced-affectnet/train/violent/fear_01045.npy,dataset/data/pose/rwf2000/train/non_violent/KOaUqaC8_0.npy,0,train,non_violent,KOaUqaC8_0
dataset/data/processed/train/non_violent/KQTiHlA11fM_0/frame_sequence.pt,dataset/data/emotion/balanced-affectnet/train/violent/fear_00064.npy,dataset/data/pose/rwf2000/train/non_violent/KQTiHlA11fM_0.npy,0,train,non_violent,KQTiHlA11fM_0
dataset/data/processed/train/non_violent/KQTiHlA11fM_1/frame_sequence.pt,dataset/data/emotion/balanced-affectnet/train/violent/fear_00160.npy,dataset/data/pose/rwf2000/train/non_violent/KQTiHlA11fM_1.npy,0,train,non_violent,KQTiHlA11fM_1
dataset/data/processed/train/non_violent/KQTiHlA11fM_2/frame_sequence.pt,dataset/data/emotion/balanced-affectnet/train/violent/surprise_00327.npy,dataset/data/pose/rwf2000/train/non_violent/KQTiHlA11fM_2.npy,0,train,non_violent,KQTiHlA11fM_2
dataset/data/processed/train/non_violent/KQTiHlA11fM_3/frame_sequence.pt,dataset/data/emotion/balanced-affectnet/train/violent/fear_00620.npy,dataset/data/pose/rwf2000/train/non_violent/KQTiHlA11fM_3.npy,0,train,non_violent,KQTiHlA11fM_3
dataset/data/processed/train/non_violent/K_7hT4N2QCE_0/frame_sequence.pt,dataset/data/emotion/balanced-affectnet/train/violent/anger_01187.npy,dataset/data/pose/rwf2000/train/non_violent/K_7hT4N2QCE_0.npy,0,train,non_violent,K_7hT4N2QCE_0
dataset/data/processed/train/non_violent/KklEipxk_0/frame_sequence.pt,dataset/data/emotion/balanced-affectnet/train/violent/anger_01344.npy,dataset/data/pose/rwf2000/train/non_violent/KklEipxk_0.npy,0,train,non_violent,KklEipxk_0
dataset/data/processed/train/non_violent/Km94kW0O_0/frame_sequence.pt,dataset/data/emotion/balanced-affectnet/train/violent/anger_01102.npy,dataset/data/pose/rwf2000/train/non_violent/Km94kW0O_0.npy,0,train,non_violent,Km94kW0O_0
dataset/data/processed/train/non_violent/KxOHVkVQ_0/frame_sequence.pt,dataset/data/emotion/balanced-affectnet/train/violent/anger_01006.npy,dataset/data/pose/rwf2000/train/non_violent/KxOHVkVQ_0.npy,0,train,non_violent,KxOHVkVQ_0
dataset/data/processed/train/non_violent/L9tYVvJY_0/frame_sequence.pt,dataset/data/emotion/balanced-affectnet/train/violent/anger_00530.npy,dataset/data/pose/rwf2000/train/non_violent/L9tYVvJY_0.npy,0,train,non_violent,L9tYVvJY_0
dataset/data/processed/train/non_violent/LLo_TXIz5-g_0/frame_sequence.pt,dataset/data/emotion/balanced-affectnet/train/violent/surprise_00422.npy,dataset/data/pose/rwf2000/train/non_violent/LLo_TXIz5-g_0.npy,0,train,non_violent,LLo_TXIz5-g_0
dataset/data/processed/train/non_violent/LLo_TXIz5-g_1/frame_sequence.pt,dataset/data/emotion/balanced-affectnet/train/violent/anger_00839.npy,dataset/data/pose/rwf2000/train/non_violent/LLo_TXIz5-g_1.npy,0,train,non_violent,LLo_TXIz5-g_1
dataset/data/processed/train/non_violent/LMNJJere_0/frame_sequence.pt,dataset/data/emotion/balanced-affectnet/train/violent/fear_00004.npy,dataset/data/pose/rwf2000/train/non_violent/LMNJJere_0.npy,0,train,non_violent,LMNJJere_0
dataset/data/processed/train/non_violent/LSJPhJTB_0/frame_sequence.pt,dataset/data/emotion/balanced-affectnet/train/violent/anger_00524.npy,dataset/data/pose/rwf2000/train/non_violent/LSJPhJTB_0.npy,0,train,non_violent,LSJPhJTB_0
dataset/data/processed/train/non_violent/La60qonu_0/frame_sequence.pt,dataset/data/emotion/balanced-affectnet/train/violent/surprise_00518.npy,dataset/data/pose/rwf2000/train/non_violent/La60qonu_0.npy,0,train,non_violent,La60qonu_0
dataset/data/processed/train/non_violent/La9lzohO_0/frame_sequence.pt,dataset/data/emotion/balanced-affectnet/train/violent/fear_00991.npy,dataset/data/pose/rwf2000/train/non_violent/La9lzohO_0.npy,0,train,non_violent,La9lzohO_0
dataset/data/processed/train/non_violent/LbYQs9oA_0/frame_sequence.pt,dataset/data/emotion/balanced-affectnet/train/violent/surprise_00606.npy,dataset/data/pose/rwf2000/train/non_violent/LbYQs9oA_0.npy,0,train,non_violent,LbYQs9oA_0
dataset/data/processed/train/non_violent/LiCakkNH_0/frame_sequence.pt,dataset/data/emotion/balanced-affectnet/train/violent/surprise_00283.npy,dataset/data/pose/rwf2000/train/non_violent/LiCakkNH_0.npy,0,train,non_violent,LiCakkNH_0
dataset/data/processed/train/non_violent/LqW9A21g_0/frame_sequence.pt,dataset/data/emotion/balanced-affectnet/train/violent/anger_00809.npy,dataset/data/pose/rwf2000/train/non_violent/LqW9A21g_0.npy,0,train,non_violent,LqW9A21g_0
dataset/data/processed/train/non_violent/Lui5zaon_0/frame_sequence.pt,dataset/data/emotion/balanced-affectnet/train/violent/anger_00837.npy,dataset/data/pose/rwf2000/train/non_violent/Lui5zaon_0.npy,0,train,non_violent,Lui5zaon_0
dataset/data/processed/train/non_violent/M4syignQ_0/frame_sequence.pt,dataset/data/emotion/balanced-affectnet/train/violent/anger_00952.npy,dataset/data/pose/rwf2000/train/non_violent/M4syignQ_0.npy,0,train,non_violent,M4syignQ_0
dataset/data/processed/train/non_violent/MBxCX6pw_0/frame_sequence.pt,dataset/data/emotion/balanced-affectnet/train/violent/surprise_00504.npy,dataset/data/pose/rwf2000/train/non_violent/MBxCX6pw_0.npy,0,train,non_violent,MBxCX6pw_0
dataset/data/processed/train/non_violent/MOST Shocking CCTV footage (_TwPzPRK7dc)_0/frame_sequence.pt,dataset/data/emotion/balanced-affectnet/train/violent/fear_00769.npy,dataset/data/pose/rwf2000/train/non_violent/MOST Shocking CCTV footage (_TwPzPRK7dc)_0.npy,0,train,non_violent,MOST Shocking CCTV footage (_TwPzPRK7dc)_0
dataset/data/processed/train/non_violent/MOST Shocking CCTV footage (_TwPzPRK7dc)_1/frame_sequence.pt,dataset/data/emotion/balanced-affectnet/train/violent/anger_01222.npy,dataset/data/pose/rwf2000/train/non_violent/MOST Shocking CCTV footage (_TwPzPRK7dc)_1.npy,0,train,non_violent,MOST Shocking CCTV footage (_TwPzPRK7dc)_1
dataset/data/processed/train/non_violent/MX77f2TD_0/frame_sequence.pt,dataset/data/emotion/balanced-affectnet/train/violent/surprise_00446.npy,dataset/data/pose/rwf2000/train/non_violent/MX77f2TD_0.npy,0,train,non_violent,MX77f2TD_0
dataset/data/processed/train/non_violent/Ma1iva6R_0/frame_sequence.pt,dataset/data/emotion/balanced-affectnet/train/violent/fear_01238.npy,dataset/data/pose/rwf2000/train/non_violent/Ma1iva6R_0.npy,0,train,non_violent,Ma1iva6R_0
dataset/data/processed/train/non_violent/McDxnU7x_0/frame_sequence.pt,dataset/data/emotion/balanced-affectnet/train/violent/surprise_00608.npy,dataset/data/pose/rwf2000/train/non_violent/McDxnU7x_0.npy,0,train,non_violent,McDxnU7x_0
dataset/data/processed/train/non_violent/MhVfgPWz_0/frame_sequence.pt,dataset/data/emotion/balanced-affectnet/train/violent/fear_00948.npy,dataset/data/pose/rwf2000/train/non_violent/MhVfgPWz_0.npy,0,train,non_violent,MhVfgPWz_0
dataset/data/processed/train/non_violent/MhiGg6f7_0/frame_sequence.pt,dataset/data/emotion/balanced-affectnet/train/violent/fear_01272.npy,dataset/data/pose/rwf2000/train/non_violent/MhiGg6f7_0.npy,0,train,non_violent,MhiGg6f7_0
dataset/data/processed/train/non_violent/MmUtpm6Z_0/frame_sequence.pt,dataset/data/emotion/balanced-affectnet/train/violent/anger_01251.npy,dataset/data/pose/rwf2000/train/non_violent/MmUtpm6Z_0.npy,0,train,non_violent,MmUtpm6Z_0
dataset/data/processed/train/non_violent/Mv3d3zJy_0/frame_sequence.pt,dataset/data/emotion/balanced-affectnet/train/violent/anger_00441.npy,dataset/data/pose/rwf2000/train/non_violent/Mv3d3zJy_0.npy,0,train,non_violent,Mv3d3zJy_0
dataset/data/processed/train/non_violent/MvYkXHIi_0/frame_sequence.pt,dataset/data/emotion/balanced-affectnet/train/violent/surprise_00938.npy,dataset/data/pose/rwf2000/train/non_violent/MvYkXHIi_0.npy,0,train,non_violent,MvYkXHIi_0
dataset/data/processed/train/non_violent/MwZvUQRO_0/frame_sequence.pt,dataset/data/emotion/balanced-affectnet/train/violent/anger_00853.npy,dataset/data/pose/rwf2000/train/non_violent/MwZvUQRO_0.npy,0,train,non_violent,MwZvUQRO_0
dataset/data/processed/train/non_violent/N1Q9v-saJ_g_0/frame_sequence.pt,dataset/data/emotion/balanced-affectnet/train/violent/anger_01311.npy,dataset/data/pose/rwf2000/train/non_violent/N1Q9v-saJ_g_0.npy,0,train,non_violent,N1Q9v-saJ_g_0
dataset/data/processed/train/non_violent/NEUya2Rr_0/frame_sequence.pt,dataset/data/emotion/balanced-affectnet/train/violent/anger_01001.npy,dataset/data/pose/rwf2000/train/non_violent/NEUya2Rr_0.npy,0,train,non_violent,NEUya2Rr_0
dataset/data/processed/train/non_violent/NPeKBgURcxI_0/frame_sequence.pt,dataset/data/emotion/balanced-affectnet/train/violent/fear_00224.npy,dataset/data/pose/rwf2000/train/non_violent/NPeKBgURcxI_0.npy,0,train,non_violent,NPeKBgURcxI_0
dataset/data/processed/train/non_violent/NPeKBgURcxI_1/frame_sequence.pt,dataset/data/emotion/balanced-affectnet/train/violent/anger_00785.npy,dataset/data/pose/rwf2000/train/non_violent/NPeKBgURcxI_1.npy,0,train,non_violent,NPeKBgURcxI_1
dataset/data/processed/train/non_violent/NPeKBgURcxI_2/frame_sequence.pt,dataset/data/emotion/balanced-affectnet/train/violent/anger_01342.npy,dataset/data/pose/rwf2000/train/non_violent/NPeKBgURcxI_2.npy,0,train,non_violent,NPeKBgURcxI_2
dataset/data/processed/train/non_violent/NSdXEN1l_0/frame_sequence.pt,dataset/data/emotion/balanced-affectnet/train/violent/anger_00061.npy,dataset/data/pose/rwf2000/train/non_violent/NSdXEN1l_0.npy,0,train,non_violent,NSdXEN1l_0
dataset/data/processed/train/non_violent/NmNKzttk_0/frame_sequence.pt,dataset/data/emotion/balanced-affectnet/train/violent/surprise_00384.npy,dataset/data/pose/rwf2000/train/non_violent/NmNKzttk_0.npy,0,train,non_violent,NmNKzttk_0
dataset/data/processed/train/non_violent/NvYo6CS_i_A_0/frame_sequence.pt,dataset/data/emotion/balanced-affectnet/train/violent/fear_01001.npy,dataset/data/pose/rwf2000/train/non_violent/NvYo6CS_i_A_0.npy,0,train,non_violent,NvYo6CS_i_A_0
dataset/data/processed/train/non_violent/NvYo6CS_i_A_1/frame_sequence.pt,dataset/data/emotion/balanced-affectnet/train/violent/anger_00559.npy,dataset/data/pose/rwf2000/train/non_violent/NvYo6CS_i_A_1.npy,0,train,non_violent,NvYo6CS_i_A_1
dataset/data/processed/train/non_violent/NxtwlqSnLbY_0/frame_sequence.pt,dataset/data/emotion/balanced-affectnet/train/violent/anger_01219.npy,dataset/data/pose/rwf2000/train/non_violent/NxtwlqSnLbY_0.npy,0,train,non_violent,NxtwlqSnLbY_0
dataset/data/processed/train/non_violent/NxtwlqSnLbY_1/frame_sequence.pt,dataset/data/emotion/balanced-affectnet/train/violent/anger_00203.npy,dataset/data/pose/rwf2000/train/non_violent/NxtwlqSnLbY_1.npy,0,train,non_violent,NxtwlqSnLbY_1
dataset/data/processed/train/non_violent/OAFsSiyX_0/frame_sequence.pt,dataset/data/emotion/balanced-affectnet/train/violent/anger_00243.npy,dataset/data/pose/rwf2000/train/non_violent/OAFsSiyX_0.npy,0,train,non_violent,OAFsSiyX_0
dataset/data/processed/train/non_violent/OAfV0xPIhZw_0/frame_sequence.pt,dataset/data/emotion/balanced-affectnet/train/violent/fear_01096.npy,dataset/data/pose/rwf2000/train/non_violent/OAfV0xPIhZw_0.npy,0,train,non_violent,OAfV0xPIhZw_0
dataset/data/processed/train/non_violent/OAfV0xPIhZw_1/frame_sequence.pt,dataset/data/emotion/balanced-affectnet/train/violent/anger_01300.npy,dataset/data/pose/rwf2000/train/non_violent/OAfV0xPIhZw_1.npy,0,train,non_violent,OAfV0xPIhZw_1
dataset/data/processed/train/non_violent/OCseFRss_0/frame_sequence.pt,dataset/data/emotion/balanced-affectnet/train/violent/surprise_00342.npy,dataset/data/pose/rwf2000/train/non_violent/OCseFRss_0.npy,0,train,non_violent,OCseFRss_0
dataset/data/processed/train/non_violent/OFwYyouR_0/frame_sequence.pt,dataset/data/emotion/balanced-affectnet/train/violent/anger_00561.npy,dataset/data/pose/rwf2000/train/non_violent/OFwYyouR_0.npy,0,train,non_violent,OFwYyouR_0
dataset/data/processed/train/non_violent/OTVE3eLAuUM_0/frame_sequence.pt,dataset/data/emotion/balanced-affectnet/train/violent/surprise_00078.npy,dataset/data/pose/rwf2000/train/non_violent/OTVE3eLAuUM_0.npy,0,train,non_violent,OTVE3eLAuUM_0
dataset/data/processed/train/non_violent/OTVE3eLAuUM_1/frame_sequence.pt,dataset/data/emotion/balanced-affectnet/train/violent/surprise_01113.npy,dataset/data/pose/rwf2000/train/non_violent/OTVE3eLAuUM_1.npy,0,train,non_violent,OTVE3eLAuUM_1
dataset/data/processed/train/non_violent/OTVE3eLAuUM_2/frame_sequence.pt,dataset/data/emotion/balanced-affectnet/train/violent/surprise_00599.npy,dataset/data/pose/rwf2000/train/non_violent/OTVE3eLAuUM_2.npy,0,train,non_violent,OTVE3eLAuUM_2
dataset/data/processed/train/non_violent/OU7AM5fv_0/frame_sequence.pt,dataset/data/emotion/balanced-affectnet/train/violent/fear_00815.npy,dataset/data/pose/rwf2000/train/non_violent/OU7AM5fv_0.npy,0,train,non_violent,OU7AM5fv_0
dataset/data/processed/train/non_violent/OakN3f1N_0/frame_sequence.pt,dataset/data/emotion/balanced-affectnet/train/violent/anger_00454.npy,dataset/data/pose/rwf2000/train/non_violent/OakN3f1N_0.npy,0,train,non_violent,OakN3f1N_0
dataset/data/processed/train/non_violent/OdxnpEnn_0/frame_sequence.pt,dataset/data/emotion/balanced-affectnet/train/violent/surprise_01136.npy,dataset/data/pose/rwf2000/train/non_violent/OdxnpEnn_0.npy,0,train,non_violent,OdxnpEnn_0
dataset/data/processed/train/non_violent/OznqyUJq_0/frame_sequence.pt,dataset/data/emotion/balanced-affectnet/train/violent/anger_00054.npy,dataset/data/pose/rwf2000/train/non_violent/OznqyUJq_0.npy,0,train,non_violent,OznqyUJq_0
dataset/data/processed/train/non_violent/P8jyDT3M_0/frame_sequence.pt,dataset/data/emotion/balanced-affectnet/train/violent/fear_01193.npy,dataset/data/pose/rwf2000/train/non_violent/P8jyDT3M_0.npy,0,train,non_violent,P8jyDT3M_0
dataset/data/processed/train/non_violent/PFw7SeFOD04_0/frame_sequence.pt,dataset/data/emotion/balanced-affectnet/train/violent/anger_01269.npy,dataset/data/pose/rwf2000/train/non_violent/PFw7SeFOD04_0.npy,0,train,non_violent,PFw7SeFOD04_0
dataset/data/processed/train/non_violent/PFw7SeFOD04_1/frame_sequence.pt,dataset/data/emotion/balanced-affectnet/train/violent/fear_00723.npy,dataset/data/pose/rwf2000/train/non_violent/PFw7SeFOD04_1.npy,0,train,non_violent,PFw7SeFOD04_1
dataset/data/processed/train/non_violent/PJDdPv2b9-s_0/frame_sequence.pt,dataset/data/emotion/balanced-affectnet/train/violent/fear_00765.npy,dataset/data/pose/rwf2000/train/non_violent/PJDdPv2b9-s_0.npy,0,train,non_violent,PJDdPv2b9-s_0
dataset/data/processed/train/non_violent/PJDdPv2b9-s_1/frame_sequence.pt,dataset/data/emotion/balanced-affectnet/train/violent/fear_00594.npy,dataset/data/pose/rwf2000/train/non_violent/PJDdPv2b9-s_1.npy,0,train,non_violent,PJDdPv2b9-s_1
dataset/data/processed/train/non_violent/PNoO9WGJ_0/frame_sequence.pt,dataset/data/emotion/balanced-affectnet/train/violent/fear_00142.npy,dataset/data/pose/rwf2000/train/non_violent/PNoO9WGJ_0.npy,0,train,non_violent,PNoO9WGJ_0
dataset/data/processed/train/non_violent/PTy2vx8Ejas_0/frame_sequence.pt,dataset/data/emotion/balanced-affectnet/train/violent/anger_00816.npy,dataset/data/pose/rwf2000/train/non_violent/PTy2vx8Ejas_0.npy,0,train,non_violent,PTy2vx8Ejas_0
dataset/data/processed/train/non_violent/Pe1uIhp4dAQ_0/frame_sequence.pt,dataset/data/emotion/balanced-affectnet/train/violent/anger_00231.npy,dataset/data/pose/rwf2000/train/non_violent/Pe1uIhp4dAQ_0.npy,0,train,non_violent,Pe1uIhp4dAQ_0
dataset/data/processed/train/non_violent/Pe1uIhp4dAQ_1/frame_sequence.pt,dataset/data/emotion/balanced-affectnet/train/violent/anger_01129.npy,dataset/data/pose/rwf2000/train/non_violent/Pe1uIhp4dAQ_1.npy,0,train,non_violent,Pe1uIhp4dAQ_1
dataset/data/processed/train/non_violent/PqB7UvdW_0/frame_sequence.pt,dataset/data/emotion/balanced-affectnet/train/violent/surprise_01098.npy,dataset/data/pose/rwf2000/train/non_violent/PqB7UvdW_0.npy,0,train,non_violent,PqB7UvdW_0
dataset/data/processed/train/non_violent/PxhG17WC_0/frame_sequence.pt,dataset/data/emotion/balanced-affectnet/train/violent/fear_00768.npy,dataset/data/pose/rwf2000/train/non_violent/PxhG17WC_0.npy,0,train,non_violent,PxhG17WC_0
dataset/data/processed/train/non_violent/Q876qiBJYfA_0/frame_sequence.pt,dataset/data/emotion/balanced-affectnet/train/violent/anger_00508.npy,dataset/data/pose/rwf2000/train/non_violent/Q876qiBJYfA_0.npy,0,train,non_violent,Q876qiBJYfA_0
dataset/data/processed/train/non_violent/Q876qiBJYfA_1/frame_sequence.pt,dataset/data/emotion/balanced-affectnet/train/violent/surprise_00927.npy,dataset/data/pose/rwf2000/train/non_violent/Q876qiBJYfA_1.npy,0,train,non_violent,Q876qiBJYfA_1
dataset/data/processed/train/non_violent/Q876qiBJYfA_2/frame_sequence.pt,dataset/data/emotion/balanced-affectnet/train/violent/anger_00293.npy,dataset/data/pose/rwf2000/train/non_violent/Q876qiBJYfA_2.npy,0,train,non_violent,Q876qiBJYfA_2
dataset/data/processed/train/non_violent/QCgEbCBH_0/frame_sequence.pt,dataset/data/emotion/balanced-affectnet/train/violent/fear_00422.npy,dataset/data/pose/rwf2000/train/non_violent/QCgEbCBH_0.npy,0,train,non_violent,QCgEbCBH_0
dataset/data/processed/train/non_violent/QUGT4a6qcJs_0/frame_sequence.pt,dataset/data/emotion/balanced-affectnet/train/violent/fear_00835.npy,dataset/data/pose/rwf2000/train/non_violent/QUGT4a6qcJs_0.npy,0,train,non_violent,QUGT4a6qcJs_0
dataset/data/processed/train/non_violent/Qqfn1urQ_0/frame_sequence.pt,dataset/data/emotion/balanced-affectnet/train/violent/anger_00333.npy,dataset/data/pose/rwf2000/train/non_violent/Qqfn1urQ_0.npy,0,train,non_violent,Qqfn1urQ_0
dataset/data/processed/train/non_violent/QzNWGaQi_0/frame_sequence.pt,dataset/data/emotion/balanced-affectnet/train/violent/fear_01223.npy,dataset/data/pose/rwf2000/train/non_violent/QzNWGaQi_0.npy,0,train,non_violent,QzNWGaQi_0
dataset/data/processed/train/non_violent/R1A_AxUKosk_0/frame_sequence.pt,dataset/data/emotion/balanced-affectnet/train/violent/surprise_00062.npy,dataset/data/pose/rwf2000/train/non_violent/R1A_AxUKosk_0.npy,0,train,non_violent,R1A_AxUKosk_0
dataset/data/processed/train/non_violent/R1A_AxUKosk_1/frame_sequence.pt,dataset/data/emotion/balanced-affectnet/train/violent/surprise_00317.npy,dataset/data/pose/rwf2000/train/non_violent/R1A_AxUKosk_1.npy,0,train,non_violent,R1A_AxUKosk_1
dataset/data/processed/train/non_violent/R2x2rOWh_0/frame_sequence.pt,dataset/data/emotion/balanced-affectnet/train/violent/anger_00241.npy,dataset/data/pose/rwf2000/train/non_violent/R2x2rOWh_0.npy,0,train,non_violent,R2x2rOWh_0
dataset/data/processed/train/non_violent/RFAA8QO7_0/frame_sequence.pt,dataset/data/emotion/balanced-affectnet/train/violent/anger_00679.npy,dataset/data/pose/rwf2000/train/non_violent/RFAA8QO7_0.npy,0,train,non_violent,RFAA8QO7_0
dataset/data/processed/train/non_violent/RFUr2krY_0/frame_sequence.pt,dataset/data/emotion/balanced-affectnet/train/violent/anger_00669.npy,dataset/data/pose/rwf2000/train/non_violent/RFUr2krY_0.npy,0,train,non_violent,RFUr2krY_0
dataset/data/processed/train/non_violent/RGIpCpdlzI8_0/frame_sequence.pt,dataset/data/emotion/balanced-affectnet/train/violent/surprise_00889.npy,dataset/data/pose/rwf2000/train/non_violent/RGIpCpdlzI8_0.npy,0,train,non_violent,RGIpCpdlzI8_0
dataset/data/processed/train/non_violent/RGIpCpdlzI8_1/frame_sequence.pt,dataset/data/emotion/balanced-affectnet/train/violent/fear_01160.npy,dataset/data/pose/rwf2000/train/non_violent/RGIpCpdlzI8_1.npy,0,train,non_violent,RGIpCpdlzI8_1
dataset/data/processed/train/non_violent/RNOSWjgC_0/frame_sequence.pt,dataset/data/emotion/balanced-affectnet/train/violent/anger_01372.npy,dataset/data/pose/rwf2000/train/non_violent/RNOSWjgC_0.npy,0,train,non_violent,RNOSWjgC_0
dataset/data/processed/train/non_violent/RPESrVE2_0/frame_sequence.pt,dataset/data/emotion/balanced-affectnet/train/violent/anger_00384.npy,dataset/data/pose/rwf2000/train/non_violent/RPESrVE2_0.npy,0,train,non_violent,RPESrVE2_0
dataset/data/processed/train/non_violent/RQbYptdw_0/frame_sequence.pt,dataset/data/emotion/balanced-affectnet/train/violent/anger_01117.npy,dataset/data/pose/rwf2000/train/non_violent/RQbYptdw_0.npy,0,train,non_violent,RQbYptdw_0
dataset/data/processed/train/non_violent/RR23nrP0_0/frame_sequence.pt,dataset/data/emotion/balanced-affectnet/train/violent/anger_00535.npy,dataset/data/pose/rwf2000/train/non_violent/RR23nrP0_0.npy,0,train,non_violent,RR23nrP0_0
dataset/data/processed/train/non_violent/RUwo8c4s_0/frame_sequence.pt,dataset/data/emotion/balanced-affectnet/train/violent/fear_01143.npy,dataset/data/pose/rwf2000/train/non_violent/RUwo8c4s_0.npy,0,train,non_violent,RUwo8c4s_0
dataset/data/processed/train/non_violent/RVV3lolZ_0/frame_sequence.pt,dataset/data/emotion/balanced-affectnet/train/violent/surprise_00684.npy,dataset/data/pose/rwf2000/train/non_violent/RVV3lolZ_0.npy,0,train,non_violent,RVV3lolZ_0
dataset/data/processed/train/non_violent/RbpXgk5M1S0_0/frame_sequence.pt,dataset/data/emotion/balanced-affectnet/train/violent/fear_00501.npy,dataset/data/pose/rwf2000/train/non_violent/RbpXgk5M1S0_0.npy,0,train,non_violent,RbpXgk5M1S0_0
dataset/data/processed/train/non_violent/RbpXgk5M1S0_1/frame_sequence.pt,dataset/data/emotion/balanced-affectnet/train/violent/fear_01363.npy,dataset/data/pose/rwf2000/train/non_violent/RbpXgk5M1S0_1.npy,0,train,non_violent,RbpXgk5M1S0_1
dataset/data/processed/train/non_violent/RbpXgk5M1S0_2/frame_sequence.pt,dataset/data/emotion/balanced-affectnet/train/violent/fear_01319.npy,dataset/data/pose/rwf2000/train/non_violent/RbpXgk5M1S0_2.npy,0,train,non_violent,RbpXgk5M1S0_2
dataset/data/processed/train/non_violent/RfFGwwhG_0/frame_sequence.pt,dataset/data/emotion/balanced-affectnet/train/violent/surprise_00809.npy,dataset/data/pose/rwf2000/train/non_violent/RfFGwwhG_0.npy,0,train,non_violent,RfFGwwhG_0
dataset/data/processed/train/non_violent/RfqBhe5z_0/frame_sequence.pt,dataset/data/emotion/balanced-affectnet/train/violent/surprise_00024.npy,dataset/data/pose/rwf2000/train/non_violent/RfqBhe5z_0.npy,0,train,non_violent,RfqBhe5z_0
dataset/data/processed/train/non_violent/Ri_poPbOu-k_0/frame_sequence.pt,dataset/data/emotion/balanced-affectnet/train/violent/anger_01015.npy,dataset/data/pose/rwf2000/train/non_violent/Ri_poPbOu-k_0.npy,0,train,non_violent,Ri_poPbOu-k_0
dataset/data/processed/train/non_violent/Ri_poPbOu-k_1/frame_sequence.pt,dataset/data/emotion/balanced-affectnet/train/violent/surprise_00743.npy,dataset/data/pose/rwf2000/train/non_violent/Ri_poPbOu-k_1.npy,0,train,non_violent,Ri_poPbOu-k_1
dataset/data/processed/train/non_violent/Ri_poPbOu-k_2/frame_sequence.pt,dataset/data/emotion/balanced-affectnet/train/violent/fear_00984.npy,dataset/data/pose/rwf2000/train/non_violent/Ri_poPbOu-k_2.npy,0,train,non_violent,Ri_poPbOu-k_2
dataset/data/processed/train/non_violent/S5dmvVF4_0/frame_sequence.pt,dataset/data/emotion/balanced-affectnet/train/violent/fear_00342.npy,dataset/data/pose/rwf2000/train/non_violent/S5dmvVF4_0.npy,0,train,non_violent,S5dmvVF4_0
dataset/data/processed/train/non_violent/SCnBiAteLVI_0/frame_sequence.pt,dataset/data/emotion/balanced-affectnet/train/violent/fear_00662.npy,dataset/data/pose/rwf2000/train/non_violent/SCnBiAteLVI_0.npy,0,train,non_violent,SCnBiAteLVI_0
dataset/data/processed/train/non_violent/SCnBiAteLVI_1/frame_sequence.pt,dataset/data/emotion/balanced-affectnet/train/violent/fear_00625.npy,dataset/data/pose/rwf2000/train/non_violent/SCnBiAteLVI_1.npy,0,train,non_violent,SCnBiAteLVI_1
dataset/data/processed/train/non_violent/SCnBiAteLVI_2/frame_sequence.pt,dataset/data/emotion/balanced-affectnet/train/violent/anger_01346.npy,dataset/data/pose/rwf2000/train/non_violent/SCnBiAteLVI_2.npy,0,train,non_violent,SCnBiAteLVI_2
dataset/data/processed/train/non_violent/SJ9WphBI_0/frame_sequence.pt,dataset/data/emotion/balanced-affectnet/train/violent/surprise_01129.npy,dataset/data/pose/rwf2000/train/non_violent/SJ9WphBI_0.npy,0,train,non_violent,SJ9WphBI_0
dataset/data/processed/train/non_violent/SVdz24hD_0/frame_sequence.pt,dataset/data/emotion/balanced-affectnet/train/violent/fear_01292.npy,dataset/data/pose/rwf2000/train/non_violent/SVdz24hD_0.npy,0,train,non_violent,SVdz24hD_0
dataset/data/processed/train/non_violent/SaIUKN4N_0/frame_sequence.pt,dataset/data/emotion/balanced-affectnet/train/violent/fear_00560.npy,dataset/data/pose/rwf2000/train/non_violent/SaIUKN4N_0.npy,0,train,non_violent,SaIUKN4N_0
dataset/data/processed/train/non_violent/Suv_mMs8J9g_0/frame_sequence.pt,dataset/data/emotion/balanced-affectnet/train/violent/anger_01384.npy,dataset/data/pose/rwf2000/train/non_violent/Suv_mMs8J9g_0.npy,0,train,non_violent,Suv_mMs8J9g_0
dataset/data/processed/train/non_violent/Swr7caI0_0/frame_sequence.pt,dataset/data/emotion/balanced-affectnet/train/violent/fear_01205.npy,dataset/data/pose/rwf2000/train/non_violent/Swr7caI0_0.npy,0,train,non_violent,Swr7caI0_0
dataset/data/processed/train/non_violent/THqDidIr4Xs_0/frame_sequence.pt,dataset/data/emotion/balanced-affectnet/train/violent/surprise_00047.npy,dataset/data/pose/rwf2000/train/non_violent/THqDidIr4Xs_0.npy,0,train,non_violent,THqDidIr4Xs_0
dataset/data/processed/train/non_violent/THqDidIr4Xs_1/frame_sequence.pt,dataset/data/emotion/balanced-affectnet/train/violent/anger_00272.npy,dataset/data/pose/rwf2000/train/non_violent/THqDidIr4Xs_1.npy,0,train,non_violent,THqDidIr4Xs_1
dataset/data/processed/train/non_violent/TJfoIe801t8_0/frame_sequence.pt,dataset/data/emotion/balanced-affectnet/train/violent/fear_01392.npy,dataset/data/pose/rwf2000/train/non_violent/TJfoIe801t8_0.npy,0,train,non_violent,TJfoIe801t8_0
dataset/data/processed/train/non_violent/TSHiCcMS_0/frame_sequence.pt,dataset/data/emotion/balanced-affectnet/train/violent/surprise_00594.npy,dataset/data/pose/rwf2000/train/non_violent/TSHiCcMS_0.npy,0,train,non_violent,TSHiCcMS_0
dataset/data/processed/train/non_violent/TX2ePcRo_0/frame_sequence.pt,dataset/data/emotion/balanced-affectnet/train/violent/anger_00447.npy,dataset/data/pose/rwf2000/train/non_violent/TX2ePcRo_0.npy,0,train,non_violent,TX2ePcRo_0
dataset/data/processed/train/non_violent/TYX5vuHO_0/frame_sequence.pt,dataset/data/emotion/balanced-affectnet/train/violent/surprise_00697.npy,dataset/data/pose/rwf2000/train/non_violent/TYX5vuHO_0.npy,0,train,non_violent,TYX5vuHO_0
dataset/data/processed/train/non_violent/TYsebroPeGY_0/frame_sequence.pt,dataset/data/emotion/balanced-affectnet/train/violent/anger_00937.npy,dataset/data/pose/rwf2000/train/non_violent/TYsebroPeGY_0.npy,0,train,non_violent,TYsebroPeGY_0
dataset/data/processed/train/non_violent/TYsebroPeGY_1/frame_sequence.pt,dataset/data/emotion/balanced-affectnet/train/violent/surprise_00076.npy,dataset/data/pose/rwf2000/train/non_violent/TYsebroPeGY_1.npy,0,train,non_violent,TYsebroPeGY_1
dataset/data/processed/train/non_violent/TfDHgxDm_0/frame_sequence.pt,dataset/data/emotion/balanced-affectnet/train/violent/anger_00954.npy,dataset/data/pose/rwf2000/train/non_violent/TfDHgxDm_0.npy,0,train,non_violent,TfDHgxDm_0
dataset/data/processed/train/non_violent/TuWan04E3gQ_0/frame_sequence.pt,dataset/data/emotion/balanced-affectnet/train/violent/anger_01198.npy,dataset/data/pose/rwf2000/train/non_violent/TuWan04E3gQ_0.npy,0,train,non_violent,TuWan04E3gQ_0
dataset/data/processed/train/non_violent/TuWan04E3gQ_1/frame_sequence.pt,dataset/data/emotion/balanced-affectnet/train/violent/surprise_00232.npy,dataset/data/pose/rwf2000/train/non_violent/TuWan04E3gQ_1.npy,0,train,non_violent,TuWan04E3gQ_1
dataset/data/processed/train/non_violent/Tzn3HwZD_0/frame_sequence.pt,dataset/data/emotion/balanced-affectnet/train/violent/anger_00367.npy,dataset/data/pose/rwf2000/train/non_violent/Tzn3HwZD_0.npy,0,train,non_violent,Tzn3HwZD_0
dataset/data/processed/train/non_violent/U1Z1bVRt_0/frame_sequence.pt,dataset/data/emotion/balanced-affectnet/train/violent/anger_00710.npy,dataset/data/pose/rwf2000/train/non_violent/U1Z1bVRt_0.npy,0,train,non_violent,U1Z1bVRt_0
dataset/data/processed/train/non_violent/UArjSm2Y_0/frame_sequence.pt,dataset/data/emotion/balanced-affectnet/train/violent/anger_01089.npy,dataset/data/pose/rwf2000/train/non_violent/UArjSm2Y_0.npy,0,train,non_violent,UArjSm2Y_0
dataset/data/processed/train/non_violent/UFA7LVk0_0/frame_sequence.pt,dataset/data/emotion/balanced-affectnet/train/violent/anger_00782.npy,dataset/data/pose/rwf2000/train/non_violent/UFA7LVk0_0.npy,0,train,non_violent,UFA7LVk0_0
dataset/data/processed/train/non_violent/UIAGmwT1_0/frame_sequence.pt,dataset/data/emotion/balanced-affectnet/train/violent/fear_01136.npy,dataset/data/pose/rwf2000/train/non_violent/UIAGmwT1_0.npy,0,train,non_violent,UIAGmwT1_0
dataset/data/processed/train/non_violent/UIsigi4O-sI_0/frame_sequence.pt,dataset/data/emotion/balanced-affectnet/train/violent/anger_00340.npy,dataset/data/pose/rwf2000/train/non_violent/UIsigi4O-sI_0.npy,0,train,non_violent,UIsigi4O-sI_0
dataset/data/processed/train/non_violent/UIsigi4O-sI_1/frame_sequence.pt,dataset/data/emotion/balanced-affectnet/train/violent/anger_00709.npy,dataset/data/pose/rwf2000/train/non_violent/UIsigi4O-sI_1.npy,0,train,non_violent,UIsigi4O-sI_1
dataset/data/processed/train/non_violent/ULiIpQ6s_0/frame_sequence.pt,dataset/data/emotion/balanced-affectnet/train/violent/anger_00011.npy,dataset/data/pose/rwf2000/train/non_violent/ULiIpQ6s_0.npy,0,train,non_violent,ULiIpQ6s_0
dataset/data/processed/train/non_violent/UQ42UqFJ_0/frame_sequence.pt,dataset/data/emotion/balanced-affectnet/train/violent/fear_00482.npy,dataset/data/pose/rwf2000/train/non_violent/UQ42UqFJ_0.npy,0,train,non_violent,UQ42UqFJ_0
dataset/data/processed/train/non_violent/UWmcbEyn_0/frame_sequence.pt,dataset/data/emotion/balanced-affectnet/train/violent/fear_00680.npy,dataset/data/pose/rwf2000/train/non_violent/UWmcbEyn_0.npy,0,train,non_violent,UWmcbEyn_0
dataset/data/processed/train/non_violent/UuMYxOYm_0/frame_sequence.pt,dataset/data/emotion/balanced-affectnet/train/violent/surprise_00378.npy,dataset/data/pose/rwf2000/train/non_violent/UuMYxOYm_0.npy,0,train,non_violent,UuMYxOYm_0
dataset/data/processed/train/non_violent/UvLAudRA91Y_0/frame_sequence.pt,dataset/data/emotion/balanced-affectnet/train/violent/fear_01336.npy,dataset/data/pose/rwf2000/train/non_violent/UvLAudRA91Y_0.npy,0,train,non_violent,UvLAudRA91Y_0
dataset/data/processed/train/non_violent/UvLAudRA91Y_1/frame_sequence.pt,dataset/data/emotion/balanced-affectnet/train/violent/fear_00772.npy,dataset/data/pose/rwf2000/train/non_violent/UvLAudRA91Y_1.npy,0,train,non_violent,UvLAudRA91Y_1
dataset/data/processed/train/non_violent/UvLAudRA91Y_2/frame_sequence.pt,dataset/data/emotion/balanced-affectnet/train/violent/anger_01330.npy,dataset/data/pose/rwf2000/train/non_violent/UvLAudRA91Y_2.npy,0,train,non_violent,UvLAudRA91Y_2
dataset/data/processed/train/non_violent/V3EI1n_7JwU_0/frame_sequence.pt,dataset/data/emotion/balanced-affectnet/train/violent/anger_00150.npy,dataset/data/pose/rwf2000/train/non_violent/V3EI1n_7JwU_0.npy,0,train,non_violent,V3EI1n_7JwU_0
dataset/data/processed/train/non_violent/V726w0IKCp4_0/frame_sequence.pt,dataset/data/emotion/balanced-affectnet/train/violent/anger_01056.npy,dataset/data/pose/rwf2000/train/non_violent/V726w0IKCp4_0.npy,0,train,non_violent,V726w0IKCp4_0
dataset/data/processed/train/non_violent/V89iCOJ1_0/frame_sequence.pt,dataset/data/emotion/balanced-affectnet/train/violent/anger_01318.npy,dataset/data/pose/rwf2000/train/non_violent/V89iCOJ1_0.npy,0,train,non_violent,V89iCOJ1_0
dataset/data/processed/train/non_violent/VXLdrn0b_0/frame_sequence.pt,dataset/data/emotion/balanced-affectnet/train/violent/surprise_00468.npy,dataset/data/pose/rwf2000/train/non_violent/VXLdrn0b_0.npy,0,train,non_violent,VXLdrn0b_0
dataset/data/processed/train/non_violent/VYWWsld6ibI_0/frame_sequence.pt,dataset/data/emotion/balanced-affectnet/train/violent/anger_01293.npy,dataset/data/pose/rwf2000/train/non_violent/VYWWsld6ibI_0.npy,0,train,non_violent,VYWWsld6ibI_0
dataset/data/processed/train/non_violent/VbwTMJroTbI_0/frame_sequence.pt,dataset/data/emotion/balanced-affectnet/train/violent/surprise_00453.npy,dataset/data/pose/rwf2000/train/non_violent/VbwTMJroTbI_0.npy,0,train,non_violent,VbwTMJroTbI_0
dataset/data/processed/train/non_violent/VbwTMJroTbI_1/frame_sequence.pt,dataset/data/emotion/balanced-affectnet/train/violent/surprise_01163.npy,dataset/data/pose/rwf2000/train/non_violent/VbwTMJroTbI_1.npy,0,train,non_violent,VbwTMJroTbI_1
dataset/data/processed/train/non_violent/Vd27cYFthms_0/frame_sequence.pt,dataset/data/emotion/balanced-affectnet/train/violent/fear_00700.npy,dataset/data/pose/rwf2000/train/non_violent/Vd27cYFthms_0.npy,0,train,non_violent,Vd27cYFthms_0
dataset/data/processed/train/non_violent/VjDGXzWt_0/frame_sequence.pt,dataset/data/emotion/balanced-affectnet/train/violent/anger_00323.npy,dataset/data/pose/rwf2000/train/non_violent/VjDGXzWt_0.npy,0,train,non_violent,VjDGXzWt_0
dataset/data/processed/train/non_violent/VnDOPZls_0/frame_sequence.pt,dataset/data/emotion/balanced-affectnet/train/violent/surprise_00382.npy,dataset/data/pose/rwf2000/train/non_violent/VnDOPZls_0.npy,0,train,non_violent,VnDOPZls_0
dataset/data/processed/train/non_violent/VpnCjE1l_0/frame_sequence.pt,dataset/data/emotion/balanced-affectnet/train/violent/anger_01069.npy,dataset/data/pose/rwf2000/train/non_violent/VpnCjE1l_0.npy,0,train,non_violent,VpnCjE1l_0
dataset/data/processed/train/non_violent/WCHYnPMG_0/frame_sequence.pt,dataset/data/emotion/balanced-affectnet/train/violent/anger_01212.npy,dataset/data/pose/rwf2000/train/non_violent/WCHYnPMG_0.npy,0,train,non_violent,WCHYnPMG_0
dataset/data/processed/train/non_violent/WCbsjDUV_0/frame_sequence.pt,dataset/data/emotion/balanced-affectnet/train/violent/surprise_00848.npy,dataset/data/pose/rwf2000/train/non_violent/WCbsjDUV_0.npy,0,train,non_violent,WCbsjDUV_0
dataset/data/processed/train/non_violent/WHNtrI7MEUg_0/frame_sequence.pt,dataset/data/emotion/balanced-affectnet/train/violent/surprise_00865.npy,dataset/data/pose/rwf2000/train/non_violent/WHNtrI7MEUg_0.npy,0,train,non_violent,WHNtrI7MEUg_0
dataset/data/processed/train/non_violent/WHNtrI7MEUg_1/frame_sequence.pt,dataset/data/emotion/balanced-affectnet/train/violent/surprise_00100.npy,dataset/data/pose/rwf2000/train/non_violent/WHNtrI7MEUg_1.npy,0,train,non_violent,WHNtrI7MEUg_1
dataset/data/processed/train/non_violent/WPK4WLlc_0/frame_sequence.pt,dataset/data/emotion/balanced-affectnet/train/violent/fear_01329.npy,dataset/data/pose/rwf2000/train/non_violent/WPK4WLlc_0.npy,0,train,non_violent,WPK4WLlc_0
dataset/data/processed/train/non_violent/WW8zIoiZ_0/frame_sequence.pt,dataset/data/emotion/balanced-affectnet/train/violent/surprise_00261.npy,dataset/data/pose/rwf2000/train/non_violent/WW8zIoiZ_0.npy,0,train,non_violent,WW8zIoiZ_0
dataset/data/processed/train/non_violent/WXwfibYX_0/frame_sequence.pt,dataset/data/emotion/balanced-affectnet/train/violent/surprise_00928.npy,dataset/data/pose/rwf2000/train/non_violent/WXwfibYX_0.npy,0,train,non_violent,WXwfibYX_0
dataset/data/processed/train/non_violent/Wby1vUy8aYI_0/frame_sequence.pt,dataset/data/emotion/balanced-affectnet/train/violent/anger_00900.npy,dataset/data/pose/rwf2000/train/non_violent/Wby1vUy8aYI_0.npy,0,train,non_violent,Wby1vUy8aYI_0
dataset/data/processed/train/non_violent/WfjOB1Vq_0/frame_sequence.pt,dataset/data/emotion/balanced-affectnet/train/violent/fear_00570.npy,dataset/data/pose/rwf2000/train/non_violent/WfjOB1Vq_0.npy,0,train,non_violent,WfjOB1Vq_0
dataset/data/processed/train/non_violent/X0fP5VQMrbg_0/frame_sequence.pt,dataset/data/emotion/balanced-affectnet/train/violent/anger_00525.npy,dataset/data/pose/rwf2000/train/non_violent/X0fP5VQMrbg_0.npy,0,train,non_violent,X0fP5VQMrbg_0
dataset/data/processed/train/non_violent/X0fP5VQMrbg_1/frame_sequence.pt,dataset/data/emotion/balanced-affectnet/train/violent/fear_01124.npy,dataset/data/pose/rwf2000/train/non_violent/X0fP5VQMrbg_1.npy,0,train,non_violent,X0fP5VQMrbg_1
dataset/data/processed/train/non_violent/X14e9Fwxa8w_0/frame_sequence.pt,dataset/data/emotion/balanced-affectnet/train/violent/anger_01026.npy,dataset/data/pose/rwf2000/train/non_violent/X14e9Fwxa8w_0.npy,0,train,non_violent,X14e9Fwxa8w_0
dataset/data/processed/train/non_violent/X3mPJLe9_0/frame_sequence.pt,dataset/data/emotion/balanced-affectnet/train/violent/surprise_00207.npy,dataset/data/pose/rwf2000/train/non_violent/X3mPJLe9_0.npy,0,train,non_violent,X3mPJLe9_0
dataset/data/processed/train/non_violent/XJfaYlr0_0/frame_sequence.pt,dataset/data/emotion/balanced-affectnet/train/violent/anger_00680.npy,dataset/data/pose/rwf2000/train/non_violent/XJfaYlr0_0.npy,0,train,non_violent,XJfaYlr0_0
dataset/data/processed/train/non_violent/XPG8GqrH_0/frame_sequence.pt,dataset/data/emotion/balanced-affectnet/train/violent/anger_01225.npy,dataset/data/pose/rwf2000/train/non_violent/XPG8GqrH_0.npy,0,train,non_violent,XPG8GqrH_0
dataset/data/processed/train/non_violent/XQR0CvyY_0/frame_sequence.pt,dataset/data/emotion/balanced-affectnet/train/violent/surprise_01035.npy,dataset/data/pose/rwf2000/train/non_violent/XQR0CvyY_0.npy,0,train,non_violent,XQR0CvyY_0
dataset/data/processed/train/non_violent/XQR0CvyY_1/frame_sequence.pt,dataset/data/emotion/balanced-affectnet/train/violent/anger_00649.npy,dataset/data/pose/rwf2000/train/non_violent/XQR0CvyY_1.npy,0,train,non_violent,XQR0CvyY_1
dataset/data/processed/train/non_violent/XVfkS6rM_0/frame_sequence.pt,dataset/data/emotion/balanced-affectnet/train/violent/anger_00325.npy,dataset/data/pose/rwf2000/train/non_violent/XVfkS6rM_0.npy,0,train,non_violent,XVfkS6rM_0
dataset/data/processed/train/non_violent/Xhh2ONc7_0/frame_sequence.pt,dataset/data/emotion/balanced-affectnet/train/violent/anger_00273.npy,dataset/data/pose/rwf2000/train/non_violent/Xhh2ONc7_0.npy,0,train,non_violent,Xhh2ONc7_0
dataset/data/processed/train/non_violent/Xmmy8LvV_0/frame_sequence.pt,dataset/data/emotion/balanced-affectnet/train/violent/anger_00758.npy,dataset/data/pose/rwf2000/train/non_violent/Xmmy8LvV_0.npy,0,train,non_violent,Xmmy8LvV_0
dataset/data/processed/train/non_violent/XpQkd2Ug_0/frame_sequence.pt,dataset/data/emotion/balanced-affectnet/train/violent/surprise_00890.npy,dataset/data/pose/rwf2000/train/non_violent/XpQkd2Ug_0.npy,0,train,non_violent,XpQkd2Ug_0
dataset/data/processed/train/non_violent/Xr0T6ylW_0/frame_sequence.pt,dataset/data/emotion/balanced-affectnet/train/violent/fear_00043.npy,dataset/data/pose/rwf2000/train/non_violent/Xr0T6ylW_0.npy,0,train,non_violent,Xr0T6ylW_0
dataset/data/processed/train/non_violent/XwiwESMn_0/frame_sequence.pt,dataset/data/emotion/balanced-affectnet/train/violent/fear_01369.npy,dataset/data/pose/rwf2000/train/non_violent/XwiwESMn_0.npy,0,train,non_violent,XwiwESMn_0
dataset/data/processed/train/non_violent/Y-TiUAODEYw_0/frame_sequence.pt,dataset/data/emotion/balanced-affectnet/train/violent/surprise_00687.npy,dataset/data/pose/rwf2000/train/non_violent/Y-TiUAODEYw_0.npy,0,train,non_violent,Y-TiUAODEYw_0
dataset/data/processed/train/non_violent/Y-TiUAODEYw_1/frame_sequence.pt,dataset/data/emotion/balanced-affectnet/train/violent/surprise_01034.npy,dataset/data/pose/rwf2000/train/non_violent/Y-TiUAODEYw_1.npy,0,train,non_violent,Y-TiUAODEYw_1
dataset/data/processed/train/non_violent/Y-TiUAODEYw_2/frame_sequence.pt,dataset/data/emotion/balanced-affectnet/train/violent/fear_01250.npy,dataset/data/pose/rwf2000/train/non_violent/Y-TiUAODEYw_2.npy,0,train,non_violent,Y-TiUAODEYw_2
dataset/data/processed/train/non_violent/Y1y9Gxs6_0/frame_sequence.pt,dataset/data/emotion/balanced-affectnet/train/violent/anger_01337.npy,dataset/data/pose/rwf2000/train/non_violent/Y1y9Gxs6_0.npy,0,train,non_violent,Y1y9Gxs6_0
dataset/data/processed/train/non_violent/Y4KiQpCP_0/frame_sequence.pt,dataset/data/emotion/balanced-affectnet/train/violent/fear_00652.npy,dataset/data/pose/rwf2000/train/non_violent/Y4KiQpCP_0.npy,0,train,non_violent,Y4KiQpCP_0
dataset/data/processed/train/non_violent/YC51sSdT_0/frame_sequence.pt,dataset/data/emotion/balanced-affectnet/train/violent/anger_00575.npy,dataset/data/pose/rwf2000/train/non_violent/YC51sSdT_0.npy,0,train,non_violent,YC51sSdT_0
dataset/data/processed/train/non_violent/YJvuxdWs_0/frame_sequence.pt,dataset/data/emotion/balanced-affectnet/train/violent/fear_00792.npy,dataset/data/pose/rwf2000/train/non_violent/YJvuxdWs_0.npy,0,train,non_violent,YJvuxdWs_0
dataset/data/processed/train/non_violent/YQkE7oOf_0/frame_sequence.pt,dataset/data/emotion/balanced-affectnet/train/violent/surprise_00419.npy,dataset/data/pose/rwf2000/train/non_violent/YQkE7oOf_0.npy,0,train,non_violent,YQkE7oOf_0
dataset/data/processed/train/non_violent/Yw7Ip3VS_0/frame_sequence.pt,dataset/data/emotion/balanced-affectnet/train/violent/fear_00031.npy,dataset/data/pose/rwf2000/train/non_violent/Yw7Ip3VS_0.npy,0,train,non_violent,Yw7Ip3VS_0
dataset/data/processed/train/non_violent/Yxz9WncB_0/frame_sequence.pt,dataset/data/emotion/balanced-affectnet/train/violent/surprise_00471.npy,dataset/data/pose/rwf2000/train/non_violent/Yxz9WncB_0.npy,0,train,non_violent,Yxz9WncB_0
dataset/data/processed/train/non_violent/ZIj9BzT4_0/frame_sequence.pt,dataset/data/emotion/balanced-affectnet/train/violent/fear_00478.npy,dataset/data/pose/rwf2000/train/non_violent/ZIj9BzT4_0.npy,0,train,non_violent,ZIj9BzT4_0
dataset/data/processed/train/non_violent/ZPhVyVZt_0/frame_sequence.pt,dataset/data/emotion/balanced-affectnet/train/violent/anger_01260.npy,dataset/data/pose/rwf2000/train/non_violent/ZPhVyVZt_0.npy,0,train,non_violent,ZPhVyVZt_0
dataset/data/processed/train/non_violent/Zy04T0RF_0/frame_sequence.pt,dataset/data/emotion/balanced-affectnet/train/violent/fear_00937.npy,dataset/data/pose/rwf2000/train/non_violent/Zy04T0RF_0.npy,0,train,non_violent,Zy04T0RF_0
dataset/data/processed/train/non_violent/_fPfNbHM16M_0/frame_sequence.pt,dataset/data/emotion/balanced-affectnet/train/violent/fear_01121.npy,dataset/data/pose/rwf2000/train/non_violent/_fPfNbHM16M_0.npy,0,train,non_violent,_fPfNbHM16M_0
dataset/data/processed/train/non_violent/_fPfNbHM16M_1/frame_sequence.pt,dataset/data/emotion/balanced-affectnet/train/violent/fear_00910.npy,dataset/data/pose/rwf2000/train/non_violent/_fPfNbHM16M_1.npy,0,train,non_violent,_fPfNbHM16M_1
dataset/data/processed/train/non_violent/_q5Nwh4Z6ao_0/frame_sequence.pt,dataset/data/emotion/balanced-affectnet/train/violent/fear_00651.npy,dataset/data/pose/rwf2000/train/non_violent/_q5Nwh4Z6ao_0.npy,0,train,non_violent,_q5Nwh4Z6ao_0
dataset/data/processed/train/non_violent/_q5Nwh4Z6ao_1/frame_sequence.pt,dataset/data/emotion/balanced-affectnet/train/violent/anger_00371.npy,dataset/data/pose/rwf2000/train/non_violent/_q5Nwh4Z6ao_1.npy,0,train,non_violent,_q5Nwh4Z6ao_1
dataset/data/processed/train/non_violent/_q5Nwh4Z6ao_2/frame_sequence.pt,dataset/data/emotion/balanced-affectnet/train/violent/surprise_00004.npy,dataset/data/pose/rwf2000/train/non_violent/_q5Nwh4Z6ao_2.npy,0,train,non_violent,_q5Nwh4Z6ao_2
dataset/data/processed/train/non_violent/_q5Nwh4Z6ao_3/frame_sequence.pt,dataset/data/emotion/balanced-affectnet/train/violent/anger_00183.npy,dataset/data/pose/rwf2000/train/non_violent/_q5Nwh4Z6ao_3.npy,0,train,non_violent,_q5Nwh4Z6ao_3
dataset/data/processed/train/non_violent/_q5Nwh4Z6ao_4/frame_sequence.pt,dataset/data/emotion/balanced-affectnet/train/violent/fear_00623.npy,dataset/data/pose/rwf2000/train/non_violent/_q5Nwh4Z6ao_4.npy,0,train,non_violent,_q5Nwh4Z6ao_4
dataset/data/processed/train/non_violent/_q5Nwh4Z6ao_5/frame_sequence.pt,dataset/data/emotion/balanced-affectnet/train/violent/surprise_00642.npy,dataset/data/pose/rwf2000/train/non_violent/_q5Nwh4Z6ao_5.npy,0,train,non_violent,_q5Nwh4Z6ao_5
dataset/data/processed/train/non_violent/_q5Nwh4Z6ao_6/frame_sequence.pt,dataset/data/emotion/balanced-affectnet/train/violent/fear_00118.npy,dataset/data/pose/rwf2000/train/non_violent/_q5Nwh4Z6ao_6.npy,0,train,non_violent,_q5Nwh4Z6ao_6
dataset/data/processed/train/non_violent/_q5Nwh4Z6ao_7/frame_sequence.pt,dataset/data/emotion/balanced-affectnet/train/violent/surprise_00033.npy,dataset/data/pose/rwf2000/train/non_violent/_q5Nwh4Z6ao_7.npy,0,train,non_violent,_q5Nwh4Z6ao_7
dataset/data/processed/train/non_violent/_wVuRdfDHbE_0/frame_sequence.pt,dataset/data/emotion/balanced-affectnet/train/violent/anger_01159.npy,dataset/data/pose/rwf2000/train/non_violent/_wVuRdfDHbE_0.npy,0,train,non_violent,_wVuRdfDHbE_0
dataset/data/processed/train/non_violent/a2kw3cfb_0/frame_sequence.pt,dataset/data/emotion/balanced-affectnet/train/violent/anger_00119.npy,dataset/data/pose/rwf2000/train/non_violent/a2kw3cfb_0.npy,0,train,non_violent,a2kw3cfb_0
dataset/data/processed/train/non_violent/a2qLzOu_n0s_0/frame_sequence.pt,dataset/data/emotion/balanced-affectnet/train/violent/anger_00423.npy,dataset/data/pose/rwf2000/train/non_violent/a2qLzOu_n0s_0.npy,0,train,non_violent,a2qLzOu_n0s_0
dataset/data/processed/train/non_violent/a39igxDY_0/frame_sequence.pt,dataset/data/emotion/balanced-affectnet/train/violent/anger_01062.npy,dataset/data/pose/rwf2000/train/non_violent/a39igxDY_0.npy,0,train,non_violent,a39igxDY_0
dataset/data/processed/train/non_violent/a7gBQaAFEtw_0/frame_sequence.pt,dataset/data/emotion/balanced-affectnet/train/violent/surprise_00364.npy,dataset/data/pose/rwf2000/train/non_violent/a7gBQaAFEtw_0.npy,0,train,non_violent,a7gBQaAFEtw_0
dataset/data/processed/train/non_violent/a7gBQaAFEtw_1/frame_sequence.pt,dataset/data/emotion/balanced-affectnet/train/violent/surprise_01119.npy,dataset/data/pose/rwf2000/train/non_violent/a7gBQaAFEtw_1.npy,0,train,non_violent,a7gBQaAFEtw_1
dataset/data/processed/train/non_violent/a7gBQaAFEtw_2/frame_sequence.pt,dataset/data/emotion/balanced-affectnet/train/violent/fear_01300.npy,dataset/data/pose/rwf2000/train/non_violent/a7gBQaAFEtw_2.npy,0,train,non_violent,a7gBQaAFEtw_2
dataset/data/processed/train/non_violent/a7gBQaAFEtw_3/frame_sequence.pt,dataset/data/emotion/balanced-affectnet/train/violent/fear_01354.npy,dataset/data/pose/rwf2000/train/non_violent/a7gBQaAFEtw_3.npy,0,train,non_violent,a7gBQaAFEtw_3
dataset/data/processed/train/non_violent/a7gBQaAFEtw_4/frame_sequence.pt,dataset/data/emotion/balanced-affectnet/train/violent/anger_00095.npy,dataset/data/pose/rwf2000/train/non_violent/a7gBQaAFEtw_4.npy,0,train,non_violent,a7gBQaAFEtw_4
dataset/data/processed/train/non_violent/a7gBQaAFEtw_5/frame_sequence.pt,dataset/data/emotion/balanced-affectnet/train/violent/surprise_00796.npy,dataset/data/pose/rwf2000/train/non_violent/a7gBQaAFEtw_5.npy,0,train,non_violent,a7gBQaAFEtw_5
dataset/data/processed/train/non_violent/aGfwZ3E4_0/frame_sequence.pt,dataset/data/emotion/balanced-affectnet/train/violent/surprise_00359.npy,dataset/data/pose/rwf2000/train/non_violent/aGfwZ3E4_0.npy,0,train,non_violent,aGfwZ3E4_0
dataset/data/processed/train/non_violent/aKK0B4kpKZA_0/frame_sequence.pt,dataset/data/emotion/balanced-affectnet/train/violent/surprise_01057.npy,dataset/data/pose/rwf2000/train/non_violent/aKK0B4kpKZA_0.npy,0,train,non_violent,aKK0B4kpKZA_0
dataset/data/processed/train/non_violent/aKgSasWRJ2s_0/frame_sequence.pt,dataset/data/emotion/balanced-affectnet/train/violent/anger_01255.npy,dataset/data/pose/rwf2000/train/non_violent/aKgSasWRJ2s_0.npy,0,train,non_violent,aKgSasWRJ2s_0
dataset/data/processed/train/non_violent/aQysMqg0K7M_0/frame_sequence.pt,dataset/data/emotion/balanced-affectnet/train/violent/fear_01308.npy,dataset/data/pose/rwf2000/train/non_violent/aQysMqg0K7M_0.npy,0,train,non_violent,aQysMqg0K7M_0
dataset/data/processed/train/non_violent/aQysMqg0K7M_1/frame_sequence.pt,dataset/data/emotion/balanced-affectnet/train/violent/anger_00187.npy,dataset/data/pose/rwf2000/train/non_violent/aQysMqg0K7M_1.npy,0,train,non_violent,aQysMqg0K7M_1
dataset/data/processed/train/non_violent/aQysMqg0K7M_2/frame_sequence.pt,dataset/data/emotion/balanced-affectnet/train/violent/surprise_00793.npy,dataset/data/pose/rwf2000/train/non_violent/aQysMqg0K7M_2.npy,0,train,non_violent,aQysMqg0K7M_2
dataset/data/processed/train/non_violent/aQysMqg0K7M_3/frame_sequence.pt,dataset/data/emotion/balanced-affectnet/train/violent/surprise_00762.npy,dataset/data/pose/rwf2000/train/non_violent/aQysMqg0K7M_3.npy,0,train,non_violent,aQysMqg0K7M_3
dataset/data/processed/train/non_violent/aRvWjteA_0/frame_sequence.pt,dataset/data/emotion/balanced-affectnet/train/violent/anger_00810.npy,dataset/data/pose/rwf2000/train/non_violent/aRvWjteA_0.npy,0,train,non_violent,aRvWjteA_0
dataset/data/processed/train/non_violent/ajJRyYZUEtA_0/frame_sequence.pt,dataset/data/emotion/balanced-affectnet/train/violent/fear_00818.npy,dataset/data/pose/rwf2000/train/non_violent/ajJRyYZUEtA_0.npy,0,train,non_violent,ajJRyYZUEtA_0
dataset/data/processed/train/non_violent/ajJRyYZUEtA_1/frame_sequence.pt,dataset/data/emotion/balanced-affectnet/train/violent/fear_01040.npy,dataset/data/pose/rwf2000/train/non_violent/ajJRyYZUEtA_1.npy,0,train,non_violent,ajJRyYZUEtA_1
dataset/data/processed/train/non_violent/ajJRyYZUEtA_2/frame_sequence.pt,dataset/data/emotion/balanced-affectnet/train/violent/surprise_00269.npy,dataset/data/pose/rwf2000/train/non_violent/ajJRyYZUEtA_2.npy,0,train,non_violent,ajJRyYZUEtA_2
dataset/data/processed/train/non_violent/aoFX2ZCB_0/frame_sequence.pt,dataset/data/emotion/balanced-affectnet/train/violent/fear_00685.npy,dataset/data/pose/rwf2000/train/non_violent/aoFX2ZCB_0.npy,0,train,non_violent,aoFX2ZCB_0
dataset/data/processed/train/non_violent/arXD3QM2_0/frame_sequence.pt,dataset/data/emotion/balanced-affectnet/train/violent/anger_01299.npy,dataset/data/pose/rwf2000/train/non_violent/arXD3QM2_0.npy,0,train,non_violent,arXD3QM2_0
dataset/data/processed/train/non_violent/as4zD6d86q0_0/frame_sequence.pt,dataset/data/emotion/balanced-affectnet/train/violent/anger_00842.npy,dataset/data/pose/rwf2000/train/non_violent/as4zD6d86q0_0.npy,0,train,non_violent,as4zD6d86q0_0
dataset/data/processed/train/non_violent/az7WDDFT_0/frame_sequence.pt,dataset/data/emotion/balanced-affectnet/train/violent/fear_01359.npy,dataset/data/pose/rwf2000/train/non_violent/az7WDDFT_0.npy,0,train,non_violent,az7WDDFT_0
dataset/data/processed/train/non_violent/b6XfVAZC9Zs_0/frame_sequence.pt,dataset/data/emotion/balanced-affectnet/train/violent/fear_00659.npy,dataset/data/pose/rwf2000/train/non_violent/b6XfVAZC9Zs_0.npy,0,train,non_violent,b6XfVAZC9Zs_0
dataset/data/processed/train/non_violent/b6XfVAZC9Zs_1/frame_sequence.pt,dataset/data/emotion/balanced-affectnet/train/violent/surprise_00198.npy,dataset/data/pose/rwf2000/train/non_violent/b6XfVAZC9Zs_1.npy,0,train,non_violent,b6XfVAZC9Zs_1
dataset/data/processed/train/non_violent/b6XfVAZC9Zs_2/frame_sequence.pt,dataset/data/emotion/balanced-affectnet/train/violent/surprise_01041.npy,dataset/data/pose/rwf2000/train/non_violent/b6XfVAZC9Zs_2.npy,0,train,non_violent,b6XfVAZC9Zs_2
dataset/data/processed/train/non_violent/b9I5dDvH_0/frame_sequence.pt,dataset/data/emotion/balanced-affectnet/train/violent/fear_00921.npy,dataset/data/pose/rwf2000/train/non_violent/b9I5dDvH_0.npy,0,train,non_violent,b9I5dDvH_0
dataset/data/processed/train/non_violent/bK1saynI_0/frame_sequence.pt,dataset/data/emotion/balanced-affectnet/train/violent/anger_00425.npy,dataset/data/pose/rwf2000/train/non_violent/bK1saynI_0.npy,0,train,non_violent,bK1saynI_0
dataset/data/processed/train/non_violent/bQHNsRpQOIE_0/frame_sequence.pt,dataset/data/emotion/balanced-affectnet/train/violent/fear_00822.npy,dataset/data/pose/rwf2000/train/non_violent/bQHNsRpQOIE_0.npy,0,train,non_violent,bQHNsRpQOIE_0
dataset/data/processed/train/non_violent/bQHNsRpQOIE_1/frame_sequence.pt,dataset/data/emotion/balanced-affectnet/train/violent/fear_00252.npy,dataset/data/pose/rwf2000/train/non_violent/bQHNsRpQOIE_1.npy,0,train,non_violent,bQHNsRpQOIE_1
dataset/data/processed/train/non_violent/bQHNsRpQOIE_2/frame_sequence.pt,dataset/data/emotion/balanced-affectnet/train/violent/fear_00526.npy,dataset/data/pose/rwf2000/train/non_violent/bQHNsRpQOIE_2.npy,0,train,non_violent,bQHNsRpQOIE_2
dataset/data/processed/train/non_violent/bUaC34RU_0/frame_sequence.pt,dataset/data/emotion/balanced-affectnet/train/violent/fear_00181.npy,dataset/data/pose/rwf2000/train/non_violent/bUaC34RU_0.npy,0,train,non_violent,bUaC34RU_0
dataset/data/processed/train/non_violent/bd48s5BpoGY_0/frame_sequence.pt,dataset/data/emotion/balanced-affectnet/train/violent/fear_00126.npy,dataset/data/pose/rwf2000/train/non_violent/bd48s5BpoGY_0.npy,0,train,non_violent,bd48s5BpoGY_0
dataset/data/processed/train/non_violent/bpbiA2sr_0/frame_sequence.pt,dataset/data/emotion/balanced-affectnet/train/violent/surprise_00374.npy,dataset/data/pose/rwf2000/train/non_violent/bpbiA2sr_0.npy,0,train,non_violent,bpbiA2sr_0
dataset/data/processed/train/non_violent/c1PJngmt_0/frame_sequence.pt,dataset/data/emotion/balanced-affectnet/train/violent/anger_00489.npy,dataset/data/pose/rwf2000/train/non_violent/c1PJngmt_0.npy,0,train,non_violent,c1PJngmt_0
dataset/data/processed/train/non_violent/c1bRFt0x_0/frame_sequence.pt,dataset/data/emotion/balanced-affectnet/train/violent/anger_00746.npy,dataset/data/pose/rwf2000/train/non_violent/c1bRFt0x_0.npy,0,train,non_violent,c1bRFt0x_0
dataset/data/processed/train/non_violent/c7j3qEqO_0/frame_sequence.pt,dataset/data/emotion/balanced-affectnet/train/violent/fear_00167.npy,dataset/data/pose/rwf2000/train/non_violent/c7j3qEqO_0.npy,0,train,non_violent,c7j3qEqO_0
dataset/data/processed/train/non_violent/cAp5A44HRS8_0/frame_sequence.pt,dataset/data/emotion/balanced-affectnet/train/violent/fear_00547.npy,dataset/data/pose/rwf2000/train/non_violent/cAp5A44HRS8_0.npy,0,train,non_violent,cAp5A44HRS8_0
dataset/data/processed/train/non_violent/cAp5A44HRS8_1/frame_sequence.pt,dataset/data/emotion/balanced-affectnet/train/violent/surprise_00495.npy,dataset/data/pose/rwf2000/train/non_violent/cAp5A44HRS8_1.npy,0,train,non_violent,cAp5A44HRS8_1
dataset/data/processed/train/non_violent/cErr6pCN_0/frame_sequence.pt,dataset/data/emotion/balanced-affectnet/train/violent/fear_00950.npy,dataset/data/pose/rwf2000/train/non_violent/cErr6pCN_0.npy,0,train,non_violent,cErr6pCN_0
dataset/data/processed/train/non_violent/cHsy9xWM_0/frame_sequence.pt,dataset/data/emotion/balanced-affectnet/train/violent/anger_01357.npy,dataset/data/pose/rwf2000/train/non_violent/cHsy9xWM_0.npy,0,train,non_violent,cHsy9xWM_0
dataset/data/processed/train/non_violent/cJvLTWGs-SE_0/frame_sequence.pt,dataset/data/emotion/balanced-affectnet/train/violent/surprise_00345.npy,dataset/data/pose/rwf2000/train/non_violent/cJvLTWGs-SE_0.npy,0,train,non_violent,cJvLTWGs-SE_0
dataset/data/processed/train/non_violent/cJvLTWGs-SE_1/frame_sequence.pt,dataset/data/emotion/balanced-affectnet/train/violent/fear_00497.npy,dataset/data/pose/rwf2000/train/non_violent/cJvLTWGs-SE_1.npy,0,train,non_violent,cJvLTWGs-SE_1
dataset/data/processed/train/non_violent/cLsPLNQn_0/frame_sequence.pt,dataset/data/emotion/balanced-affectnet/train/violent/surprise_01059.npy,dataset/data/pose/rwf2000/train/non_violent/cLsPLNQn_0.npy,0,train,non_violent,cLsPLNQn_0
dataset/data/processed/train/non_violent/cPeNUm31_0/frame_sequence.pt,dataset/data/emotion/balanced-affectnet/train/violent/surprise_00816.npy,dataset/data/pose/rwf2000/train/non_violent/cPeNUm31_0.npy,0,train,non_violent,cPeNUm31_0
dataset/data/processed/train/non_violent/cURNFrn5_0/frame_sequence.pt,dataset/data/emotion/balanced-affectnet/train/violent/fear_01211.npy,dataset/data/pose/rwf2000/train/non_violent/cURNFrn5_0.npy,0,train,non_violent,cURNFrn5_0
dataset/data/processed/train/non_violent/cVYo5yT2_0/frame_sequence.pt,dataset/data/emotion/balanced-affectnet/train/violent/anger_00170.npy,dataset/data/pose/rwf2000/train/non_violent/cVYo5yT2_0.npy,0,train,non_violent,cVYo5yT2_0
dataset/data/processed/train/non_violent/cWJ92fkhME4_0/frame_sequence.pt,dataset/data/emotion/balanced-affectnet/train/violent/fear_00760.npy,dataset/data/pose/rwf2000/train/non_violent/cWJ92fkhME4_0.npy,0,train,non_violent,cWJ92fkhME4_0
dataset/data/processed/train/non_violent/cfOKjx8l_0/frame_sequence.pt,dataset/data/emotion/balanced-affectnet/train/violent/anger_00412.npy,dataset/data/pose/rwf2000/train/non_violent/cfOKjx8l_0.npy,0,train,non_violent,cfOKjx8l_0
dataset/data/processed/train/non_violent/cfks5NXs_0/frame_sequence.pt,dataset/data/emotion/balanced-affectnet/train/violent/fear_00101.npy,dataset/data/pose/rwf2000/train/non_violent/cfks5NXs_0.npy,0,train,non_violent,cfks5NXs_0
dataset/data/processed/train/non_violent/cqP8OyUh_0/frame_sequence.pt,dataset/data/emotion/balanced-affectnet/train/violent/anger_01182.npy,dataset/data/pose/rwf2000/train/non_violent/cqP8OyUh_0.npy,0,train,non_violent,cqP8OyUh_0
dataset/data/processed/train/non_violent/cwLtq5Y3_0/frame_sequence.pt,dataset/data/emotion/balanced-affectnet/train/violent/fear_00144.npy,dataset/data/pose/rwf2000/train/non_violent/cwLtq5Y3_0.npy,0,train,non_violent,cwLtq5Y3_0
dataset/data/processed/train/non_violent/d1b2n9qX_0/frame_sequence.pt,dataset/data/emotion/balanced-affectnet/train/violent/anger_00546.npy,dataset/data/pose/rwf2000/train/non_violent/d1b2n9qX_0.npy,0,train,non_violent,d1b2n9qX_0
dataset/data/processed/train/non_violent/d3WwO8eM_0/frame_sequence.pt,dataset/data/emotion/balanced-affectnet/train/violent/surprise_00882.npy,dataset/data/pose/rwf2000/train/non_violent/d3WwO8eM_0.npy,0,train,non_violent,d3WwO8eM_0
dataset/data/processed/train/non_violent/dBllnaSKVfQ_0/frame_sequence.pt,dataset/data/emotion/balanced-affectnet/train/violent/fear_00521.npy,dataset/data/pose/rwf2000/train/non_violent/dBllnaSKVfQ_0.npy,0,train,non_violent,dBllnaSKVfQ_0
dataset/data/processed/train/non_violent/dDNWfVPw_0/frame_sequence.pt,dataset/data/emotion/balanced-affectnet/train/violent/fear_01052.npy,dataset/data/pose/rwf2000/train/non_violent/dDNWfVPw_0.npy,0,train,non_violent,dDNWfVPw_0
dataset/data/processed/train/non_violent/dNDOYLTf_0/frame_sequence.pt,dataset/data/emotion/balanced-affectnet/train/violent/surprise_01127.npy,dataset/data/pose/rwf2000/train/non_violent/dNDOYLTf_0.npy,0,train,non_violent,dNDOYLTf_0
dataset/data/processed/train/non_violent/dOM7frJMFbc_0/frame_sequence.pt,dataset/data/emotion/balanced-affectnet/train/violent/anger_00005.npy,dataset/data/pose/rwf2000/train/non_violent/dOM7frJMFbc_0.npy,0,train,non_violent,dOM7frJMFbc_0
dataset/data/processed/train/non_violent/dOM7frJMFbc_1/frame_sequence.pt,dataset/data/emotion/balanced-affectnet/train/violent/surprise_00334.npy,dataset/data/pose/rwf2000/train/non_violent/dOM7frJMFbc_1.npy,0,train,non_violent,dOM7frJMFbc_1
dataset/data/processed/train/non_violent/dOM7frJMFbc_2/frame_sequence.pt,dataset/data/emotion/balanced-affectnet/train/violent/fear_01185.npy,dataset/data/pose/rwf2000/train/non_violent/dOM7frJMFbc_2.npy,0,train,non_violent,dOM7frJMFbc_2
dataset/data/processed/train/non_violent/dOM7frJMFbc_3/frame_sequence.pt,dataset/data/emotion/balanced-affectnet/train/violent/fear_00806.npy,dataset/data/pose/rwf2000/train/non_violent/dOM7frJMFbc_3.npy,0,train,non_violent,dOM7frJMFbc_3
dataset/data/processed/train/non_violent/dOo2X5wR_0/frame_sequence.pt,dataset/data/emotion/balanced-affectnet/train/violent/fear_00567.npy,dataset/data/pose/rwf2000/train/non_violent/dOo2X5wR_0.npy,0,train,non_violent,dOo2X5wR_0
dataset/data/processed/train/non_violent/dP20avzQAf8_0/frame_sequence.pt,dataset/data/emotion/balanced-affectnet/train/violent/anger_00254.npy,dataset/data/pose/rwf2000/train/non_violent/dP20avzQAf8_0.npy,0,train,non_violent,dP20avzQAf8_0
dataset/data/processed/train/non_violent/dPV9BZrq_0/frame_sequence.pt,dataset/data/emotion/balanced-affectnet/train/violent/anger_00879.npy,dataset/data/pose/rwf2000/train/non_violent/dPV9BZrq_0.npy,0,train,non_violent,dPV9BZrq_0
dataset/data/processed/train/non_violent/dRlBBYvf_0/frame_sequence.pt,dataset/data/emotion/balanced-affectnet/train/violent/fear_01076.npy,dataset/data/pose/rwf2000/train/non_violent/dRlBBYvf_0.npy,0,train,non_violent,dRlBBYvf_0
dataset/data/processed/train/non_violent/d_93UNyiVM4_0/frame_sequence.pt,dataset/data/emotion/balanced-affectnet/train/violent/fear_00330.npy,dataset/data/pose/rwf2000/train/non_violent/d_93UNyiVM4_0.npy,0,train,non_violent,d_93UNyiVM4_0
dataset/data/processed/train/non_violent/d_93UNyiVM4_1/frame_sequence.pt,dataset/data/emotion/balanced-affectnet/train/violent/surprise_00179.npy,dataset/data/pose/rwf2000/train/non_violent/d_93UNyiVM4_1.npy,0,train,non_violent,d_93UNyiVM4_1
dataset/data/processed/train/non_violent/dkTzP0SB_0/frame_sequence.pt,dataset/data/emotion/balanced-affectnet/train/violent/surprise_00820.npy,dataset/data/pose/rwf2000/train/non_violent/dkTzP0SB_0.npy,0,train,non_violent,dkTzP0SB_0
dataset/data/processed/train/non_violent/dt8YUGoOSgQ_0/frame_sequence.pt,dataset/data/emotion/balanced-affectnet/train/violent/fear_00981.npy,dataset/data/pose/rwf2000/train/non_violent/dt8YUGoOSgQ_0.npy,0,train,non_violent,dt8YUGoOSgQ_0
dataset/data/processed/train/non_violent/dt8YUGoOSgQ_1/frame_sequence.pt,dataset/data/emotion/balanced-affectnet/train/violent/surprise_00193.npy,dataset/data/pose/rwf2000/train/non_violent/dt8YUGoOSgQ_1.npy,0,train,non_violent,dt8YUGoOSgQ_1
dataset/data/processed/train/non_violent/e4U3gEDEB58_0/frame_sequence.pt,dataset/data/emotion/balanced-affectnet/train/violent/fear_00715.npy,dataset/data/pose/rwf2000/train/non_violent/e4U3gEDEB58_0.npy,0,train,non_violent,e4U3gEDEB58_0
dataset/data/processed/train/non_violent/e6iHy7V5_0/frame_sequence.pt,dataset/data/emotion/balanced-affectnet/train/violent/surprise_00839.npy,dataset/data/pose/rwf2000/train/non_violent/e6iHy7V5_0.npy,0,train,non_violent,e6iHy7V5_0
dataset/data/processed/train/non_violent/e7tarNsO_0/frame_sequence.pt,dataset/data/emotion/balanced-affectnet/train/violent/anger_00242.npy,dataset/data/pose/rwf2000/train/non_violent/e7tarNsO_0.npy,0,train,non_violent,e7tarNsO_0
dataset/data/processed/train/non_violent/eF5S8iGLAm4_0/frame_sequence.pt,dataset/data/emotion/balanced-affectnet/train/violent/anger_00958.npy,dataset/data/pose/rwf2000/train/non_violent/eF5S8iGLAm4_0.npy,0,train,non_violent,eF5S8iGLAm4_0
dataset/data/processed/train/non_violent/eF5S8iGLAm4_1/frame_sequence.pt,dataset/data/emotion/balanced-affectnet/train/violent/anger_01262.npy,dataset/data/pose/rwf2000/train/non_violent/eF5S8iGLAm4_1.npy,0,train,non_violent,eF5S8iGLAm4_1
dataset/data/processed/train/non_violent/eNoGYdL1_0/frame_sequence.pt,dataset/data/emotion/balanced-affectnet/train/violent/fear_01232.npy,dataset/data/pose/rwf2000/train/non_violent/eNoGYdL1_0.npy,0,train,non_violent,eNoGYdL1_0
dataset/data/processed/train/non_violent/eUtGwBik_0/frame_sequence.pt,dataset/data/emotion/balanced-affectnet/train/violent/anger_00617.npy,dataset/data/pose/rwf2000/train/non_violent/eUtGwBik_0.npy,0,train,non_violent,eUtGwBik_0
dataset/data/processed/train/non_violent/emGsAcqs_0/frame_sequence.pt,dataset/data/emotion/balanced-affectnet/train/violent/anger_01371.npy,dataset/data/pose/rwf2000/train/non_violent/emGsAcqs_0.npy,0,train,non_violent,emGsAcqs_0
dataset/data/processed/train/non_violent/ep1_I0f-u7g_0/frame_sequence.pt,dataset/data/emotion/balanced-affectnet/train/violent/fear_00702.npy,dataset/data/pose/rwf2000/train/non_violent/ep1_I0f-u7g_0.npy,0,train,non_violent,ep1_I0f-u7g_0
dataset/data/processed/train/non_violent/ep1_I0f-u7g_1/frame_sequence.pt,dataset/data/emotion/balanced-affectnet/train/violent/surprise_00558.npy,dataset/data/pose/rwf2000/train/non_violent/ep1_I0f-u7g_1.npy,0,train,non_violent,ep1_I0f-u7g_1
dataset/data/processed/train/non_violent/ev8va5uR_0/frame_sequence.pt,dataset/data/emotion/balanced-affectnet/train/violent/fear_00926.npy,dataset/data/pose/rwf2000/train/non_violent/ev8va5uR_0.npy,0,train,non_violent,ev8va5uR_0
dataset/data/processed/train/non_violent/f50PQz7mXds_0/frame_sequence.pt,dataset/data/emotion/balanced-affectnet/train/violent/anger_00578.npy,dataset/data/pose/rwf2000/train/non_violent/f50PQz7mXds_0.npy,0,train,non_violent,f50PQz7mXds_0
dataset/data/processed/train/non_violent/f50PQz7mXds_1/frame_sequence.pt,dataset/data/emotion/balanced-affectnet/train/violent/anger_00138.npy,dataset/data/pose/rwf2000/train/non_violent/f50PQz7mXds_1.npy,0,train,non_violent,f50PQz7mXds_1
dataset/data/processed/train/non_violent/f9jcrHqO_0/frame_sequence.pt,dataset/data/emotion/balanced-affectnet/train/violent/surprise_00227.npy,dataset/data/pose/rwf2000/train/non_violent/f9jcrHqO_0.npy,0,train,non_violent,f9jcrHqO_0
dataset/data/processed/train/non_violent/fBwfFDcgJlk_0/frame_sequence.pt,dataset/data/emotion/balanced-affectnet/train/violent/surprise_00131.npy,dataset/data/pose/rwf2000/train/non_violent/fBwfFDcgJlk_0.npy,0,train,non_violent,fBwfFDcgJlk_0
dataset/data/processed/train/non_violent/fBwfFDcgJlk_1/frame_sequence.pt,dataset/data/emotion/balanced-affectnet/train/violent/surprise_01036.npy,dataset/data/pose/rwf2000/train/non_violent/fBwfFDcgJlk_1.npy,0,train,non_violent,fBwfFDcgJlk_1
dataset/data/processed/train/non_violent/fHOVzWgX_0/frame_sequence.pt,dataset/data/emotion/balanced-affectnet/train/violent/anger_01134.npy,dataset/data/pose/rwf2000/train/non_violent/fHOVzWgX_0.npy,0,train,non_violent,fHOVzWgX_0
dataset/data/processed/train/non_violent/fJMvC8TV_0/frame_sequence.pt,dataset/data/emotion/balanced-affectnet/train/violent/surprise_00618.npy,dataset/data/pose/rwf2000/train/non_violent/fJMvC8TV_0.npy,0,train,non_violent,fJMvC8TV_0
dataset/data/processed/train/non_violent/fJkWWpNB_0/frame_sequence.pt,dataset/data/emotion/balanced-affectnet/train/violent/anger_00745.npy,dataset/data/pose/rwf2000/train/non_violent/fJkWWpNB_0.npy,0,train,non_violent,fJkWWpNB_0
dataset/data/processed/train/non_violent/fMmvH1Fa_0/frame_sequence.pt,dataset/data/emotion/balanced-affectnet/train/violent/fear_00099.npy,dataset/data/pose/rwf2000/train/non_violent/fMmvH1Fa_0.npy,0,train,non_violent,fMmvH1Fa_0
dataset/data/processed/train/non_violent/fNy9LoED_0/frame_sequence.pt,dataset/data/emotion/balanced-affectnet/train/violent/fear_01252.npy,dataset/data/pose/rwf2000/train/non_violent/fNy9LoED_0.npy,0,train,non_violent,fNy9LoED_0
dataset/data/processed/train/non_violent/fvtpgsrF_0/frame_sequence.pt,dataset/data/emotion/balanced-affectnet/train/violent/anger_00064.npy,dataset/data/pose/rwf2000/train/non_violent/fvtpgsrF_0.npy,0,train,non_violent,fvtpgsrF_0
dataset/data/processed/train/non_violent/fwEk96k8g_I_0/frame_sequence.pt,dataset/data/emotion/balanced-affectnet/train/violent/fear_01260.npy,dataset/data/pose/rwf2000/train/non_violent/fwEk96k8g_I_0.npy,0,train,non_violent,fwEk96k8g_I_0
dataset/data/processed/train/non_violent/fwEk96k8g_I_1/frame_sequence.pt,dataset/data/emotion/balanced-affectnet/train/violent/fear_00558.npy,dataset/data/pose/rwf2000/train/non_violent/fwEk96k8g_I_1.npy,0,train,non_violent,fwEk96k8g_I_1
dataset/data/processed/train/non_violent/g3QdfSDk_0/frame_sequence.pt,dataset/data/emotion/balanced-affectnet/train/violent/anger_00443.npy,dataset/data/pose/rwf2000/train/non_violent/g3QdfSDk_0.npy,0,train,non_violent,g3QdfSDk_0
dataset/data/processed/train/non_violent/g9nMwbpZ_0/frame_sequence.pt,dataset/data/emotion/balanced-affectnet/train/violent/anger_01068.npy,dataset/data/pose/rwf2000/train/non_violent/g9nMwbpZ_0.npy,0,train,non_violent,g9nMwbpZ_0
dataset/data/processed/train/non_violent/gAFkygeJ_0/frame_sequence.pt,dataset/data/emotion/balanced-affectnet/train/violent/anger_00542.npy,dataset/data/pose/rwf2000/train/non_violent/gAFkygeJ_0.npy,0,train,non_violent,gAFkygeJ_0
dataset/data/processed/train/non_violent/gBBRxXBI_0/frame_sequence.pt,dataset/data/emotion/balanced-affectnet/train/violent/fear_00830.npy,dataset/data/pose/rwf2000/train/non_violent/gBBRxXBI_0.npy,0,train,non_violent,gBBRxXBI_0
dataset/data/processed/train/non_violent/gDeDWPVe_0/frame_sequence.pt,dataset/data/emotion/balanced-affectnet/train/violent/anger_00563.npy,dataset/data/pose/rwf2000/train/non_violent/gDeDWPVe_0.npy,0,train,non_violent,gDeDWPVe_0
dataset/data/processed/train/non_violent/gEODOSeI_0/frame_sequence.pt,dataset/data/emotion/balanced-affectnet/train/violent/surprise_00329.npy,dataset/data/pose/rwf2000/train/non_violent/gEODOSeI_0.npy,0,train,non_violent,gEODOSeI_0
dataset/data/processed/train/non_violent/gHcG_c1i4uE_0/frame_sequence.pt,dataset/data/emotion/balanced-affectnet/train/violent/anger_00731.npy,dataset/data/pose/rwf2000/train/non_violent/gHcG_c1i4uE_0.npy,0,train,non_violent,gHcG_c1i4uE_0
dataset/data/processed/train/non_violent/gHcG_c1i4uE_1/frame_sequence.pt,dataset/data/emotion/balanced-affectnet/train/violent/fear_01007.npy,dataset/data/pose/rwf2000/train/non_violent/gHcG_c1i4uE_1.npy,0,train,non_violent,gHcG_c1i4uE_1
dataset/data/processed/train/non_violent/gI4u3PwG_0/frame_sequence.pt,dataset/data/emotion/balanced-affectnet/train/violent/surprise_00664.npy,dataset/data/pose/rwf2000/train/non_violent/gI4u3PwG_0.npy,0,train,non_violent,gI4u3PwG_0
dataset/data/processed/train/non_violent/gJDvtfRrM7k_0/frame_sequence.pt,dataset/data/emotion/balanced-affectnet/train/violent/fear_00018.npy,dataset/data/pose/rwf2000/train/non_violent/gJDvtfRrM7k_0.npy,0,train,non_violent,gJDvtfRrM7k_0
dataset/data/processed/train/non_violent/gNUhUpxZ_0/frame_sequence.pt,dataset/data/emotion/balanced-affectnet/train/violent/fear_01061.npy,dataset/data/pose/rwf2000/train/non_violent/gNUhUpxZ_0.npy,0,train,non_violent,gNUhUpxZ_0
dataset/data/processed/train/non_violent/gR4OsEPl894_0/frame_sequence.pt,dataset/data/emotion/balanced-affectnet/train/violent/surprise_00616.npy,dataset/data/pose/rwf2000/train/non_violent/gR4OsEPl894_0.npy,0,train,non_violent,gR4OsEPl894_0
dataset/data/processed/train/non_violent/gR4OsEPl894_1/frame_sequence.pt,dataset/data/emotion/balanced-affectnet/train/violent/anger_01306.npy,dataset/data/pose/rwf2000/train/non_violent/gR4OsEPl894_1.npy,0,train,non_violent,gR4OsEPl894_1
dataset/data/processed/train/non_violent/gR4OsEPl894_2/frame_sequence.pt,dataset/data/emotion/balanced-affectnet/train/violent/fear_00607.npy,dataset/data/pose/rwf2000/train/non_violent/gR4OsEPl894_2.npy,0,train,non_violent,gR4OsEPl894_2
dataset/data/processed/train/non_violent/gR4OsEPl894_3/frame_sequence.pt,dataset/data/emotion/balanced-affectnet/train/violent/fear_00934.npy,dataset/data/pose/rwf2000/train/non_violent/gR4OsEPl894_3.npy,0,train,non_violent,gR4OsEPl894_3
dataset/data/processed/train/non_violent/gSmdNZya_0/frame_sequence.pt,dataset/data/emotion/balanced-affectnet/train/violent/fear_00887.npy,dataset/data/pose/rwf2000/train/non_violent/gSmdNZya_0.npy,0,train,non_violent,gSmdNZya_0
dataset/data/processed/train/non_violent/gUYfrLHe_0/frame_sequence.pt,dataset/data/emotion/balanced-affectnet/train/violent/anger_01162.npy,dataset/data/pose/rwf2000/train/non_violent/gUYfrLHe_0.npy,0,train,non_violent,gUYfrLHe_0
dataset/data/processed/train/non_violent/gk0v57Xn_0/frame_sequence.pt,dataset/data/emotion/balanced-affectnet/train/violent/fear_00812.npy,dataset/data/pose/rwf2000/train/non_violent/gk0v57Xn_0.npy,0,train,non_violent,gk0v57Xn_0
dataset/data/processed/train/non_violent/golJWJCak1k_0/frame_sequence.pt,dataset/data/emotion/balanced-affectnet/train/violent/fear_01275.npy,dataset/data/pose/rwf2000/train/non_violent/golJWJCak1k_0.npy,0,train,non_violent,golJWJCak1k_0
dataset/data/processed/train/non_violent/golJWJCak1k_1/frame_sequence.pt,dataset/data/emotion/balanced-affectnet/train/violent/anger_00689.npy,dataset/data/pose/rwf2000/train/non_violent/golJWJCak1k_1.npy,0,train,non_violent,golJWJCak1k_1
dataset/data/processed/train/non_violent/grxri53x_0/frame_sequence.pt,dataset/data/emotion/balanced-affectnet/train/violent/fear_00452.npy,dataset/data/pose/rwf2000/train/non_violent/grxri53x_0.npy,0,train,non_violent,grxri53x_0
dataset/data/processed/train/non_violent/gzozjcrr_0/frame_sequence.pt,dataset/data/emotion/balanced-affectnet/train/violent/anger_00906.npy,dataset/data/pose/rwf2000/train/non_violent/gzozjcrr_0.npy,0,train,non_violent,gzozjcrr_0
dataset/data/processed/train/non_violent/gzrwD4E5_0/frame_sequence.pt,dataset/data/emotion/balanced-affectnet/train/violent/surprise_00117.npy,dataset/data/pose/rwf2000/train/non_violent/gzrwD4E5_0.npy,0,train,non_violent,gzrwD4E5_0
dataset/data/processed/train/non_violent/hP8CJJcx_0/frame_sequence.pt,dataset/data/emotion/balanced-affectnet/train/violent/fear_01068.npy,dataset/data/pose/rwf2000/train/non_violent/hP8CJJcx_0.npy,0,train,non_violent,hP8CJJcx_0
dataset/data/processed/train/non_violent/hWBjrqFS_0/frame_sequence.pt,dataset/data/emotion/balanced-affectnet/train/violent/surprise_00827.npy,dataset/data/pose/rwf2000/train/non_violent/hWBjrqFS_0.npy,0,train,non_violent,hWBjrqFS_0
dataset/data/processed/train/non_violent/hbTlgnTw_0/frame_sequence.pt,dataset/data/emotion/balanced-affectnet/train/violent/anger_00651.npy,dataset/data/pose/rwf2000/train/non_violent/hbTlgnTw_0.npy,0,train,non_violent,hbTlgnTw_0
dataset/data/processed/train/non_violent/hgMpDK55_0/frame_sequence.pt,dataset/data/emotion/balanced-affectnet/train/violent/anger_00332.npy,dataset/data/pose/rwf2000/train/non_violent/hgMpDK55_0.npy,0,train,non_violent,hgMpDK55_0
dataset/data/processed/train/non_violent/hrBh5x_3hW0_0/frame_sequence.pt,dataset/data/emotion/balanced-affectnet/train/violent/anger_01328.npy,dataset/data/pose/rwf2000/train/non_violent/hrBh5x_3hW0_0.npy,0,train,non_violent,hrBh5x_3hW0_0
dataset/data/processed/train/non_violent/hrBh5x_3hW0_1/frame_sequence.pt,dataset/data/emotion/balanced-affectnet/train/violent/surprise_00960.npy,dataset/data/pose/rwf2000/train/non_violent/hrBh5x_3hW0_1.npy,0,train,non_violent,hrBh5x_3hW0_1
dataset/data/processed/train/non_violent/i2sLegg2JPA_0/frame_sequence.pt,dataset/data/emotion/balanced-affectnet/train/violent/surprise_01033.npy,dataset/data/pose/rwf2000/train/non_violent/i2sLegg2JPA_0.npy,0,train,non_violent,i2sLegg2JPA_0
dataset/data/processed/train/non_violent/i2sLegg2JPA_1/frame_sequence.pt,dataset/data/emotion/balanced-affectnet/train/violent/fear_00613.npy,dataset/data/pose/rwf2000/train/non_violent/i2sLegg2JPA_1.npy,0,train,non_violent,i2sLegg2JPA_1
dataset/data/processed/train/non_violent/i4OubIZo_0/frame_sequence.pt,dataset/data/emotion/balanced-affectnet/train/violent/fear_00261.npy,dataset/data/pose/rwf2000/train/non_violent/i4OubIZo_0.npy,0,train,non_violent,i4OubIZo_0
dataset/data/processed/train/non_violent/i5xJxtv4gXs_0/frame_sequence.pt,dataset/data/emotion/balanced-affectnet/train/violent/surprise_01026.npy,dataset/data/pose/rwf2000/train/non_violent/i5xJxtv4gXs_0.npy,0,train,non_violent,i5xJxtv4gXs_0
dataset/data/processed/train/non_violent/i5xJxtv4gXs_1/frame_sequence.pt,dataset/data/emotion/balanced-affectnet/train/violent/fear_01073.npy,dataset/data/pose/rwf2000/train/non_violent/i5xJxtv4gXs_1.npy,0,train,non_violent,i5xJxtv4gXs_1
dataset/data/processed/train/non_violent/i5xJxtv4gXs_2/frame_sequence.pt,dataset/data/emotion/balanced-affectnet/train/violent/anger_01281.npy,dataset/data/pose/rwf2000/train/non_violent/i5xJxtv4gXs_2.npy,0,train,non_violent,i5xJxtv4gXs_2
dataset/data/processed/train/non_violent/i7MJRWrW_0/frame_sequence.pt,dataset/data/emotion/balanced-affectnet/train/violent/surprise_01187.npy,dataset/data/pose/rwf2000/train/non_violent/i7MJRWrW_0.npy,0,train,non_violent,i7MJRWrW_0
dataset/data/processed/train/non_violent/iRnSE1TL_0/frame_sequence.pt,dataset/data/emotion/balanced-affectnet/train/violent/anger_00013.npy,dataset/data/pose/rwf2000/train/non_violent/iRnSE1TL_0.npy,0,train,non_violent,iRnSE1TL_0
dataset/data/processed/train/non_violent/iTs901V6_0/frame_sequence.pt,dataset/data/emotion/balanced-affectnet/train/violent/anger_01369.npy,dataset/data/pose/rwf2000/train/non_violent/iTs901V6_0.npy,0,train,non_violent,iTs901V6_0
dataset/data/processed/train/non_violent/iki0PAvq_0/frame_sequence.pt,dataset/data/emotion/balanced-affectnet/train/violent/surprise_00739.npy,dataset/data/pose/rwf2000/train/non_violent/iki0PAvq_0.npy,0,train,non_violent,iki0PAvq_0
dataset/data/processed/train/non_violent/iqAmk7ES_0/frame_sequence.pt,dataset/data/emotion/balanced-affectnet/train/violent/fear_00060.npy,dataset/data/pose/rwf2000/train/non_violent/iqAmk7ES_0.npy,0,train,non_violent,iqAmk7ES_0
dataset/data/processed/train/non_violent/iquSbj5Wqj0_0/frame_sequence.pt,dataset/data/emotion/balanced-affectnet/train/violent/surprise_00072.npy,dataset/data/pose/rwf2000/train/non_violent/iquSbj5Wqj0_0.npy,0,train,non_violent,iquSbj5Wqj0_0
dataset/data/processed/train/non_violent/itstEXVr_0/frame_sequence.pt,dataset/data/emotion/balanced-affectnet/train/violent/surprise_00036.npy,dataset/data/pose/rwf2000/train/non_violent/itstEXVr_0.npy,0,train,non_violent,itstEXVr_0
dataset/data/processed/train/non_violent/j83up7ni_0/frame_sequence.pt,dataset/data/emotion/balanced-affectnet/train/violent/surprise_00431.npy,dataset/data/pose/rwf2000/train/non_violent/j83up7ni_0.npy,0,train,non_violent,j83up7ni_0
dataset/data/processed/train/non_violent/jILBnY3lB2Q_0/frame_sequence.pt,dataset/data/emotion/balanced-affectnet/train/violent/fear_00987.npy,dataset/data/pose/rwf2000/train/non_violent/jILBnY3lB2Q_0.npy,0,train,non_violent,jILBnY3lB2Q_0
dataset/data/processed/train/non_violent/jILBnY3lB2Q_1/frame_sequence.pt,dataset/data/emotion/balanced-affectnet/train/violent/anger_00712.npy,dataset/data/pose/rwf2000/train/non_violent/jILBnY3lB2Q_1.npy,0,train,non_violent,jILBnY3lB2Q_1
dataset/data/processed/train/non_violent/jILBnY3lB2Q_2/frame_sequence.pt,dataset/data/emotion/balanced-affectnet/train/violent/fear_00781.npy,dataset/data/pose/rwf2000/train/non_violent/jILBnY3lB2Q_2.npy,0,train,non_violent,jILBnY3lB2Q_2
dataset/data/processed/train/non_violent/jILBnY3lB2Q_3/frame_sequence.pt,dataset/data/emotion/balanced-affectnet/train/violent/fear_01233.npy,dataset/data/pose/rwf2000/train/non_violent/jILBnY3lB2Q_3.npy,0,train,non_violent,jILBnY3lB2Q_3
dataset/data/processed/train/non_violent/jOZLjdSi_0/frame_sequence.pt,dataset/data/emotion/balanced-affectnet/train/violent/fear_00964.npy,dataset/data/pose/rwf2000/train/non_violent/jOZLjdSi_0.npy,0,train,non_violent,jOZLjdSi_0
dataset/data/processed/train/non_violent/jR91oXYV_0/frame_sequence.pt,dataset/data/emotion/balanced-affectnet/train/violent/fear_00288.npy,dataset/data/pose/rwf2000/train/non_violent/jR91oXYV_0.npy,0,train,non_violent,jR91oXYV_0
dataset/data/processed/train/non_violent/jTbvVbkUaPM_0/frame_sequence.pt,dataset/data/emotion/balanced-affectnet/train/violent/fear_00229.npy,dataset/data/pose/rwf2000/train/non_violent/jTbvVbkUaPM_0.npy,0,train,non_violent,jTbvVbkUaPM_0
dataset/data/processed/train/non_violent/jTbvVbkUaPM_1/frame_sequence.pt,dataset/data/emotion/balanced-affectnet/train/violent/fear_01304.npy,dataset/data/pose/rwf2000/train/non_violent/jTbvVbkUaPM_1.npy,0,train,non_violent,jTbvVbkUaPM_1
dataset/data/processed/train/non_violent/jTbvVbkUaPM_2/frame_sequence.pt,dataset/data/emotion/balanced-affectnet/train/violent/surprise_00936.npy,dataset/data/pose/rwf2000/train/non_violent/jTbvVbkUaPM_2.npy,0,train,non_violent,jTbvVbkUaPM_2
dataset/data/processed/train/non_violent/jXrwQsZJ_0/frame_sequence.pt,dataset/data/emotion/balanced-affectnet/train/violent/fear_01261.npy,dataset/data/pose/rwf2000/train/non_violent/jXrwQsZJ_0.npy,0,train,non_violent,jXrwQsZJ_0
dataset/data/processed/train/non_violent/jbSCSexU_0/frame_sequence.pt,dataset/data/emotion/balanced-affectnet/train/violent/fear_00438.npy,dataset/data/pose/rwf2000/train/non_violent/jbSCSexU_0.npy,0,train,non_violent,jbSCSexU_0
dataset/data/processed/train/non_violent/jgjAKGZW_0/frame_sequence.pt,dataset/data/emotion/balanced-affectnet/train/violent/fear_00828.npy,dataset/data/pose/rwf2000/train/non_violent/jgjAKGZW_0.npy,0,train,non_violent,jgjAKGZW_0
dataset/data/processed/train/non_violent/jj9SJGft_0/frame_sequence.pt,dataset/data/emotion/balanced-affectnet/train/violent/fear_00176.npy,dataset/data/pose/rwf2000/train/non_violent/jj9SJGft_0.npy,0,train,non_violent,jj9SJGft_0
dataset/data/processed/train/non_violent/kB9NYpu1_0/frame_sequence.pt,dataset/data/emotion/balanced-affectnet/train/violent/anger_00902.npy,dataset/data/pose/rwf2000/train/non_violent/kB9NYpu1_0.npy,0,train,non_violent,kB9NYpu1_0
dataset/data/processed/train/non_violent/kBSHDWaGFyc_0/frame_sequence.pt,dataset/data/emotion/balanced-affectnet/train/violent/surprise_00623.npy,dataset/data/pose/rwf2000/train/non_violent/kBSHDWaGFyc_0.npy,0,train,non_violent,kBSHDWaGFyc_0
dataset/data/processed/train/non_violent/kExp3yhspR0_0/frame_sequence.pt,dataset/data/emotion/balanced-affectnet/train/violent/anger_01147.npy,dataset/data/pose/rwf2000/train/non_violent/kExp3yhspR0_0.npy,0,train,non_violent,kExp3yhspR0_0
dataset/data/processed/train/non_violent/kExp3yhspR0_1/frame_sequence.pt,dataset/data/emotion/balanced-affectnet/train/violent/surprise_00014.npy,dataset/data/pose/rwf2000/train/non_violent/kExp3yhspR0_1.npy,0,train,non_violent,kExp3yhspR0_1
dataset/data/processed/train/non_violent/kExp3yhspR0_2/frame_sequence.pt,dataset/data/emotion/balanced-affectnet/train/violent/fear_00467.npy,dataset/data/pose/rwf2000/train/non_violent/kExp3yhspR0_2.npy,0,train,non_violent,kExp3yhspR0_2
dataset/data/processed/train/non_violent/kFbpQrq2_0/frame_sequence.pt,dataset/data/emotion/balanced-affectnet/train/violent/anger_01121.npy,dataset/data/pose/rwf2000/train/non_violent/kFbpQrq2_0.npy,0,train,non_violent,kFbpQrq2_0
dataset/data/processed/train/non_violent/kLHNW0uRutY_0/frame_sequence.pt,dataset/data/emotion/balanced-affectnet/train/violent/surprise_01003.npy,dataset/data/pose/rwf2000/train/non_violent/kLHNW0uRutY_0.npy,0,train,non_violent,kLHNW0uRutY_0
dataset/data/processed/train/non_violent/kMI2JME3Aag_0/frame_sequence.pt,dataset/data/emotion/balanced-affectnet/train/violent/fear_00610.npy,dataset/data/pose/rwf2000/train/non_violent/kMI2JME3Aag_0.npy,0,train,non_violent,kMI2JME3Aag_0
dataset/data/processed/train/non_violent/kMI2JME3Aag_1/frame_sequence.pt,dataset/data/emotion/balanced-affectnet/train/violent/anger_00208.npy,dataset/data/pose/rwf2000/train/non_violent/kMI2JME3Aag_1.npy,0,train,non_violent,kMI2JME3Aag_1
dataset/data/processed/train/non_violent/kMI2JME3Aag_2/frame_sequence.pt,dataset/data/emotion/balanced-affectnet/train/violent/fear_00163.npy,dataset/data/pose/rwf2000/train/non_violent/kMI2JME3Aag_2.npy,0,train,non_violent,kMI2JME3Aag_2
dataset/data/processed/train/non_violent/kMI2JME3Aag_3/frame_sequence.pt,dataset/data/emotion/balanced-affectnet/train/violent/surprise_00863.npy,dataset/data/pose/rwf2000/train/non_violent/kMI2JME3Aag_3.npy,0,train,non_violent,kMI2JME3Aag_3
dataset/data/processed/train/non_violent/kMI2JME3Aag_4/frame_sequence.pt,dataset/data/emotion/balanced-affectnet/train/violent/fear_00923.npy,dataset/data/pose/rwf2000/train/non_violent/kMI2JME3Aag_4.npy,0,train,non_violent,kMI2JME3Aag_4
dataset/data/processed/train/non_violent/kOp57sQKMPY_0/frame_sequence.pt,dataset/data/emotion/balanced-affectnet/train/violent/surprise_00668.npy,dataset/data/pose/rwf2000/train/non_violent/kOp57sQKMPY_0.npy,0,train,non_violent,kOp57sQKMPY_0
dataset/data/processed/train/non_violent/kOp57sQKMPY_1/frame_sequence.pt,dataset/data/emotion/balanced-affectnet/train/violent/surprise_01183.npy,dataset/data/pose/rwf2000/train/non_violent/kOp57sQKMPY_1.npy,0,train,non_violent,kOp57sQKMPY_1
dataset/data/processed/train/non_violent/kOp57sQKMPY_2/frame_sequence.pt,dataset/data/emotion/balanced-affectnet/train/violent/fear_00463.npy,dataset/data/pose/rwf2000/train/non_violent/kOp57sQKMPY_2.npy,0,train,non_violent,kOp57sQKMPY_2
dataset/data/processed/train/non_violent/l4gqDHx9_dI_0/frame_sequence.pt,dataset/data/emotion/balanced-affectnet/train/violent/fear_00488.npy,dataset/data/pose/rwf2000/train/non_violent/l4gqDHx9_dI_0.npy,0,train,non_violent,l4gqDHx9_dI_0
dataset/data/processed/train/non_violent/l4gqDHx9_dI_1/frame_sequence.pt,dataset/data/emotion/balanced-affectnet/train/violent/surprise_00474.npy,dataset/data/pose/rwf2000/train/non_violent/l4gqDHx9_dI_1.npy,0,train,non_violent,l4gqDHx9_dI_1
dataset/data/processed/train/non_violent/lNAzMZFI_0/frame_sequence.pt,dataset/data/emotion/balanced-affectnet/train/violent/surprise_01097.npy,dataset/data/pose/rwf2000/train/non_violent/lNAzMZFI_0.npy,0,train,non_violent,lNAzMZFI_0
dataset/data/processed/train/non_violent/lQ39ffan_0/frame_sequence.pt,dataset/data/emotion/balanced-affectnet/train/violent/surprise_00420.npy,dataset/data/pose/rwf2000/train/non_violent/lQ39ffan_0.npy,0,train,non_violent,lQ39ffan_0
dataset/data/processed/train/non_violent/lS7tAuv0_0/frame_sequence.pt,dataset/data/emotion/balanced-affectnet/train/violent/anger_00730.npy,dataset/data/pose/rwf2000/train/non_violent/lS7tAuv0_0.npy,0,train,non_violent,lS7tAuv0_0
dataset/data/processed/train/non_violent/lhxMVtH7_0/frame_sequence.pt,dataset/data/emotion/balanced-affectnet/train/violent/fear_01036.npy,dataset/data/pose/rwf2000/train/non_violent/lhxMVtH7_0.npy,0,train,non_violent,lhxMVtH7_0
dataset/data/processed/train/non_violent/ljLg4lFbS0Y_0/frame_sequence.pt,dataset/data/emotion/balanced-affectnet/train/violent/anger_00177.npy,dataset/data/pose/rwf2000/train/non_violent/ljLg4lFbS0Y_0.npy,0,train,non_violent,ljLg4lFbS0Y_0
dataset/data/processed/train/non_violent/ljLg4lFbS0Y_1/frame_sequence.pt,dataset/data/emotion/balanced-affectnet/train/violent/anger_00608.npy,dataset/data/pose/rwf2000/train/non_violent/ljLg4lFbS0Y_1.npy,0,train,non_violent,ljLg4lFbS0Y_1
dataset/data/processed/train/non_violent/lmfaDmCCRoY_0/frame_sequence.pt,dataset/data/emotion/balanced-affectnet/train/violent/fear_01080.npy,dataset/data/pose/rwf2000/train/non_violent/lmfaDmCCRoY_0.npy,0,train,non_violent,lmfaDmCCRoY_0
dataset/data/processed/train/non_violent/lx4TN9dS_0/frame_sequence.pt,dataset/data/emotion/balanced-affectnet/train/violent/surprise_00121.npy,dataset/data/pose/rwf2000/train/non_violent/lx4TN9dS_0.npy,0,train,non_violent,lx4TN9dS_0
dataset/data/processed/train/non_violent/m3PZvVSL_0/frame_sequence.pt,dataset/data/emotion/balanced-affectnet/train/violent/fear_00240.npy,dataset/data/pose/rwf2000/train/non_violent/m3PZvVSL_0.npy,0,train,non_violent,m3PZvVSL_0
dataset/data/processed/train/non_violent/mE9Cp4na_0/frame_sequence.pt,dataset/data/emotion/balanced-affectnet/train/violent/anger_00482.npy,dataset/data/pose/rwf2000/train/non_violent/mE9Cp4na_0.npy,0,train,non_violent,mE9Cp4na_0
dataset/data/processed/train/non_violent/mHY487R6_0/frame_sequence.pt,dataset/data/emotion/balanced-affectnet/train/violent/fear_00773.npy,dataset/data/pose/rwf2000/train/non_violent/mHY487R6_0.npy,0,train,non_violent,mHY487R6_0
dataset/data/processed/train/non_violent/mRqg-WXiR7Q_0/frame_sequence.pt,dataset/data/emotion/balanced-affectnet/train/violent/anger_00479.npy,dataset/data/pose/rwf2000/train/non_violent/mRqg-WXiR7Q_0.npy,0,train,non_violent,mRqg-WXiR7Q_0
dataset/data/processed/train/non_violent/mVAv7aB5_0/frame_sequence.pt,dataset/data/emotion/balanced-affectnet/train/violent/fear_01200.npy,dataset/data/pose/rwf2000/train/non_violent/mVAv7aB5_0.npy,0,train,non_violent,mVAv7aB5_0
dataset/data/processed/train/non_violent/mX4cQM1xMFc_0/frame_sequence.pt,dataset/data/emotion/balanced-affectnet/train/violent/fear_00858.npy,dataset/data/pose/rwf2000/train/non_violent/mX4cQM1xMFc_0.npy,0,train,non_violent,mX4cQM1xMFc_0
dataset/data/processed/train/non_violent/muJDFQqbbmA_0/frame_sequence.pt,dataset/data/emotion/balanced-affectnet/train/violent/anger_00072.npy,dataset/data/pose/rwf2000/train/non_violent/muJDFQqbbmA_0.npy,0,train,non_violent,muJDFQqbbmA_0
dataset/data/processed/train/non_violent/muJDFQqbbmA_1/frame_sequence.pt,dataset/data/emotion/balanced-affectnet/train/violent/surprise_00777.npy,dataset/data/pose/rwf2000/train/non_violent/muJDFQqbbmA_1.npy,0,train,non_violent,muJDFQqbbmA_1
dataset/data/processed/train/non_violent/mx0UXBFc_0/frame_sequence.pt,dataset/data/emotion/balanced-affectnet/train/violent/anger_00697.npy,dataset/data/pose/rwf2000/train/non_violent/mx0UXBFc_0.npy,0,train,non_violent,mx0UXBFc_0
dataset/data/processed/train/non_violent/ndNHBJbS_0/frame_sequence.pt,dataset/data/emotion/balanced-affectnet/train/violent/fear_00622.npy,dataset/data/pose/rwf2000/train/non_violent/ndNHBJbS_0.npy,0,train,non_violent,ndNHBJbS_0
dataset/data/processed/train/non_violent/niXRLeON_0/frame_sequence.pt,dataset/data/emotion/balanced-affectnet/train/violent/surprise_00450.npy,dataset/data/pose/rwf2000/train/non_violent/niXRLeON_0.npy,0,train,non_violent,niXRLeON_0
dataset/data/processed/train/non_violent/nj9Rc3lY_0/frame_sequence.pt,dataset/data/emotion/balanced-affectnet/train/violent/anger_00749.npy,dataset/data/pose/rwf2000/train/non_violent/nj9Rc3lY_0.npy,0,train,non_violent,nj9Rc3lY_0
dataset/data/processed/train/non_violent/o8sEvktx_0/frame_sequence.pt,dataset/data/emotion/balanced-affectnet/train/violent/anger_00362.npy,dataset/data/pose/rwf2000/train/non_violent/o8sEvktx_0.npy,0,train,non_violent,o8sEvktx_0
dataset/data/processed/train/non_violent/oAeudqZD_0/frame_sequence.pt,dataset/data/emotion/balanced-affectnet/train/violent/fear_00925.npy,dataset/data/pose/rwf2000/train/non_violent/oAeudqZD_0.npy,0,train,non_violent,oAeudqZD_0
dataset/data/processed/train/non_violent/oByKgGBL_0/frame_sequence.pt,dataset/data/emotion/balanced-affectnet/train/violent/surprise_01073.npy,dataset/data/pose/rwf2000/train/non_violent/oByKgGBL_0.npy,0,train,non_violent,oByKgGBL_0
dataset/data/processed/train/non_violent/oDGm-DOOyI4_0/frame_sequence.pt,dataset/data/emotion/balanced-affectnet/train/violent/anger_01290.npy,dataset/data/pose/rwf2000/train/non_violent/oDGm-DOOyI4_0.npy,0,train,non_violent,oDGm-DOOyI4_0
dataset/data/processed/train/non_violent/oDGm-DOOyI4_1/frame_sequence.pt,dataset/data/emotion/balanced-affectnet/train/violent/fear_00279.npy,dataset/data/pose/rwf2000/train/non_violent/oDGm-DOOyI4_1.npy,0,train,non_violent,oDGm-DOOyI4_1
dataset/data/processed/train/non_violent/oDGm-DOOyI4_2/frame_sequence.pt,dataset/data/emotion/balanced-affectnet/train/violent/surprise_00296.npy,dataset/data/pose/rwf2000/train/non_violent/oDGm-DOOyI4_2.npy,0,train,non_violent,oDGm-DOOyI4_2
dataset/data/processed/train/non_violent/oDWNiATJ_0/frame_sequence.pt,dataset/data/emotion/balanced-affectnet/train/violent/surprise_00640.npy,dataset/data/pose/rwf2000/train/non_violent/oDWNiATJ_0.npy,0,train,non_violent,oDWNiATJ_0
dataset/data/processed/train/non_violent/oG3Qxvq0_0/frame_sequence.pt,dataset/data/emotion/balanced-affectnet/train/violent/fear_00561.npy,dataset/data/pose/rwf2000/train/non_violent/oG3Qxvq0_0.npy,0,train,non_violent,oG3Qxvq0_0
dataset/data/processed/train/non_violent/oIEZ45OCmAw_0/frame_sequence.pt,dataset/data/emotion/balanced-affectnet/train/violent/surprise_00436.npy,dataset/data/pose/rwf2000/train/non_violent/oIEZ45OCmAw_0.npy,0,train,non_violent,oIEZ45OCmAw_0
dataset/data/processed/train/non_violent/oLs9ckoV_0/frame_sequence.pt,dataset/data/emotion/balanced-affectnet/train/violent/anger_00390.npy,dataset/data/pose/rwf2000/train/non_violent/oLs9ckoV_0.npy,0,train,non_violent,oLs9ckoV_0
dataset/data/processed/train/non_violent/oMZpqizQ_0/frame_sequence.pt,dataset/data/emotion/balanced-affectnet/train/violent/fear_00233.npy,dataset/data/pose/rwf2000/train/non_violent/oMZpqizQ_0.npy,0,train,non_violent,oMZpqizQ_0
dataset/data/processed/train/non_violent/oUqxGhTe_0/frame_sequence.pt,dataset/data/emotion/balanced-affectnet/train/violent/surprise_00559.npy,dataset/data/pose/rwf2000/train/non_violent/oUqxGhTe_0.npy,0,train,non_violent,oUqxGhTe_0
dataset/data/processed/train/non_violent/oVMhWJIpHnc_0/frame_sequence.pt,dataset/data/emotion/balanced-affectnet/train/violent/fear_01255.npy,dataset/data/pose/rwf2000/train/non_violent/oVMhWJIpHnc_0.npy,0,train,non_violent,oVMhWJIpHnc_0
dataset/data/processed/train/non_violent/oVMhWJIpHnc_1/frame_sequence.pt,dataset/data/emotion/balanced-affectnet/train/violent/fear_00474.npy,dataset/data/pose/rwf2000/train/non_violent/oVMhWJIpHnc_1.npy,0,train,non_violent,oVMhWJIpHnc_1
dataset/data/processed/train/non_violent/oVMhWJIpHnc_2/frame_sequence.pt,dataset/data/emotion/balanced-affectnet/train/violent/fear_00171.npy,dataset/data/pose/rwf2000/train/non_violent/oVMhWJIpHnc_2.npy,0,train,non_violent,oVMhWJIpHnc_2
dataset/data/processed/train/non_violent/oW8ySS0rN4Y_0/frame_sequence.pt,dataset/data/emotion/balanced-affectnet/train/violent/surprise_00320.npy,dataset/data/pose/rwf2000/train/non_violent/oW8ySS0rN4Y_0.npy,0,train,non_violent,oW8ySS0rN4Y_0
dataset/data/processed/train/non_violent/oYFVr2kK_0/frame_sequence.pt,dataset/data/emotion/balanced-affectnet/train/violent/surprise_00781.npy,dataset/data/pose/rwf2000/train/non_violent/oYFVr2kK_0.npy,0,train,non_violent,oYFVr2kK_0
dataset/data/processed/train/non_violent/okA8k7rF_0/frame_sequence.pt,dataset/data/emotion/balanced-affectnet/train/violent/surprise_00981.npy,dataset/data/pose/rwf2000/train/non_violent/okA8k7rF_0.npy,0,train,non_violent,okA8k7rF_0
dataset/data/processed/train/non_violent/on2HIPgB_0/frame_sequence.pt,dataset/data/emotion/balanced-affectnet/train/violent/fear_01025.npy,dataset/data/pose/rwf2000/train/non_violent/on2HIPgB_0.npy,0,train,non_violent,on2HIPgB_0
dataset/data/processed/train/non_violent/p19HiyCX7EQ_0/frame_sequence.pt,dataset/data/emotion/balanced-affectnet/train/violent/fear_01298.npy,dataset/data/pose/rwf2000/train/non_violent/p19HiyCX7EQ_0.npy,0,train,non_violent,p19HiyCX7EQ_0
dataset/data/processed/train/non_violent/p9d6QmKh_0/frame_sequence.pt,dataset/data/emotion/balanced-affectnet/train/violent/anger_00174.npy,dataset/data/pose/rwf2000/train/non_violent/p9d6QmKh_0.npy,0,train,non_violent,p9d6QmKh_0
dataset/data/processed/train/non_violent/pHiqIppg_0/frame_sequence.pt,dataset/data/emotion/balanced-affectnet/train/violent/surprise_00280.npy,dataset/data/pose/rwf2000/train/non_violent/pHiqIppg_0.npy,0,train,non_violent,pHiqIppg_0
dataset/data/processed/train/non_violent/pKOUG5AqLpY_0/frame_sequence.pt,dataset/data/emotion/balanced-affectnet/train/violent/anger_00334.npy,dataset/data/pose/rwf2000/train/non_violent/pKOUG5AqLpY_0.npy,0,train,non_violent,pKOUG5AqLpY_0
dataset/data/processed/train/non_violent/pKOUG5AqLpY_1/frame_sequence.pt,dataset/data/emotion/balanced-affectnet/train/violent/anger_01144.npy,dataset/data/pose/rwf2000/train/non_violent/pKOUG5AqLpY_1.npy,0,train,non_violent,pKOUG5AqLpY_1
dataset/data/processed/train/non_violent/pLb6Zimq_0/frame_sequence.pt,dataset/data/emotion/balanced-affectnet/train/violent/surprise_00352.npy,dataset/data/pose/rwf2000/train/non_violent/pLb6Zimq_0.npy,0,train,non_violent,pLb6Zimq_0
dataset/data/processed/train/non_violent/pU9BTy7h_0/frame_sequence.pt,dataset/data/emotion/balanced-affectnet/train/violent/surprise_00620.npy,dataset/data/pose/rwf2000/train/non_violent/pU9BTy7h_0.npy,0,train,non_violent,pU9BTy7h_0
dataset/data/processed/train/non_violent/pinuwjwm_0/frame_sequence.pt,dataset/data/emotion/balanced-affectnet/train/violent/fear_00033.npy,dataset/data/pose/rwf2000/train/non_violent/pinuwjwm_0.npy,0,train,non_violent,pinuwjwm_0
dataset/data/processed/train/non_violent/pqvGKGz7_0/frame_sequence.pt,dataset/data/emotion/balanced-affectnet/train/violent/anger_01108.npy,dataset/data/pose/rwf2000/train/non_violent/pqvGKGz7_0.npy,0,train,non_violent,pqvGKGz7_0
dataset/data/processed/train/non_violent/pr8yRPMO_0/frame_sequence.pt,dataset/data/emotion/balanced-affectnet/train/violent/surprise_00934.npy,dataset/data/pose/rwf2000/train/non_violent/pr8yRPMO_0.npy,0,train,non_violent,pr8yRPMO_0
dataset/data/processed/train/non_violent/q2yEYFD5_0/frame_sequence.pt,dataset/data/emotion/balanced-affectnet/train/violent/anger_00440.npy,dataset/data/pose/rwf2000/train/non_violent/q2yEYFD5_0.npy,0,train,non_violent,q2yEYFD5_0
dataset/data/processed/train/non_violent/q78eIX56_0/frame_sequence.pt,dataset/data/emotion/balanced-affectnet/train/violent/fear_00759.npy,dataset/data/pose/rwf2000/train/non_violent/q78eIX56_0.npy,0,train,non_violent,q78eIX56_0
dataset/data/processed/train/non_violent/qEeRHumV_0/frame_sequence.pt,dataset/data/emotion/balanced-affectnet/train/violent/anger_00481.npy,dataset/data/pose/rwf2000/train/non_violent/qEeRHumV_0.npy,0,train,non_violent,qEeRHumV_0
dataset/data/processed/train/non_violent/qIRZ4SMf_0/frame_sequence.pt,dataset/data/emotion/balanced-affectnet/train/violent/surprise_01000.npy,dataset/data/pose/rwf2000/train/non_violent/qIRZ4SMf_0.npy,0,train,non_violent,qIRZ4SMf_0
dataset/data/processed/train/non_violent/qmvilMkD57M_0/frame_sequence.pt,dataset/data/emotion/balanced-affectnet/train/violent/surprise_00370.npy,dataset/data/pose/rwf2000/train/non_violent/qmvilMkD57M_0.npy,0,train,non_violent,qmvilMkD57M_0
dataset/data/processed/train/non_violent/qmvilMkD57M_1/frame_sequence.pt,dataset/data/emotion/balanced-affectnet/train/violent/surprise_00725.npy,dataset/data/pose/rwf2000/train/non_violent/qmvilMkD57M_1.npy,0,train,non_violent,qmvilMkD57M_1
dataset/data/processed/train/non_violent/qnpure5G_0/frame_sequence.pt,dataset/data/emotion/balanced-affectnet/train/violent/anger_00494.npy,dataset/data/pose/rwf2000/train/non_violent/qnpure5G_0.npy,0,train,non_violent,qnpure5G_0
dataset/data/processed/train/non_violent/qrBAhb8K_0/frame_sequence.pt,dataset/data/emotion/balanced-affectnet/train/violent/fear_00816.npy,dataset/data/pose/rwf2000/train/non_violent/qrBAhb8K_0.npy,0,train,non_violent,qrBAhb8K_0
dataset/data/processed/train/non_violent/qrWTk-2a13o_0/frame_sequence.pt,dataset/data/emotion/balanced-affectnet/train/violent/anger_00814.npy,dataset/data/pose/rwf2000/train/non_violent/qrWTk-2a13o_0.npy,0,train,non_violent,qrWTk-2a13o_0
dataset/data/processed/train/non_violent/qrWTk-2a13o_1/frame_sequence.pt,dataset/data/emotion/balanced-affectnet/train/violent/surprise_00677.npy,dataset/data/pose/rwf2000/train/non_violent/qrWTk-2a13o_1.npy,0,train,non_violent,qrWTk-2a13o_1
dataset/data/processed/train/non_violent/qrWTk-2a13o_2/frame_sequence.pt,dataset/data/emotion/balanced-affectnet/train/violent/fear_00096.npy,dataset/data/pose/rwf2000/train/non_violent/qrWTk-2a13o_2.npy,0,train,non_violent,qrWTk-2a13o_2
dataset/data/processed/train/non_violent/r8PX3ZJ1_II_0/frame_sequence.pt,dataset/data/emotion/balanced-affectnet/train/violent/anger_00142.npy,dataset/data/pose/rwf2000/train/non_violent/r8PX3ZJ1_II_0.npy,0,train,non_violent,r8PX3ZJ1_II_0
dataset/data/processed/train/non_violent/rRbZUKgk_0/frame_sequence.pt,dataset/data/emotion/balanced-affectnet/train/violent/anger_00225.npy,dataset/data/pose/rwf2000/train/non_violent/rRbZUKgk_0.npy,0,train,non_violent,rRbZUKgk_0
dataset/data/processed/train/non_violent/rSGIFH7n_0/frame_sequence.pt,dataset/data/emotion/balanced-affectnet/train/violent/fear_00226.npy,dataset/data/pose/rwf2000/train/non_violent/rSGIFH7n_0.npy,0,train,non_violent,rSGIFH7n_0
dataset/data/processed/train/non_violent/rSumd9HEmrA_0/frame_sequence.pt,dataset/data/emotion/balanced-affectnet/train/violent/surprise_01189.npy,dataset/data/pose/rwf2000/train/non_violent/rSumd9HEmrA_0.npy,0,train,non_violent,rSumd9HEmrA_0
dataset/data/processed/train/non_violent/rYE6iUUF_0/frame_sequence.pt,dataset/data/emotion/balanced-affectnet/train/violent/anger_00276.npy,dataset/data/pose/rwf2000/train/non_violent/rYE6iUUF_0.npy,0,train,non_violent,rYE6iUUF_0
dataset/data/processed/train/non_violent/rbByyS4o_0/frame_sequence.pt,dataset/data/emotion/balanced-affectnet/train/violent/fear_00071.npy,dataset/data/pose/rwf2000/train/non_violent/rbByyS4o_0.npy,0,train,non_violent,rbByyS4o_0
dataset/data/processed/train/non_violent/rjHXmq47_0/frame_sequence.pt,dataset/data/emotion/balanced-affectnet/train/violent/fear_00391.npy,dataset/data/pose/rwf2000/train/non_violent/rjHXmq47_0.npy,0,train,non_violent,rjHXmq47_0
dataset/data/processed/train/non_violent/rp9hJAQE_0/frame_sequence.pt,dataset/data/emotion/balanced-affectnet/train/violent/fear_00470.npy,dataset/data/pose/rwf2000/train/non_violent/rp9hJAQE_0.npy,0,train,non_violent,rp9hJAQE_0
dataset/data/processed/train/non_violent/s-jW4cyavW0_0/frame_sequence.pt,dataset/data/emotion/balanced-affectnet/train/violent/fear_00756.npy,dataset/data/pose/rwf2000/train/non_violent/s-jW4cyavW0_0.npy,0,train,non_violent,s-jW4cyavW0_0
dataset/data/processed/train/non_violent/s-jW4cyavW0_1/frame_sequence.pt,dataset/data/emotion/balanced-affectnet/train/violent/anger_00719.npy,dataset/data/pose/rwf2000/train/non_violent/s-jW4cyavW0_1.npy,0,train,non_violent,s-jW4cyavW0_1
dataset/data/processed/train/non_violent/s2S2nIWk_0/frame_sequence.pt,dataset/data/emotion/balanced-affectnet/train/violent/anger_01203.npy,dataset/data/pose/rwf2000/train/non_violent/s2S2nIWk_0.npy,0,train,non_violent,s2S2nIWk_0
dataset/data/processed/train/non_violent/s83GiLts_0/frame_sequence.pt,dataset/data/emotion/balanced-affectnet/train/violent/fear_01277.npy,dataset/data/pose/rwf2000/train/non_violent/s83GiLts_0.npy,0,train,non_violent,s83GiLts_0
dataset/data/processed/train/non_violent/sHa6YZW9_0/frame_sequence.pt,dataset/data/emotion/balanced-affectnet/train/violent/fear_00670.npy,dataset/data/pose/rwf2000/train/non_violent/sHa6YZW9_0.npy,0,train,non_violent,sHa6YZW9_0
dataset/data/processed/train/non_violent/sIbVwIO0_0/frame_sequence.pt,dataset/data/emotion/balanced-affectnet/train/violent/surprise_00059.npy,dataset/data/pose/rwf2000/train/non_violent/sIbVwIO0_0.npy,0,train,non_violent,sIbVwIO0_0
dataset/data/processed/train/non_violent/sLOqgf6N_0/frame_sequence.pt,dataset/data/emotion/balanced-affectnet/train/violent/surprise_00635.npy,dataset/data/pose/rwf2000/train/non_violent/sLOqgf6N_0.npy,0,train,non_violent,sLOqgf6N_0
dataset/data/processed/train/non_violent/sPd5Wmkc_0/frame_sequence.pt,dataset/data/emotion/balanced-affectnet/train/violent/surprise_01184.npy,dataset/data/pose/rwf2000/train/non_violent/sPd5Wmkc_0.npy,0,train,non_violent,sPd5Wmkc_0
dataset/data/processed/train/non_violent/sYGIUeBX_0/frame_sequence.pt,dataset/data/emotion/balanced-affectnet/train/violent/anger_00887.npy,dataset/data/pose/rwf2000/train/non_violent/sYGIUeBX_0.npy,0,train,non_violent,sYGIUeBX_0
dataset/data/processed/train/non_violent/skycjZcE_0/frame_sequence.pt,dataset/data/emotion/balanced-affectnet/train/violent/anger_00836.npy,dataset/data/pose/rwf2000/train/non_violent/skycjZcE_0.npy,0,train,non_violent,skycjZcE_0
dataset/data/processed/train/non_violent/snhUvpXC_0/frame_sequence.pt,dataset/data/emotion/balanced-affectnet/train/violent/anger_00865.npy,dataset/data/pose/rwf2000/train/non_violent/snhUvpXC_0.npy,0,train,non_violent,snhUvpXC_0
dataset/data/processed/train/non_violent/sq03O3JL_0/frame_sequence.pt,dataset/data/emotion/balanced-affectnet/train/violent/anger_00391.npy,dataset/data/pose/rwf2000/train/non_violent/sq03O3JL_0.npy,0,train,non_violent,sq03O3JL_0
dataset/data/processed/train/non_violent/sy7BoRGE_0/frame_sequence.pt,dataset/data/emotion/balanced-affectnet/train/violent/surprise_00275.npy,dataset/data/pose/rwf2000/train/non_violent/sy7BoRGE_0.npy,0,train,non_violent,sy7BoRGE_0
dataset/data/processed/train/non_violent/tIHY2ZFQ_0/frame_sequence.pt,dataset/data/emotion/balanced-affectnet/train/violent/fear_00518.npy,dataset/data/pose/rwf2000/train/non_violent/tIHY2ZFQ_0.npy,0,train,non_violent,tIHY2ZFQ_0
dataset/data/processed/train/non_violent/tILABXoHE7s_0/frame_sequence.pt,dataset/data/emotion/balanced-affectnet/train/violent/surprise_00326.npy,dataset/data/pose/rwf2000/train/non_violent/tILABXoHE7s_0.npy,0,train,non_violent,tILABXoHE7s_0
dataset/data/processed/train/non_violent/tILABXoHE7s_1/frame_sequence.pt,dataset/data/emotion/balanced-affectnet/train/violent/surprise_00651.npy,dataset/data/pose/rwf2000/train/non_violent/tILABXoHE7s_1.npy,0,train,non_violent,tILABXoHE7s_1
dataset/data/processed/train/non_violent/tILABXoHE7s_2/frame_sequence.pt,dataset/data/emotion/balanced-affectnet/train/violent/anger_01191.npy,dataset/data/pose/rwf2000/train/non_violent/tILABXoHE7s_2.npy,0,train,non_violent,tILABXoHE7s_2
dataset/data/processed/train/non_violent/tIvvuvuJFYc_0/frame_sequence.pt,dataset/data/emotion/balanced-affectnet/train/violent/fear_01114.npy,dataset/data/pose/rwf2000/train/non_violent/tIvvuvuJFYc_0.npy,0,train,non_violent,tIvvuvuJFYc_0
dataset/data/processed/train/non_violent/tPpXT9VI_0/frame_sequence.pt,dataset/data/emotion/balanced-affectnet/train/violent/surprise_00152.npy,dataset/data/pose/rwf2000/train/non_violent/tPpXT9VI_0.npy,0,train,non_violent,tPpXT9VI_0
dataset/data/processed/train/non_violent/tXk2yvmq_0/frame_sequence.pt,dataset/data/emotion/balanced-affectnet/train/violent/anger_00706.npy,dataset/data/pose/rwf2000/train/non_violent/tXk2yvmq_0.npy,0,train,non_violent,tXk2yvmq_0
dataset/data/processed/train/non_violent/tgkbh2d9_0/frame_sequence.pt,dataset/data/emotion/balanced-affectnet/train/violent/anger_01150.npy,dataset/data/pose/rwf2000/train/non_violent/tgkbh2d9_0.npy,0,train,non_violent,tgkbh2d9_0
dataset/data/processed/train/non_violent/tmm7AxKl_0/frame_sequence.pt,dataset/data/emotion/balanced-affectnet/train/violent/fear_00930.npy,dataset/data/pose/rwf2000/train/non_violent/tmm7AxKl_0.npy,0,train,non_violent,tmm7AxKl_0
dataset/data/processed/train/non_violent/tzdvtHL7Akk_0/frame_sequence.pt,dataset/data/emotion/balanced-affectnet/train/violent/surprise_00437.npy,dataset/data/pose/rwf2000/train/non_violent/tzdvtHL7Akk_0.npy,0,train,non_violent,tzdvtHL7Akk_0
dataset/data/processed/train/non_violent/tzdvtHL7Akk_1/frame_sequence.pt,dataset/data/emotion/balanced-affectnet/train/violent/anger_01261.npy,dataset/data/pose/rwf2000/train/non_violent/tzdvtHL7Akk_1.npy,0,train,non_violent,tzdvtHL7Akk_1
dataset/data/processed/train/non_violent/uAKRFGFR_0/frame_sequence.pt,dataset/data/emotion/balanced-affectnet/train/violent/fear_00922.npy,dataset/data/pose/rwf2000/train/non_violent/uAKRFGFR_0.npy,0,train,non_violent,uAKRFGFR_0
dataset/data/processed/train/non_violent/uEzFjs3X_0/frame_sequence.pt,dataset/data/emotion/balanced-affectnet/train/violent/anger_01268.npy,dataset/data/pose/rwf2000/train/non_violent/uEzFjs3X_0.npy,0,train,non_violent,uEzFjs3X_0
dataset/data/processed/train/non_violent/uLGOlxvv_0/frame_sequence.pt,dataset/data/emotion/balanced-affectnet/train/violent/surprise_00582.npy,dataset/data/pose/rwf2000/train/non_violent/uLGOlxvv_0.npy,0,train,non_violent,uLGOlxvv_0
dataset/data/processed/train/non_violent/uNtsEcFR_0/frame_sequence.pt,dataset/data/emotion/balanced-affectnet/train/violent/anger_00044.npy,dataset/data/pose/rwf2000/train/non_violent/uNtsEcFR_0.npy,0,train,non_violent,uNtsEcFR_0
dataset/data/processed/train/non_violent/uWH7kvNG_0/frame_sequence.pt,dataset/data/emotion/balanced-affectnet/train/violent/fear_00958.npy,dataset/data/pose/rwf2000/train/non_violent/uWH7kvNG_0.npy,0,train,non_violent,uWH7kvNG_0
dataset/data/processed/train/non_violent/uWQG2hQT_0/frame_sequence.pt,dataset/data/emotion/balanced-affectnet/train/violent/fear_00056.npy,dataset/data/pose/rwf2000/train/non_violent/uWQG2hQT_0.npy,0,train,non_violent,uWQG2hQT_0
dataset/data/processed/train/non_violent/uXf4C-YwbtM_0/frame_sequence.pt,dataset/data/emotion/balanced-affectnet/train/violent/surprise_00641.npy,dataset/data/pose/rwf2000/train/non_violent/uXf4C-YwbtM_0.npy,0,train,non_violent,uXf4C-YwbtM_0
dataset/data/processed/train/non_violent/uXf4C-YwbtM_1/frame_sequence.pt,dataset/data/emotion/balanced-affectnet/train/violent/fear_01375.npy,dataset/data/pose/rwf2000/train/non_violent/uXf4C-YwbtM_1.npy,0,train,non_violent,uXf4C-YwbtM_1
dataset/data/processed/train/non_violent/ug2tQMG8DC0_0/frame_sequence.pt,dataset/data/emotion/balanced-affectnet/train/violent/anger_00783.npy,dataset/data/pose/rwf2000/train/non_violent/ug2tQMG8DC0_0.npy,0,train,non_violent,ug2tQMG8DC0_0
dataset/data/processed/train/non_violent/uhTalZ00_0/frame_sequence.pt,dataset/data/emotion/balanced-affectnet/train/violent/anger_00365.npy,dataset/data/pose/rwf2000/train/non_violent/uhTalZ00_0.npy,0,train,non_violent,uhTalZ00_0
dataset/data/processed/train/non_violent/umOs1WLBkuo_0/frame_sequence.pt,dataset/data/emotion/balanced-affectnet/train/violent/fear_00842.npy,dataset/data/pose/rwf2000/train/non_violent/umOs1WLBkuo_0.npy,0,train,non_violent,umOs1WLBkuo_0
dataset/data/processed/train/non_violent/umOs1WLBkuo_1/frame_sequence.pt,dataset/data/emotion/balanced-affectnet/train/violent/fear_00350.npy,dataset/data/pose/rwf2000/train/non_violent/umOs1WLBkuo_1.npy,0,train,non_violent,umOs1WLBkuo_1
dataset/data/processed/train/non_violent/umOs1WLBkuo_2/frame_sequence.pt,dataset/data/emotion/balanced-affectnet/train/violent/surprise_00187.npy,dataset/data/pose/rwf2000/train/non_violent/umOs1WLBkuo_2.npy,0,train,non_violent,umOs1WLBkuo_2
dataset/data/processed/train/non_violent/uu3SB2L1_0/frame_sequence.pt,dataset/data/emotion/balanced-affectnet/train/violent/fear_00119.npy,dataset/data/pose/rwf2000/train/non_violent/uu3SB2L1_0.npy,0,train,non_violent,uu3SB2L1_0
dataset/data/processed/train/non_violent/uyeWsodv_0/frame_sequence.pt,dataset/data/emotion/balanced-affectnet/train/violent/surprise_00459.npy,dataset/data/pose/rwf2000/train/non_violent/uyeWsodv_0.npy,0,train,non_violent,uyeWsodv_0
dataset/data/processed/train/non_violent/uz4dXoN5_0/frame_sequence.pt,dataset/data/emotion/balanced-affectnet/train/violent/fear_00748.npy,dataset/data/pose/rwf2000/train/non_violent/uz4dXoN5_0.npy,0,train,non_violent,uz4dXoN5_0
dataset/data/processed/train/non_violent/v0wUQPs4_0/frame_sequence.pt,dataset/data/emotion/balanced-affectnet/train/violent/surprise_00719.npy,dataset/data/pose/rwf2000/train/non_violent/v0wUQPs4_0.npy,0,train,non_violent,v0wUQPs4_0
dataset/data/processed/train/non_violent/v8cACThQ_0/frame_sequence.pt,dataset/data/emotion/balanced-affectnet/train/violent/anger_01245.npy,dataset/data/pose/rwf2000/train/non_violent/v8cACThQ_0.npy,0,train,non_violent,v8cACThQ_0
dataset/data/processed/train/non_violent/vBwKQfJYG1Q_0/frame_sequence.pt,dataset/data/emotion/balanced-affectnet/train/violent/fear_00920.npy,dataset/data/pose/rwf2000/train/non_violent/vBwKQfJYG1Q_0.npy,0,train,non_violent,vBwKQfJYG1Q_0
dataset/data/processed/train/non_violent/vBwKQfJYG1Q_1/frame_sequence.pt,dataset/data/emotion/balanced-affectnet/train/violent/fear_00135.npy,dataset/data/pose/rwf2000/train/non_violent/vBwKQfJYG1Q_1.npy,0,train,non_violent,vBwKQfJYG1Q_1
dataset/data/processed/train/non_violent/vCO6CZNt_0/frame_sequence.pt,dataset/data/emotion/balanced-affectnet/train/violent/anger_00987.npy,dataset/data/pose/rwf2000/train/non_violent/vCO6CZNt_0.npy,0,train,non_violent,vCO6CZNt_0
dataset/data/processed/train/non_violent/vGCZpdPR_0/frame_sequence.pt,dataset/data/emotion/balanced-affectnet/train/violent/fear_00546.npy,dataset/data/pose/rwf2000/train/non_violent/vGCZpdPR_0.npy,0,train,non_violent,vGCZpdPR_0
dataset/data/processed/train/non_violent/vJDAaUzYOi8_0/frame_sequence.pt,dataset/data/emotion/balanced-affectnet/train/violent/fear_01066.npy,dataset/data/pose/rwf2000/train/non_violent/vJDAaUzYOi8_0.npy,0,train,non_violent,vJDAaUzYOi8_0
dataset/data/processed/train/non_violent/vJDAaUzYOi8_1/frame_sequence.pt,dataset/data/emotion/balanced-affectnet/train/violent/anger_00532.npy,dataset/data/pose/rwf2000/train/non_violent/vJDAaUzYOi8_1.npy,0,train,non_violent,vJDAaUzYOi8_1
dataset/data/processed/train/non_violent/vQKHxtrdEHM_0/frame_sequence.pt,dataset/data/emotion/balanced-affectnet/train/violent/anger_01181.npy,dataset/data/pose/rwf2000/train/non_violent/vQKHxtrdEHM_0.npy,0,train,non_violent,vQKHxtrdEHM_0
dataset/data/processed/train/non_violent/vQKHxtrdEHM_1/frame_sequence.pt,dataset/data/emotion/balanced-affectnet/train/violent/fear_00534.npy,dataset/data/pose/rwf2000/train/non_violent/vQKHxtrdEHM_1.npy,0,train,non_violent,vQKHxtrdEHM_1
dataset/data/processed/train/non_violent/vXvv1gqd_0/frame_sequence.pt,dataset/data/emotion/balanced-affectnet/train/violent/surprise_00128.npy,dataset/data/pose/rwf2000/train/non_violent/vXvv1gqd_0.npy,0,train,non_violent,vXvv1gqd_0
dataset/data/processed/train/non_violent/vnUS5WN7_0/frame_sequence.pt,dataset/data/emotion/balanced-affectnet/train/violent/fear_00419.npy,dataset/data/pose/rwf2000/train/non_violent/vnUS5WN7_0.npy,0,train,non_violent,vnUS5WN7_0
dataset/data/processed/train/non_violent/vu6lIsQm_0/frame_sequence.pt,dataset/data/emotion/balanced-affectnet/train/violent/surprise_00143.npy,dataset/data/pose/rwf2000/train/non_violent/vu6lIsQm_0.npy,0,train,non_violent,vu6lIsQm_0
dataset/data/processed/train/non_violent/vwQvNOlX_0/frame_sequence.pt,dataset/data/emotion/balanced-affectnet/train/violent/fear_00108.npy,dataset/data/pose/rwf2000/train/non_violent/vwQvNOlX_0.npy,0,train,non_violent,vwQvNOlX_0
dataset/data/processed/train/non_violent/wKMXI2vp_0/frame_sequence.pt,dataset/data/emotion/balanced-affectnet/train/violent/surprise_00783.npy,dataset/data/pose/rwf2000/train/non_violent/wKMXI2vp_0.npy,0,train,non_violent,wKMXI2vp_0
dataset/data/processed/train/non_violent/wMgaVgMG_0/frame_sequence.pt,dataset/data/emotion/balanced-affectnet/train/violent/fear_00106.npy,dataset/data/pose/rwf2000/train/non_violent/wMgaVgMG_0.npy,0,train,non_violent,wMgaVgMG_0
dataset/data/processed/train/non_violent/wNTaSOXj_0/frame_sequence.pt,dataset/data/emotion/balanced-affectnet/train/violent/anger_00106.npy,dataset/data/pose/rwf2000/train/non_violent/wNTaSOXj_0.npy,0,train,non_violent,wNTaSOXj_0
dataset/data/processed/train/non_violent/wXHEbfck_0/frame_sequence.pt,dataset/data/emotion/balanced-affectnet/train/violent/surprise_00573.npy,dataset/data/pose/rwf2000/train/non_violent/wXHEbfck_0.npy,0,train,non_violent,wXHEbfck_0
dataset/data/processed/train/non_violent/wY7Om5cW_0/frame_sequence.pt,dataset/data/emotion/balanced-affectnet/train/violent/fear_00618.npy,dataset/data/pose/rwf2000/train/non_violent/wY7Om5cW_0.npy,0,train,non_violent,wY7Om5cW_0
dataset/data/processed/train/non_violent/wgdTpJTo_0/frame_sequence.pt,dataset/data/emotion/balanced-affectnet/train/violent/anger_01385.npy,dataset/data/pose/rwf2000/train/non_violent/wgdTpJTo_0.npy,0,train,non_violent,wgdTpJTo_0
dataset/data/processed/train/non_violent/wk5WCCti_0/frame_sequence.pt,dataset/data/emotion/balanced-affectnet/train/violent/anger_00038.npy,dataset/data/pose/rwf2000/train/non_violent/wk5WCCti_0.npy,0,train,non_violent,wk5WCCti_0
dataset/data/processed/train/non_violent/ww9L6ULb_0/frame_sequence.pt,dataset/data/emotion/balanced-affectnet/train/violent/surprise_00106.npy,dataset/data/pose/rwf2000/train/non_violent/ww9L6ULb_0.npy,0,train,non_violent,ww9L6ULb_0
dataset/data/processed/train/non_violent/x7iljhbM_0/frame_sequence.pt,dataset/data/emotion/balanced-affectnet/train/violent/surprise_00723.npy,dataset/data/pose/rwf2000/train/non_violent/x7iljhbM_0.npy,0,train,non_violent,x7iljhbM_0
dataset/data/processed/train/non_violent/xKq3hlefCUI_0/frame_sequence.pt,dataset/data/emotion/balanced-affectnet/train/violent/surprise_01179.npy,dataset/data/pose/rwf2000/train/non_violent/xKq3hlefCUI_0.npy,0,train,non_violent,xKq3hlefCUI_0
dataset/data/processed/train/non_violent/xQSbcaZp_0/frame_sequence.pt,dataset/data/emotion/balanced-affectnet/train/violent/surprise_01015.npy,dataset/data/pose/rwf2000/train/non_violent/xQSbcaZp_0.npy,0,train,non_violent,xQSbcaZp_0
dataset/data/processed/train/non_violent/xR1o8M5o_0/frame_sequence.pt,dataset/data/emotion/balanced-affectnet/train/violent/anger_00245.npy,dataset/data/pose/rwf2000/train/non_violent/xR1o8M5o_0.npy,0,train,non_violent,xR1o8M5o_0
dataset/data/processed/train/non_violent/xTCvMktQ_0/frame_sequence.pt,dataset/data/emotion/balanced-affectnet/train/violent/surprise_00308.npy,dataset/data/pose/rwf2000/train/non_violent/xTCvMktQ_0.npy,0,train,non_violent,xTCvMktQ_0
dataset/data/processed/train/non_violent/xW8Esfp9_0/frame_sequence.pt,dataset/data/emotion/balanced-affectnet/train/violent/surprise_01020.npy,dataset/data/pose/rwf2000/train/non_violent/xW8Esfp9_0.npy,0,train,non_violent,xW8Esfp9_0
dataset/data/processed/train/non_violent/xWBtjX00_0/frame_sequence.pt,dataset/data/emotion/balanced-affectnet/train/violent/fear_01149.npy,dataset/data/pose/rwf2000/train/non_violent/xWBtjX00_0.npy,0,train,non_violent,xWBtjX00_0
dataset/data/processed/train/non_violent/xYWhwcqL_0/frame_sequence.pt,dataset/data/emotion/balanced-affectnet/train/violent/fear_00062.npy,dataset/data/pose/rwf2000/train/non_violent/xYWhwcqL_0.npy,0,train,non_violent,xYWhwcqL_0
dataset/data/processed/train/non_violent/xtA4owfr_0/frame_sequence.pt,dataset/data/emotion/balanced-affectnet/train/violent/surprise_01174.npy,dataset/data/pose/rwf2000/train/non_violent/xtA4owfr_0.npy,0,train,non_violent,xtA4owfr_0
dataset/data/processed/train/non_violent/xxIkl4Ue_0/frame_sequence.pt,dataset/data/emotion/balanced-affectnet/train/violent/anger_01149.npy,dataset/data/pose/rwf2000/train/non_violent/xxIkl4Ue_0.npy,0,train,non_violent,xxIkl4Ue_0
dataset/data/processed/train/non_violent/y4njAG00_0/frame_sequence.pt,dataset/data/emotion/balanced-affectnet/train/violent/surprise_00315.npy,dataset/data/pose/rwf2000/train/non_violent/y4njAG00_0.npy,0,train,non_violent,y4njAG00_0
dataset/data/processed/train/non_violent/yDKfgkb2_0/frame_sequence.pt,dataset/data/emotion/balanced-affectnet/train/violent/fear_00399.npy,dataset/data/pose/rwf2000/train/non_violent/yDKfgkb2_0.npy,0,train,non_violent,yDKfgkb2_0
dataset/data/processed/train/non_violent/yKxTC4lT_0/frame_sequence.pt,dataset/data/emotion/balanced-affectnet/train/violent/anger_01094.npy,dataset/data/pose/rwf2000/train/non_violent/yKxTC4lT_0.npy,0,train,non_violent,yKxTC4lT_0
dataset/data/processed/train/non_violent/yQWmI4e8_0/frame_sequence.pt,dataset/data/emotion/balanced-affectnet/train/violent/surprise_00483.npy,dataset/data/pose/rwf2000/train/non_violent/yQWmI4e8_0.npy,0,train,non_violent,yQWmI4e8_0
dataset/data/processed/train/non_violent/yWnLtCrM_0/frame_sequence.pt,dataset/data/emotion/balanced-affectnet/train/violent/anger_00949.npy,dataset/data/pose/rwf2000/train/non_violent/yWnLtCrM_0.npy,0,train,non_violent,yWnLtCrM_0
dataset/data/processed/train/non_violent/ycOdxOJt_0/frame_sequence.pt,dataset/data/emotion/balanced-affectnet/train/violent/surprise_00403.npy,dataset/data/pose/rwf2000/train/non_violent/ycOdxOJt_0.npy,0,train,non_violent,ycOdxOJt_0
dataset/data/processed/train/non_violent/ykI6keNQ_0/frame_sequence.pt,dataset/data/emotion/balanced-affectnet/train/violent/anger_01259.npy,dataset/data/pose/rwf2000/train/non_violent/ykI6keNQ_0.npy,0,train,non_violent,ykI6keNQ_0
dataset/data/processed/train/non_violent/yldWawWf_0/frame_sequence.pt,dataset/data/emotion/balanced-affectnet/train/violent/surprise_00694.npy,dataset/data/pose/rwf2000/train/non_violent/yldWawWf_0.npy,0,train,non_violent,yldWawWf_0
dataset/data/processed/train/non_violent/ypdSZICv_0/frame_sequence.pt,dataset/data/emotion/balanced-affectnet/train/violent/surprise_01088.npy,dataset/data/pose/rwf2000/train/non_violent/ypdSZICv_0.npy,0,train,non_violent,ypdSZICv_0
dataset/data/processed/train/non_violent/ytjGIK9m_0/frame_sequence.pt,dataset/data/emotion/balanced-affectnet/train/violent/surprise_00916.npy,dataset/data/pose/rwf2000/train/non_violent/ytjGIK9m_0.npy,0,train,non_violent,ytjGIK9m_0
dataset/data/processed/train/non_violent/yvNawsRf_0/frame_sequence.pt,dataset/data/emotion/balanced-affectnet/train/violent/surprise_01149.npy,dataset/data/pose/rwf2000/train/non_violent/yvNawsRf_0.npy,0,train,non_violent,yvNawsRf_0
dataset/data/processed/train/non_violent/zHRkgmIT_0/frame_sequence.pt,dataset/data/emotion/balanced-affectnet/train/violent/surprise_00597.npy,dataset/data/pose/rwf2000/train/non_violent/zHRkgmIT_0.npy,0,train,non_violent,zHRkgmIT_0
dataset/data/processed/train/non_violent/zWrAqXFn_0/frame_sequence.pt,dataset/data/emotion/balanced-affectnet/train/violent/surprise_00712.npy,dataset/data/pose/rwf2000/train/non_violent/zWrAqXFn_0.npy,0,train,non_violent,zWrAqXFn_0
dataset/data/processed/train/non_violent/zZHTBiER_0/frame_sequence.pt,dataset/data/emotion/balanced-affectnet/train/violent/anger_00682.npy,dataset/data/pose/rwf2000/train/non_violent/zZHTBiER_0.npy,0,train,non_violent,zZHTBiER_0
dataset/data/processed/train/non_violent/zbg2jsE4_0/frame_sequence.pt,dataset/data/emotion/balanced-affectnet/train/violent/surprise_00444.npy,dataset/data/pose/rwf2000/train/non_violent/zbg2jsE4_0.npy,0,train,non_violent,zbg2jsE4_0
dataset/data/processed/val/violent/0Ow4cotKOuw_0/frame_sequence.pt,dataset/data/emotion/balanced-affectnet/val/non_violent/happy_00199.npy,dataset/data/pose/rwf2000/val/violent/0Ow4cotKOuw_0.npy,1,val,violent,0Ow4cotKOuw_0
dataset/data/processed/val/violent/0Ow4cotKOuw_1/frame_sequence.pt,dataset/data/emotion/balanced-affectnet/val/non_violent/sad_00028.npy,dataset/data/pose/rwf2000/val/violent/0Ow4cotKOuw_1.npy,1,val,violent,0Ow4cotKOuw_1
dataset/data/processed/val/violent/0Ow4cotKOuw_2/frame_sequence.pt,dataset/data/emotion/balanced-affectnet/val/non_violent/neutral_00367.npy,dataset/data/pose/rwf2000/val/violent/0Ow4cotKOuw_2.npy,1,val,violent,0Ow4cotKOuw_2
dataset/data/processed/val/violent/0Ow4cotKOuw_3/frame_sequence.pt,dataset/data/emotion/balanced-affectnet/val/non_violent/neutral_00406.npy,dataset/data/pose/rwf2000/val/violent/0Ow4cotKOuw_3.npy,1,val,violent,0Ow4cotKOuw_3
dataset/data/processed/val/violent/0Ow4cotKOuw_4/frame_sequence.pt,dataset/data/emotion/balanced-affectnet/val/non_violent/happy_00081.npy,dataset/data/pose/rwf2000/val/violent/0Ow4cotKOuw_4.npy,1,val,violent,0Ow4cotKOuw_4
dataset/data/processed/val/violent/1Kbw1bUw_0/frame_sequence.pt,dataset/data/emotion/balanced-affectnet/val/non_violent/happy_00635.npy,dataset/data/pose/rwf2000/val/violent/1Kbw1bUw_0.npy,1,val,violent,1Kbw1bUw_0
dataset/data/processed/val/violent/1Kbw1bUw_1/frame_sequence.pt,dataset/data/emotion/balanced-affectnet/val/non_violent/neutral_00701.npy,dataset/data/pose/rwf2000/val/violent/1Kbw1bUw_1.npy,1,val,violent,1Kbw1bUw_1
dataset/data/processed/val/violent/1Kbw1bUw_2/frame_sequence.pt,dataset/data/emotion/balanced-affectnet/val/non_violent/happy_00906.npy,dataset/data/pose/rwf2000/val/violent/1Kbw1bUw_2.npy,1,val,violent,1Kbw1bUw_2
dataset/data/processed/val/violent/1Kbw1bUw_3/frame_sequence.pt,dataset/data/emotion/balanced-affectnet/val/non_violent/happy_00069.npy,dataset/data/pose/rwf2000/val/violent/1Kbw1bUw_3.npy,1,val,violent,1Kbw1bUw_3
dataset/data/processed/val/violent/1MVS2QPWbHc_0/frame_sequence.pt,dataset/data/emotion/balanced-affectnet/val/non_violent/neutral_00272.npy,dataset/data/pose/rwf2000/val/violent/1MVS2QPWbHc_0.npy,1,val,violent,1MVS2QPWbHc_0
dataset/data/processed/val/violent/1MVS2QPWbHc_1/frame_sequence.pt,dataset/data/emotion/balanced-affectnet/val/non_violent/happy_00752.npy,dataset/data/pose/rwf2000/val/violent/1MVS2QPWbHc_1.npy,1,val,violent,1MVS2QPWbHc_1
dataset/data/processed/val/violent/1MVS2QPWbHc_2/frame_sequence.pt,dataset/data/emotion/balanced-affectnet/val/non_violent/neutral_00589.npy,dataset/data/pose/rwf2000/val/violent/1MVS2QPWbHc_2.npy,1,val,violent,1MVS2QPWbHc_2
dataset/data/processed/val/violent/1MVS2QPWbHc_3/frame_sequence.pt,dataset/data/emotion/balanced-affectnet/val/non_violent/happy_00273.npy,dataset/data/pose/rwf2000/val/violent/1MVS2QPWbHc_3.npy,1,val,violent,1MVS2QPWbHc_3
dataset/data/processed/val/violent/1MVS2QPWbHc_4/frame_sequence.pt,dataset/data/emotion/balanced-affectnet/val/non_violent/happy_00187.npy,dataset/data/pose/rwf2000/val/violent/1MVS2QPWbHc_4.npy,1,val,violent,1MVS2QPWbHc_4
dataset/data/processed/val/violent/1MVS2QPWbHc_5/frame_sequence.pt,dataset/data/emotion/balanced-affectnet/val/non_violent/sad_00053.npy,dataset/data/pose/rwf2000/val/violent/1MVS2QPWbHc_5.npy,1,val,violent,1MVS2QPWbHc_5
dataset/data/processed/val/violent/39BFeYnbu-I_0/frame_sequence.pt,dataset/data/emotion/balanced-affectnet/val/non_violent/happy_00610.npy,dataset/data/pose/rwf2000/val/violent/39BFeYnbu-I_0.npy,1,val,violent,39BFeYnbu-I_0
dataset/data/processed/val/violent/39BFeYnbu-I_1/frame_sequence.pt,dataset/data/emotion/balanced-affectnet/val/non_violent/happy_00677.npy,dataset/data/pose/rwf2000/val/violent/39BFeYnbu-I_1.npy,1,val,violent,39BFeYnbu-I_1
dataset/data/processed/val/violent/39BFeYnbu-I_2/frame_sequence.pt,dataset/data/emotion/balanced-affectnet/val/non_violent/neutral_00625.npy,dataset/data/pose/rwf2000/val/violent/39BFeYnbu-I_2.npy,1,val,violent,39BFeYnbu-I_2
dataset/data/processed/val/violent/39BFeYnbu-I_3/frame_sequence.pt,dataset/data/emotion/balanced-affectnet/val/non_violent/happy_00860.npy,dataset/data/pose/rwf2000/val/violent/39BFeYnbu-I_3.npy,1,val,violent,39BFeYnbu-I_3
dataset/data/processed/val/violent/39BFeYnbu-I_4/frame_sequence.pt,dataset/data/emotion/balanced-affectnet/val/non_violent/happy_00365.npy,dataset/data/pose/rwf2000/val/violent/39BFeYnbu-I_4.npy,1,val,violent,39BFeYnbu-I_4
dataset/data/processed/val/violent/39BFeYnbu-I_5/frame_sequence.pt,dataset/data/emotion/balanced-affectnet/val/non_violent/happy_00418.npy,dataset/data/pose/rwf2000/val/violent/39BFeYnbu-I_5.npy,1,val,violent,39BFeYnbu-I_5
dataset/data/processed/val/violent/39BFeYnbu-I_6/frame_sequence.pt,dataset/data/emotion/balanced-affectnet/val/non_violent/happy_00276.npy,dataset/data/pose/rwf2000/val/violent/39BFeYnbu-I_6.npy,1,val,violent,39BFeYnbu-I_6
dataset/data/processed/val/violent/39BFeYnbu-I_7/frame_sequence.pt,dataset/data/emotion/balanced-affectnet/val/non_violent/neutral_00711.npy,dataset/data/pose/rwf2000/val/violent/39BFeYnbu-I_7.npy,1,val,violent,39BFeYnbu-I_7
dataset/data/processed/val/violent/39BFeYnbu-I_8/frame_sequence.pt,dataset/data/emotion/balanced-affectnet/val/non_violent/neutral_00199.npy,dataset/data/pose/rwf2000/val/violent/39BFeYnbu-I_8.npy,1,val,violent,39BFeYnbu-I_8
dataset/data/processed/val/violent/48J5lk4QcpE_0/frame_sequence.pt,dataset/data/emotion/balanced-affectnet/val/non_violent/neutral_00897.npy,dataset/data/pose/rwf2000/val/violent/48J5lk4QcpE_0.npy,1,val,violent,48J5lk4QcpE_0
dataset/data/processed/val/violent/48J5lk4QcpE_1/frame_sequence.pt,dataset/data/emotion/balanced-affectnet/val/non_violent/happy_00762.npy,dataset/data/pose/rwf2000/val/violent/48J5lk4QcpE_1.npy,1,val,violent,48J5lk4QcpE_1
dataset/data/processed/val/violent/48J5lk4QcpE_2/frame_sequence.pt,dataset/data/emotion/balanced-affectnet/val/non_violent/neutral_00183.npy,dataset/data/pose/rwf2000/val/violent/48J5lk4QcpE_2.npy,1,val,violent,48J5lk4QcpE_2
dataset/data/processed/val/violent/48J5lk4QcpE_3/frame_sequence.pt,dataset/data/emotion/balanced-affectnet/val/non_violent/neutral_00123.npy,dataset/data/pose/rwf2000/val/violent/48J5lk4QcpE_3.npy,1,val,violent,48J5lk4QcpE_3
dataset/data/processed/val/violent/6Rl7q_kXYbg_0/frame_sequence.pt,dataset/data/emotion/balanced-affectnet/val/non_violent/sad_00075.npy,dataset/data/pose/rwf2000/val/violent/6Rl7q_kXYbg_0.npy,1,val,violent,6Rl7q_kXYbg_0
dataset/data/processed/val/violent/6Rl7q_kXYbg_1/frame_sequence.pt,dataset/data/emotion/balanced-affectnet/val/non_violent/happy_00567.npy,dataset/data/pose/rwf2000/val/violent/6Rl7q_kXYbg_1.npy,1,val,violent,6Rl7q_kXYbg_1
dataset/data/processed/val/violent/6Rl7q_kXYbg_2/frame_sequence.pt,dataset/data/emotion/balanced-affectnet/val/non_violent/neutral_00807.npy,dataset/data/pose/rwf2000/val/violent/6Rl7q_kXYbg_2.npy,1,val,violent,6Rl7q_kXYbg_2
dataset/data/processed/val/violent/6Rl7q_kXYbg_3/frame_sequence.pt,dataset/data/emotion/balanced-affectnet/val/non_violent/happy_00343.npy,dataset/data/pose/rwf2000/val/violent/6Rl7q_kXYbg_3.npy,1,val,violent,6Rl7q_kXYbg_3
dataset/data/processed/val/violent/6Rl7q_kXYbg_4/frame_sequence.pt,dataset/data/emotion/balanced-affectnet/val/non_violent/happy_00536.npy,dataset/data/pose/rwf2000/val/violent/6Rl7q_kXYbg_4.npy,1,val,violent,6Rl7q_kXYbg_4
dataset/data/processed/val/violent/6Rl7q_kXYbg_5/frame_sequence.pt,dataset/data/emotion/balanced-affectnet/val/non_violent/neutral_00797.npy,dataset/data/pose/rwf2000/val/violent/6Rl7q_kXYbg_5.npy,1,val,violent,6Rl7q_kXYbg_5
dataset/data/processed/val/violent/7gLKFV5voOg_0/frame_sequence.pt,dataset/data/emotion/balanced-affectnet/val/non_violent/neutral_00085.npy,dataset/data/pose/rwf2000/val/violent/7gLKFV5voOg_0.npy,1,val,violent,7gLKFV5voOg_0
dataset/data/processed/val/violent/7gLKFV5voOg_1/frame_sequence.pt,dataset/data/emotion/balanced-affectnet/val/non_violent/neutral_00761.npy,dataset/data/pose/rwf2000/val/violent/7gLKFV5voOg_1.npy,1,val,violent,7gLKFV5voOg_1
dataset/data/processed/val/violent/83d-16REC40_0/frame_sequence.pt,dataset/data/emotion/balanced-affectnet/val/non_violent/happy_00617.npy,dataset/data/pose/rwf2000/val/violent/83d-16REC40_0.npy,1,val,violent,83d-16REC40_0
dataset/data/processed/val/violent/83d-16REC40_1/frame_sequence.pt,dataset/data/emotion/balanced-affectnet/val/non_violent/neutral_00637.npy,dataset/data/pose/rwf2000/val/violent/83d-16REC40_1.npy,1,val,violent,83d-16REC40_1
dataset/data/processed/val/violent/A7FCl8G35Cs_0/frame_sequence.pt,dataset/data/emotion/balanced-affectnet/val/non_violent/neutral_00898.npy,dataset/data/pose/rwf2000/val/violent/A7FCl8G35Cs_0.npy,1,val,violent,A7FCl8G35Cs_0
dataset/data/processed/val/violent/A7FCl8G35Cs_1/frame_sequence.pt,dataset/data/emotion/balanced-affectnet/val/non_violent/happy_00709.npy,dataset/data/pose/rwf2000/val/violent/A7FCl8G35Cs_1.npy,1,val,violent,A7FCl8G35Cs_1
dataset/data/processed/val/violent/ASGGSDG_183/frame_sequence.pt,dataset/data/emotion/balanced-affectnet/val/non_violent/neutral_00760.npy,dataset/data/pose/rwf2000/val/violent/ASGGSDG_183.npy,1,val,violent,ASGGSDG_183
dataset/data/processed/val/violent/EFv961C5RgY_0/frame_sequence.pt,dataset/data/emotion/balanced-affectnet/val/non_violent/happy_00240.npy,dataset/data/pose/rwf2000/val/violent/EFv961C5RgY_0.npy,1,val,violent,EFv961C5RgY_0
dataset/data/processed/val/violent/EFv961C5RgY_1/frame_sequence.pt,dataset/data/emotion/balanced-affectnet/val/non_violent/neutral_00061.npy,dataset/data/pose/rwf2000/val/violent/EFv961C5RgY_1.npy,1,val,violent,EFv961C5RgY_1
dataset/data/processed/val/violent/FXC43fACfPc_0/frame_sequence.pt,dataset/data/emotion/balanced-affectnet/val/non_violent/happy_00157.npy,dataset/data/pose/rwf2000/val/violent/FXC43fACfPc_0.npy,1,val,violent,FXC43fACfPc_0
dataset/data/processed/val/violent/FXC43fACfPc_1/frame_sequence.pt,dataset/data/emotion/balanced-affectnet/val/non_violent/happy_00297.npy,dataset/data/pose/rwf2000/val/violent/FXC43fACfPc_1.npy,1,val,violent,FXC43fACfPc_1
dataset/data/processed/val/violent/FXC43fACfPc_2/frame_sequence.pt,dataset/data/emotion/balanced-affectnet/val/non_violent/neutral_00659.npy,dataset/data/pose/rwf2000/val/violent/FXC43fACfPc_2.npy,1,val,violent,FXC43fACfPc_2
dataset/data/processed/val/violent/FXC43fACfPc_3/frame_sequence.pt,dataset/data/emotion/balanced-affectnet/val/non_violent/happy_00475.npy,dataset/data/pose/rwf2000/val/violent/FXC43fACfPc_3.npy,1,val,violent,FXC43fACfPc_3
dataset/data/processed/val/violent/I-QiUMPTWNE_0/frame_sequence.pt,dataset/data/emotion/balanced-affectnet/val/non_violent/neutral_00884.npy,dataset/data/pose/rwf2000/val/violent/I-QiUMPTWNE_0.npy,1,val,violent,I-QiUMPTWNE_0
dataset/data/processed/val/violent/I-QiUMPTWNE_1/frame_sequence.pt,dataset/data/emotion/balanced-affectnet/val/non_violent/neutral_00498.npy,dataset/data/pose/rwf2000/val/violent/I-QiUMPTWNE_1.npy,1,val,violent,I-QiUMPTWNE_1
dataset/data/processed/val/violent/I-QiUMPTWNE_2/frame_sequence.pt,dataset/data/emotion/balanced-affectnet/val/non_violent/neutral_00598.npy,dataset/data/pose/rwf2000/val/violent/I-QiUMPTWNE_2.npy,1,val,violent,I-QiUMPTWNE_2
dataset/data/processed/val/violent/I-QiUMPTWNE_3/frame_sequence.pt,dataset/data/emotion/balanced-affectnet/val/non_violent/neutral_00494.npy,dataset/data/pose/rwf2000/val/violent/I-QiUMPTWNE_3.npy,1,val,violent,I-QiUMPTWNE_3
dataset/data/processed/val/violent/I-QiUMPTWNE_4/frame_sequence.pt,dataset/data/emotion/balanced-affectnet/val/non_violent/happy_00836.npy,dataset/data/pose/rwf2000/val/violent/I-QiUMPTWNE_4.npy,1,val,violent,I-QiUMPTWNE_4
dataset/data/processed/val/violent/I-QiUMPTWNE_5/frame_sequence.pt,dataset/data/emotion/balanced-affectnet/val/non_violent/neutral_00859.npy,dataset/data/pose/rwf2000/val/violent/I-QiUMPTWNE_5.npy,1,val,violent,I-QiUMPTWNE_5
dataset/data/processed/val/violent/I-QiUMPTWNE_6/frame_sequence.pt,dataset/data/emotion/balanced-affectnet/val/non_violent/neutral_00772.npy,dataset/data/pose/rwf2000/val/violent/I-QiUMPTWNE_6.npy,1,val,violent,I-QiUMPTWNE_6
dataset/data/processed/val/violent/I-QiUMPTWNE_7/frame_sequence.pt,dataset/data/emotion/balanced-affectnet/val/non_violent/neutral_00252.npy,dataset/data/pose/rwf2000/val/violent/I-QiUMPTWNE_7.npy,1,val,violent,I-QiUMPTWNE_7
dataset/data/processed/val/violent/I-QiUMPTWNE_8/frame_sequence.pt,dataset/data/emotion/balanced-affectnet/val/non_violent/happy_00772.npy,dataset/data/pose/rwf2000/val/violent/I-QiUMPTWNE_8.npy,1,val,violent,I-QiUMPTWNE_8
dataset/data/processed/val/violent/JECBfnp2ZXc_0/frame_sequence.pt,dataset/data/emotion/balanced-affectnet/val/non_violent/happy_00189.npy,dataset/data/pose/rwf2000/val/violent/JECBfnp2ZXc_0.npy,1,val,violent,JECBfnp2ZXc_0
dataset/data/processed/val/violent/JECBfnp2ZXc_1/frame_sequence.pt,dataset/data/emotion/balanced-affectnet/val/non_violent/neutral_00745.npy,dataset/data/pose/rwf2000/val/violent/JECBfnp2ZXc_1.npy,1,val,violent,JECBfnp2ZXc_1
dataset/data/processed/val/violent/JECBfnp2ZXc_2/frame_sequence.pt,dataset/data/emotion/balanced-affectnet/val/non_violent/happy_00833.npy,dataset/data/pose/rwf2000/val/violent/JECBfnp2ZXc_2.npy,1,val,violent,JECBfnp2ZXc_2
dataset/data/processed/val/violent/JECBfnp2ZXc_3/frame_sequence.pt,dataset/data/emotion/balanced-affectnet/val/non_violent/happy_00029.npy,dataset/data/pose/rwf2000/val/violent/JECBfnp2ZXc_3.npy,1,val,violent,JECBfnp2ZXc_3
dataset/data/processed/val/violent/JECBfnp2ZXc_4/frame_sequence.pt,dataset/data/emotion/balanced-affectnet/val/non_violent/happy_00558.npy,dataset/data/pose/rwf2000/val/violent/JECBfnp2ZXc_4.npy,1,val,violent,JECBfnp2ZXc_4
dataset/data/processed/val/violent/JECBfnp2ZXc_5/frame_sequence.pt,dataset/data/emotion/balanced-affectnet/val/non_violent/neutral_00214.npy,dataset/data/pose/rwf2000/val/violent/JECBfnp2ZXc_5.npy,1,val,violent,JECBfnp2ZXc_5
dataset/data/processed/val/violent/JECBfnp2ZXc_6/frame_sequence.pt,dataset/data/emotion/balanced-affectnet/val/non_violent/happy_00262.npy,dataset/data/pose/rwf2000/val/violent/JECBfnp2ZXc_6.npy,1,val,violent,JECBfnp2ZXc_6
dataset/data/processed/val/violent/MxkTo5F-nvU_0/frame_sequence.pt,dataset/data/emotion/balanced-affectnet/val/non_violent/neutral_00043.npy,dataset/data/pose/rwf2000/val/violent/MxkTo5F-nvU_0.npy,1,val,violent,MxkTo5F-nvU_0
dataset/data/processed/val/violent/MxkTo5F-nvU_1/frame_sequence.pt,dataset/data/emotion/balanced-affectnet/val/non_violent/happy_00782.npy,dataset/data/pose/rwf2000/val/violent/MxkTo5F-nvU_1.npy,1,val,violent,MxkTo5F-nvU_1
dataset/data/processed/val/violent/MxkTo5F-nvU_2/frame_sequence.pt,dataset/data/emotion/balanced-affectnet/val/non_violent/neutral_00503.npy,dataset/data/pose/rwf2000/val/violent/MxkTo5F-nvU_2.npy,1,val,violent,MxkTo5F-nvU_2
dataset/data/processed/val/violent/MxkTo5F-nvU_3/frame_sequence.pt,dataset/data/emotion/balanced-affectnet/val/non_violent/neutral_00665.npy,dataset/data/pose/rwf2000/val/violent/MxkTo5F-nvU_3.npy,1,val,violent,MxkTo5F-nvU_3
dataset/data/processed/val/violent/MxkTo5F-nvU_4/frame_sequence.pt,dataset/data/emotion/balanced-affectnet/val/non_violent/neutral_00502.npy,dataset/data/pose/rwf2000/val/violent/MxkTo5F-nvU_4.npy,1,val,violent,MxkTo5F-nvU_4
dataset/data/processed/val/violent/OvDMIkTb4XU_0/frame_sequence.pt,dataset/data/emotion/balanced-affectnet/val/non_violent/happy_00554.npy,dataset/data/pose/rwf2000/val/violent/OvDMIkTb4XU_0.npy,1,val,violent,OvDMIkTb4XU_0
dataset/data/processed/val/violent/OvDMIkTb4XU_1/frame_sequence.pt,dataset/data/emotion/balanced-affectnet/val/non_violent/neutral_00320.npy,dataset/data/pose/rwf2000/val/violent/OvDMIkTb4XU_1.npy,1,val,violent,OvDMIkTb4XU_1
dataset/data/processed/val/violent/OvDMIkTb4XU_2/frame_sequence.pt,dataset/data/emotion/balanced-affectnet/val/non_violent/happy_00810.npy,dataset/data/pose/rwf2000/val/violent/OvDMIkTb4XU_2.npy,1,val,violent,OvDMIkTb4XU_2
dataset/data/processed/val/violent/OvDMIkTb4XU_3/frame_sequence.pt,dataset/data/emotion/balanced-affectnet/val/non_violent/neutral_00829.npy,dataset/data/pose/rwf2000/val/violent/OvDMIkTb4XU_3.npy,1,val,violent,OvDMIkTb4XU_3
dataset/data/processed/val/violent/OvDMIkTb4XU_4/frame_sequence.pt,dataset/data/emotion/balanced-affectnet/val/non_violent/neutral_00434.npy,dataset/data/pose/rwf2000/val/violent/OvDMIkTb4XU_4.npy,1,val,violent,OvDMIkTb4XU_4
dataset/data/processed/val/violent/Q0v2MB0b_0/frame_sequence.pt,dataset/data/emotion/balanced-affectnet/val/non_violent/happy_00790.npy,dataset/data/pose/rwf2000/val/violent/Q0v2MB0b_0.npy,1,val,violent,Q0v2MB0b_0
dataset/data/processed/val/violent/Qj3oZsaqNGE_0/frame_sequence.pt,dataset/data/emotion/balanced-affectnet/val/non_violent/happy_00229.npy,dataset/data/pose/rwf2000/val/violent/Qj3oZsaqNGE_0.npy,1,val,violent,Qj3oZsaqNGE_0
dataset/data/processed/val/violent/Qj3oZsaqNGE_1/frame_sequence.pt,dataset/data/emotion/balanced-affectnet/val/non_violent/neutral_00516.npy,dataset/data/pose/rwf2000/val/violent/Qj3oZsaqNGE_1.npy,1,val,violent,Qj3oZsaqNGE_1
dataset/data/processed/val/violent/Qtcwz_K2Gvo_0/frame_sequence.pt,dataset/data/emotion/balanced-affectnet/val/non_violent/happy_00496.npy,dataset/data/pose/rwf2000/val/violent/Qtcwz_K2Gvo_0.npy,1,val,violent,Qtcwz_K2Gvo_0
dataset/data/processed/val/violent/Qtcwz_K2Gvo_1/frame_sequence.pt,dataset/data/emotion/balanced-affectnet/val/non_violent/neutral_00086.npy,dataset/data/pose/rwf2000/val/violent/Qtcwz_K2Gvo_1.npy,1,val,violent,Qtcwz_K2Gvo_1
dataset/data/processed/val/violent/RETYTDF_523/frame_sequence.pt,dataset/data/emotion/balanced-affectnet/val/non_violent/happy_00053.npy,dataset/data/pose/rwf2000/val/violent/RETYTDF_523.npy,1,val,violent,RETYTDF_523
dataset/data/processed/val/violent/RETYTDF_524/frame_sequence.pt,dataset/data/emotion/balanced-affectnet/val/non_violent/neutral_00399.npy,dataset/data/pose/rwf2000/val/violent/RETYTDF_524.npy,1,val,violent,RETYTDF_524
dataset/data/processed/val/violent/RIXaF_TkLlU_0/frame_sequence.pt,dataset/data/emotion/balanced-affectnet/val/non_violent/sad_00066.npy,dataset/data/pose/rwf2000/val/violent/RIXaF_TkLlU_0.npy,1,val,violent,RIXaF_TkLlU_0
dataset/data/processed/val/violent/RIXaF_TkLlU_1/frame_sequence.pt,dataset/data/emotion/balanced-affectnet/val/non_violent/neutral_00278.npy,dataset/data/pose/rwf2000/val/violent/RIXaF_TkLlU_1.npy,1,val,violent,RIXaF_TkLlU_1
dataset/data/processed/val/violent/RIXaF_TkLlU_2/frame_sequence.pt,dataset/data/emotion/balanced-affectnet/val/non_violent/happy_00699.npy,dataset/data/pose/rwf2000/val/violent/RIXaF_TkLlU_2.npy,1,val,violent,RIXaF_TkLlU_2
dataset/data/processed/val/violent/RIXaF_TkLlU_3/frame_sequence.pt,dataset/data/emotion/balanced-affectnet/val/non_violent/neutral_00382.npy,dataset/data/pose/rwf2000/val/violent/RIXaF_TkLlU_3.npy,1,val,violent,RIXaF_TkLlU_3
dataset/data/processed/val/violent/RIXaF_TkLlU_4/frame_sequence.pt,dataset/data/emotion/balanced-affectnet/val/non_violent/happy_00471.npy,dataset/data/pose/rwf2000/val/violent/RIXaF_TkLlU_4.npy,1,val,violent,RIXaF_TkLlU_4
dataset/data/processed/val/violent/RIXaF_TkLlU_5/frame_sequence.pt,dataset/data/emotion/balanced-affectnet/val/non_violent/neutral_00464.npy,dataset/data/pose/rwf2000/val/violent/RIXaF_TkLlU_5.npy,1,val,violent,RIXaF_TkLlU_5
dataset/data/processed/val/violent/RTHTRS_697/frame_sequence.pt,dataset/data/emotion/balanced-affectnet/val/non_violent/happy_00134.npy,dataset/data/pose/rwf2000/val/violent/RTHTRS_697.npy,1,val,violent,RTHTRS_697
dataset/data/processed/val/violent/RTHTRS_698/frame_sequence.pt,dataset/data/emotion/balanced-affectnet/val/non_violent/neutral_00440.npy,dataset/data/pose/rwf2000/val/violent/RTHTRS_698.npy,1,val,violent,RTHTRS_698
dataset/data/processed/val/violent/RTHTRS_699/frame_sequence.pt,dataset/data/emotion/balanced-affectnet/val/non_violent/neutral_00848.npy,dataset/data/pose/rwf2000/val/violent/RTHTRS_699.npy,1,val,violent,RTHTRS_699
dataset/data/processed/val/violent/RTHTRS_705/frame_sequence.pt,dataset/data/emotion/balanced-affectnet/val/non_violent/neutral_00074.npy,dataset/data/pose/rwf2000/val/violent/RTHTRS_705.npy,1,val,violent,RTHTRS_705
dataset/data/processed/val/violent/RTHTRS_706/frame_sequence.pt,dataset/data/emotion/balanced-affectnet/val/non_violent/neutral_00582.npy,dataset/data/pose/rwf2000/val/violent/RTHTRS_706.npy,1,val,violent,RTHTRS_706
dataset/data/processed/val/violent/RTHTRS_707/frame_sequence.pt,dataset/data/emotion/balanced-affectnet/val/non_violent/happy_00647.npy,dataset/data/pose/rwf2000/val/violent/RTHTRS_707.npy,1,val,violent,RTHTRS_707
dataset/data/processed/val/violent/RTHTRS_717/frame_sequence.pt,dataset/data/emotion/balanced-affectnet/val/non_violent/neutral_00472.npy,dataset/data/pose/rwf2000/val/violent/RTHTRS_717.npy,1,val,violent,RTHTRS_717
dataset/data/processed/val/violent/RTHTRS_718/frame_sequence.pt,dataset/data/emotion/balanced-affectnet/val/non_violent/happy_00878.npy,dataset/data/pose/rwf2000/val/violent/RTHTRS_718.npy,1,val,violent,RTHTRS_718
dataset/data/processed/val/violent/RTHTRS_719/frame_sequence.pt,dataset/data/emotion/balanced-affectnet/val/non_violent/happy_00250.npy,dataset/data/pose/rwf2000/val/violent/RTHTRS_719.npy,1,val,violent,RTHTRS_719
dataset/data/processed/val/violent/RTHTRS_720/frame_sequence.pt,dataset/data/emotion/balanced-affectnet/val/non_violent/happy_00303.npy,dataset/data/pose/rwf2000/val/violent/RTHTRS_720.npy,1,val,violent,RTHTRS_720
dataset/data/processed/val/violent/Ry5c1PbcIa0_0/frame_sequence.pt,dataset/data/emotion/balanced-affectnet/val/non_violent/happy_00097.npy,dataset/data/pose/rwf2000/val/violent/Ry5c1PbcIa0_0.npy,1,val,violent,Ry5c1PbcIa0_0
dataset/data/processed/val/violent/SDFDSSDF_972/frame_sequence.pt,dataset/data/emotion/balanced-affectnet/val/non_violent/happy_00080.npy,dataset/data/pose/rwf2000/val/violent/SDFDSSDF_972.npy,1,val,violent,SDFDSSDF_972
dataset/data/processed/val/violent/SDFDSSDF_973/frame_sequence.pt,dataset/data/emotion/balanced-affectnet/val/non_violent/happy_00657.npy,dataset/data/pose/rwf2000/val/violent/SDFDSSDF_973.npy,1,val,violent,SDFDSSDF_973
dataset/data/processed/val/violent/SDFDSSDF_974/frame_sequence.pt,dataset/data/emotion/balanced-affectnet/val/non_violent/neutral_00143.npy,dataset/data/pose/rwf2000/val/violent/SDFDSSDF_974.npy,1,val,violent,SDFDSSDF_974
dataset/data/processed/val/violent/SDFDSSDF_976/frame_sequence.pt,dataset/data/emotion/balanced-affectnet/val/non_violent/happy_00252.npy,dataset/data/pose/rwf2000/val/violent/SDFDSSDF_976.npy,1,val,violent,SDFDSSDF_976
dataset/data/processed/val/violent/SDFDSSDF_977/frame_sequence.pt,dataset/data/emotion/balanced-affectnet/val/non_violent/happy_00211.npy,dataset/data/pose/rwf2000/val/violent/SDFDSSDF_977.npy,1,val,violent,SDFDSSDF_977
dataset/data/processed/val/violent/SDFDSSDF_978/frame_sequence.pt,dataset/data/emotion/balanced-affectnet/val/non_violent/happy_00508.npy,dataset/data/pose/rwf2000/val/violent/SDFDSSDF_978.npy,1,val,violent,SDFDSSDF_978
dataset/data/processed/val/violent/SJRnWfHAx_E_0/frame_sequence.pt,dataset/data/emotion/balanced-affectnet/val/non_violent/neutral_00242.npy,dataset/data/pose/rwf2000/val/violent/SJRnWfHAx_E_0.npy,1,val,violent,SJRnWfHAx_E_0
dataset/data/processed/val/violent/SJRnWfHAx_E_1/frame_sequence.pt,dataset/data/emotion/balanced-affectnet/val/non_violent/happy_00298.npy,dataset/data/pose/rwf2000/val/violent/SJRnWfHAx_E_1.npy,1,val,violent,SJRnWfHAx_E_1
dataset/data/processed/val/violent/SJRnWfHAx_E_2/frame_sequence.pt,dataset/data/emotion/balanced-affectnet/val/non_violent/happy_00845.npy,dataset/data/pose/rwf2000/val/violent/SJRnWfHAx_E_2.npy,1,val,violent,SJRnWfHAx_E_2
dataset/data/processed/val/violent/SJRnWfHAx_E_4/frame_sequence.pt,dataset/data/emotion/balanced-affectnet/val/non_violent/neutral_00065.npy,dataset/data/pose/rwf2000/val/violent/SJRnWfHAx_E_4.npy,1,val,violent,SJRnWfHAx_E_4
dataset/data/processed/val/violent/TYRFDVD_1104/frame_sequence.pt,dataset/data/emotion/balanced-affectnet/val/non_violent/happy_00806.npy,dataset/data/pose/rwf2000/val/violent/TYRFDVD_1104.npy,1,val,violent,TYRFDVD_1104
dataset/data/processed/val/violent/TYRFDVD_1105/frame_sequence.pt,dataset/data/emotion/balanced-affectnet/val/non_violent/neutral_00537.npy,dataset/data/pose/rwf2000/val/violent/TYRFDVD_1105.npy,1,val,violent,TYRFDVD_1105
dataset/data/processed/val/violent/TYRFDVD_1106/frame_sequence.pt,dataset/data/emotion/balanced-affectnet/val/non_violent/neutral_00693.npy,dataset/data/pose/rwf2000/val/violent/TYRFDVD_1106.npy,1,val,violent,TYRFDVD_1106
dataset/data/processed/val/violent/TYRFDVD_1109/frame_sequence.pt,dataset/data/emotion/balanced-affectnet/val/non_violent/neutral_00593.npy,dataset/data/pose/rwf2000/val/violent/TYRFDVD_1109.npy,1,val,violent,TYRFDVD_1109
dataset/data/processed/val/violent/TYRFDVD_1110/frame_sequence.pt,dataset/data/emotion/balanced-affectnet/val/non_violent/neutral_00254.npy,dataset/data/pose/rwf2000/val/violent/TYRFDVD_1110.npy,1,val,violent,TYRFDVD_1110
dataset/data/processed/val/violent/TYRFDVD_1112/frame_sequence.pt,dataset/data/emotion/balanced-affectnet/val/non_violent/happy_00913.npy,dataset/data/pose/rwf2000/val/violent/TYRFDVD_1112.npy,1,val,violent,TYRFDVD_1112
dataset/data/processed/val/violent/TYRFDVD_1113/frame_sequence.pt,dataset/data/emotion/balanced-affectnet/val/non_violent/neutral_00355.npy,dataset/data/pose/rwf2000/val/violent/TYRFDVD_1113.npy,1,val,violent,TYRFDVD_1113
dataset/data/processed/val/violent/Wq0BuA8GM84_0/frame_sequence.pt,dataset/data/emotion/balanced-affectnet/val/non_violent/neutral_00697.npy,dataset/data/pose/rwf2000/val/violent/Wq0BuA8GM84_0.npy,1,val,violent,Wq0BuA8GM84_0
dataset/data/processed/val/violent/XM0NI7ZmwWM_0/frame_sequence.pt,dataset/data/emotion/balanced-affectnet/val/non_violent/neutral_00663.npy,dataset/data/pose/rwf2000/val/violent/XM0NI7ZmwWM_0.npy,1,val,violent,XM0NI7ZmwWM_0
dataset/data/processed/val/violent/XM0NI7ZmwWM_1/frame_sequence.pt,dataset/data/emotion/balanced-affectnet/val/non_violent/happy_00339.npy,dataset/data/pose/rwf2000/val/violent/XM0NI7ZmwWM_1.npy,1,val,violent,XM0NI7ZmwWM_1
dataset/data/processed/val/violent/XM0NI7ZmwWM_2/frame_sequence.pt,dataset/data/emotion/balanced-affectnet/val/non_violent/happy_00904.npy,dataset/data/pose/rwf2000/val/violent/XM0NI7ZmwWM_2.npy,1,val,violent,XM0NI7ZmwWM_2
dataset/data/processed/val/violent/XM0NI7ZmwWM_3/frame_sequence.pt,dataset/data/emotion/balanced-affectnet/val/non_violent/neutral_00509.npy,dataset/data/pose/rwf2000/val/violent/XM0NI7ZmwWM_3.npy,1,val,violent,XM0NI7ZmwWM_3
dataset/data/processed/val/violent/Xcd0v-KhKL4_0/frame_sequence.pt,dataset/data/emotion/balanced-affectnet/val/non_violent/happy_00215.npy,dataset/data/pose/rwf2000/val/violent/Xcd0v-KhKL4_0.npy,1,val,violent,Xcd0v-KhKL4_0
dataset/data/processed/val/violent/YDOJvzChqSg_0/frame_sequence.pt,dataset/data/emotion/balanced-affectnet/val/non_violent/neutral_00904.npy,dataset/data/pose/rwf2000/val/violent/YDOJvzChqSg_0.npy,1,val,violent,YDOJvzChqSg_0
dataset/data/processed/val/violent/YDOJvzChqSg_1/frame_sequence.pt,dataset/data/emotion/balanced-affectnet/val/non_violent/neutral_00149.npy,dataset/data/pose/rwf2000/val/violent/YDOJvzChqSg_1.npy,1,val,violent,YDOJvzChqSg_1
dataset/data/processed/val/violent/YDOJvzChqSg_2/frame_sequence.pt,dataset/data/emotion/balanced-affectnet/val/non_violent/neutral_00422.npy,dataset/data/pose/rwf2000/val/violent/YDOJvzChqSg_2.npy,1,val,violent,YDOJvzChqSg_2
dataset/data/processed/val/violent/YDOJvzChqSg_3/frame_sequence.pt,dataset/data/emotion/balanced-affectnet/val/non_violent/happy_00891.npy,dataset/data/pose/rwf2000/val/violent/YDOJvzChqSg_3.npy,1,val,violent,YDOJvzChqSg_3
dataset/data/processed/val/violent/YDOJvzChqSg_4/frame_sequence.pt,dataset/data/emotion/balanced-affectnet/val/non_violent/happy_00608.npy,dataset/data/pose/rwf2000/val/violent/YDOJvzChqSg_4.npy,1,val,violent,YDOJvzChqSg_4
dataset/data/processed/val/violent/bW2vHhYbzHM_0/frame_sequence.pt,dataset/data/emotion/balanced-affectnet/val/non_violent/happy_00071.npy,dataset/data/pose/rwf2000/val/violent/bW2vHhYbzHM_0.npy,1,val,violent,bW2vHhYbzHM_0
dataset/data/processed/val/violent/e5Dmmply_0/frame_sequence.pt,dataset/data/emotion/balanced-affectnet/val/non_violent/neutral_00592.npy,dataset/data/pose/rwf2000/val/violent/e5Dmmply_0.npy,1,val,violent,e5Dmmply_0
dataset/data/processed/val/violent/e5Dmmply_1/frame_sequence.pt,dataset/data/emotion/balanced-affectnet/val/non_violent/happy_00811.npy,dataset/data/pose/rwf2000/val/violent/e5Dmmply_1.npy,1,val,violent,e5Dmmply_1
dataset/data/processed/val/violent/e5Dmmply_2/frame_sequence.pt,dataset/data/emotion/balanced-affectnet/val/non_violent/happy_00474.npy,dataset/data/pose/rwf2000/val/violent/e5Dmmply_2.npy,1,val,violent,e5Dmmply_2
dataset/data/processed/val/violent/etyiEs3j8x8_0/frame_sequence.pt,dataset/data/emotion/balanced-affectnet/val/non_violent/neutral_00053.npy,dataset/data/pose/rwf2000/val/violent/etyiEs3j8x8_0.npy,1,val,violent,etyiEs3j8x8_0
dataset/data/processed/val/violent/etyiEs3j8x8_1/frame_sequence.pt,dataset/data/emotion/balanced-affectnet/val/non_violent/neutral_00056.npy,dataset/data/pose/rwf2000/val/violent/etyiEs3j8x8_1.npy,1,val,violent,etyiEs3j8x8_1
dataset/data/processed/val/violent/etyiEs3j8x8_2/frame_sequence.pt,dataset/data/emotion/balanced-affectnet/val/non_violent/happy_00517.npy,dataset/data/pose/rwf2000/val/violent/etyiEs3j8x8_2.npy,1,val,violent,etyiEs3j8x8_2
dataset/data/processed/val/violent/etyiEs3j8x8_3/frame_sequence.pt,dataset/data/emotion/balanced-affectnet/val/non_violent/sad_00058.npy,dataset/data/pose/rwf2000/val/violent/etyiEs3j8x8_3.npy,1,val,violent,etyiEs3j8x8_3
dataset/data/processed/val/violent/etyiEs3j8x8_4/frame_sequence.pt,dataset/data/emotion/balanced-affectnet/val/non_violent/happy_00795.npy,dataset/data/pose/rwf2000/val/violent/etyiEs3j8x8_4.npy,1,val,violent,etyiEs3j8x8_4
dataset/data/processed/val/violent/etyiEs3j8x8_5/frame_sequence.pt,dataset/data/emotion/balanced-affectnet/val/non_violent/happy_00218.npy,dataset/data/pose/rwf2000/val/violent/etyiEs3j8x8_5.npy,1,val,violent,etyiEs3j8x8_5
dataset/data/processed/val/violent/etyiEs3j8x8_8/frame_sequence.pt,dataset/data/emotion/balanced-affectnet/val/non_violent/neutral_00590.npy,dataset/data/pose/rwf2000/val/violent/etyiEs3j8x8_8.npy,1,val,violent,etyiEs3j8x8_8
dataset/data/processed/val/violent/fbtEhNq5a6E_0/frame_sequence.pt,dataset/data/emotion/balanced-affectnet/val/non_violent/happy_00808.npy,dataset/data/pose/rwf2000/val/violent/fbtEhNq5a6E_0.npy,1,val,violent,fbtEhNq5a6E_0
dataset/data/processed/val/violent/g-qjkePEXQA_0/frame_sequence.pt,dataset/data/emotion/balanced-affectnet/val/non_violent/neutral_00282.npy,dataset/data/pose/rwf2000/val/violent/g-qjkePEXQA_0.npy,1,val,violent,g-qjkePEXQA_0
dataset/data/processed/val/violent/g-qjkePEXQA_1/frame_sequence.pt,dataset/data/emotion/balanced-affectnet/val/non_violent/neutral_00501.npy,dataset/data/pose/rwf2000/val/violent/g-qjkePEXQA_1.npy,1,val,violent,g-qjkePEXQA_1
dataset/data/processed/val/violent/g-qjkePEXQA_2/frame_sequence.pt,dataset/data/emotion/balanced-affectnet/val/non_violent/happy_00787.npy,dataset/data/pose/rwf2000/val/violent/g-qjkePEXQA_2.npy,1,val,violent,g-qjkePEXQA_2
dataset/data/processed/val/violent/g-qjkePEXQA_3/frame_sequence.pt,dataset/data/emotion/balanced-affectnet/val/non_violent/happy_00132.npy,dataset/data/pose/rwf2000/val/violent/g-qjkePEXQA_3.npy,1,val,violent,g-qjkePEXQA_3
dataset/data/processed/val/violent/g6jdqkcdgqk_1/frame_sequence.pt,dataset/data/emotion/balanced-affectnet/val/non_violent/happy_00881.npy,dataset/data/pose/rwf2000/val/violent/g6jdqkcdgqk_1.npy,1,val,violent,g6jdqkcdgqk_1
dataset/data/processed/val/violent/g6jdqkcdgqk_2/frame_sequence.pt,dataset/data/emotion/balanced-affectnet/val/non_violent/happy_00606.npy,dataset/data/pose/rwf2000/val/violent/g6jdqkcdgqk_2.npy,1,val,violent,g6jdqkcdgqk_2
dataset/data/processed/val/violent/g6jdqkcdgqk_3/frame_sequence.pt,dataset/data/emotion/balanced-affectnet/val/non_violent/happy_00419.npy,dataset/data/pose/rwf2000/val/violent/g6jdqkcdgqk_3.npy,1,val,violent,g6jdqkcdgqk_3
dataset/data/processed/val/violent/g6jdqkcdgqk_4/frame_sequence.pt,dataset/data/emotion/balanced-affectnet/val/non_violent/happy_00272.npy,dataset/data/pose/rwf2000/val/violent/g6jdqkcdgqk_4.npy,1,val,violent,g6jdqkcdgqk_4
dataset/data/processed/val/violent/g6jdqkcdgqk_5/frame_sequence.pt,dataset/data/emotion/balanced-affectnet/val/non_violent/sad_00055.npy,dataset/data/pose/rwf2000/val/violent/g6jdqkcdgqk_5.npy,1,val,violent,g6jdqkcdgqk_5
dataset/data/processed/val/violent/hytjfg_354/frame_sequence.pt,dataset/data/emotion/balanced-affectnet/val/non_violent/sad_00004.npy,dataset/data/pose/rwf2000/val/violent/hytjfg_354.npy,1,val,violent,hytjfg_354
dataset/data/processed/val/violent/mwuiYEBdkJs_0/frame_sequence.pt,dataset/data/emotion/balanced-affectnet/val/non_violent/neutral_00093.npy,dataset/data/pose/rwf2000/val/violent/mwuiYEBdkJs_0.npy,1,val,violent,mwuiYEBdkJs_0
dataset/data/processed/val/violent/mwuiYEBdkJs_1/frame_sequence.pt,dataset/data/emotion/balanced-affectnet/val/non_violent/happy_00201.npy,dataset/data/pose/rwf2000/val/violent/mwuiYEBdkJs_1.npy,1,val,violent,mwuiYEBdkJs_1
dataset/data/processed/val/violent/mwuiYEBdkJs_2/frame_sequence.pt,dataset/data/emotion/balanced-affectnet/val/non_violent/neutral_00552.npy,dataset/data/pose/rwf2000/val/violent/mwuiYEBdkJs_2.npy,1,val,violent,mwuiYEBdkJs_2
dataset/data/processed/val/violent/mwuiYEBdkJs_3/frame_sequence.pt,dataset/data/emotion/balanced-affectnet/val/non_violent/happy_00468.npy,dataset/data/pose/rwf2000/val/violent/mwuiYEBdkJs_3.npy,1,val,violent,mwuiYEBdkJs_3
dataset/data/processed/val/violent/mwuiYEBdkJs_4/frame_sequence.pt,dataset/data/emotion/balanced-affectnet/val/non_violent/neutral_00507.npy,dataset/data/pose/rwf2000/val/violent/mwuiYEBdkJs_4.npy,1,val,violent,mwuiYEBdkJs_4
dataset/data/processed/val/violent/mwuiYEBdkJs_5/frame_sequence.pt,dataset/data/emotion/balanced-affectnet/val/non_violent/neutral_00499.npy,dataset/data/pose/rwf2000/val/violent/mwuiYEBdkJs_5.npy,1,val,violent,mwuiYEBdkJs_5
dataset/data/processed/val/violent/nVdn1krnTCQ_0/frame_sequence.pt,dataset/data/emotion/balanced-affectnet/val/non_violent/neutral_00404.npy,dataset/data/pose/rwf2000/val/violent/nVdn1krnTCQ_0.npy,1,val,violent,nVdn1krnTCQ_0
dataset/data/processed/val/violent/nVdn1krnTCQ_1/frame_sequence.pt,dataset/data/emotion/balanced-affectnet/val/non_violent/happy_00045.npy,dataset/data/pose/rwf2000/val/violent/nVdn1krnTCQ_1.npy,1,val,violent,nVdn1krnTCQ_1
dataset/data/processed/val/violent/nVdn1krnTCQ_2/frame_sequence.pt,dataset/data/emotion/balanced-affectnet/val/non_violent/happy_00112.npy,dataset/data/pose/rwf2000/val/violent/nVdn1krnTCQ_2.npy,1,val,violent,nVdn1krnTCQ_2
dataset/data/processed/val/violent/nVdn1krnTCQ_3/frame_sequence.pt,dataset/data/emotion/balanced-affectnet/val/non_violent/neutral_00835.npy,dataset/data/pose/rwf2000/val/violent/nVdn1krnTCQ_3.npy,1,val,violent,nVdn1krnTCQ_3
dataset/data/processed/val/violent/nVdn1krnTCQ_4/frame_sequence.pt,dataset/data/emotion/balanced-affectnet/val/non_violent/happy_00740.npy,dataset/data/pose/rwf2000/val/violent/nVdn1krnTCQ_4.npy,1,val,violent,nVdn1krnTCQ_4
dataset/data/processed/val/violent/nVdn1krnTCQ_6/frame_sequence.pt,dataset/data/emotion/balanced-affectnet/val/non_violent/happy_00542.npy,dataset/data/pose/rwf2000/val/violent/nVdn1krnTCQ_6.npy,1,val,violent,nVdn1krnTCQ_6
dataset/data/processed/val/violent/nuf-d5GugL0_0/frame_sequence.pt,dataset/data/emotion/balanced-affectnet/val/non_violent/happy_00285.npy,dataset/data/pose/rwf2000/val/violent/nuf-d5GugL0_0.npy,1,val,violent,nuf-d5GugL0_0
dataset/data/processed/val/violent/nuf-d5GugL0_1/frame_sequence.pt,dataset/data/emotion/balanced-affectnet/val/non_violent/neutral_00839.npy,dataset/data/pose/rwf2000/val/violent/nuf-d5GugL0_1.npy,1,val,violent,nuf-d5GugL0_1
dataset/data/processed/val/violent/nuf-d5GugL0_10/frame_sequence.pt,dataset/data/emotion/balanced-affectnet/val/non_violent/neutral_00339.npy,dataset/data/pose/rwf2000/val/violent/nuf-d5GugL0_10.npy,1,val,violent,nuf-d5GugL0_10
dataset/data/processed/val/violent/nuf-d5GugL0_2/frame_sequence.pt,dataset/data/emotion/balanced-affectnet/val/non_violent/happy_00457.npy,dataset/data/pose/rwf2000/val/violent/nuf-d5GugL0_2.npy,1,val,violent,nuf-d5GugL0_2
dataset/data/processed/val/violent/nuf-d5GugL0_3/frame_sequence.pt,dataset/data/emotion/balanced-affectnet/val/non_violent/happy_00152.npy,dataset/data/pose/rwf2000/val/violent/nuf-d5GugL0_3.npy,1,val,violent,nuf-d5GugL0_3
dataset/data/processed/val/violent/nuf-d5GugL0_4/frame_sequence.pt,dataset/data/emotion/balanced-affectnet/val/non_violent/sad_00035.npy,dataset/data/pose/rwf2000/val/violent/nuf-d5GugL0_4.npy,1,val,violent,nuf-d5GugL0_4
dataset/data/processed/val/violent/nuf-d5GugL0_5/frame_sequence.pt,dataset/data/emotion/balanced-affectnet/val/non_violent/neutral_00794.npy,dataset/data/pose/rwf2000/val/violent/nuf-d5GugL0_5.npy,1,val,violent,nuf-d5GugL0_5
dataset/data/processed/val/violent/nuf-d5GugL0_6/frame_sequence.pt,dataset/data/emotion/balanced-affectnet/val/non_violent/neutral_00319.npy,dataset/data/pose/rwf2000/val/violent/nuf-d5GugL0_6.npy,1,val,violent,nuf-d5GugL0_6
dataset/data/processed/val/violent/nuf-d5GugL0_7/frame_sequence.pt,dataset/data/emotion/balanced-affectnet/val/non_violent/happy_00463.npy,dataset/data/pose/rwf2000/val/violent/nuf-d5GugL0_7.npy,1,val,violent,nuf-d5GugL0_7
dataset/data/processed/val/violent/nuf-d5GugL0_9/frame_sequence.pt,dataset/data/emotion/balanced-affectnet/val/non_violent/neutral_00391.npy,dataset/data/pose/rwf2000/val/violent/nuf-d5GugL0_9.npy,1,val,violent,nuf-d5GugL0_9
dataset/data/processed/val/violent/qaAclucigpY_0/frame_sequence.pt,dataset/data/emotion/balanced-affectnet/val/non_violent/happy_00486.npy,dataset/data/pose/rwf2000/val/violent/qaAclucigpY_0.npy,1,val,violent,qaAclucigpY_0
dataset/data/processed/val/violent/qaAclucigpY_1/frame_sequence.pt,dataset/data/emotion/balanced-affectnet/val/non_violent/sad_00005.npy,dataset/data/pose/rwf2000/val/violent/qaAclucigpY_1.npy,1,val,violent,qaAclucigpY_1
dataset/data/processed/val/violent/qaAclucigpY_2/frame_sequence.pt,dataset/data/emotion/balanced-affectnet/val/non_violent/happy_00525.npy,dataset/data/pose/rwf2000/val/violent/qaAclucigpY_2.npy,1,val,violent,qaAclucigpY_2
dataset/data/processed/val/violent/qaAclucigpY_3/frame_sequence.pt,dataset/data/emotion/balanced-affectnet/val/non_violent/happy_00736.npy,dataset/data/pose/rwf2000/val/violent/qaAclucigpY_3.npy,1,val,violent,qaAclucigpY_3
dataset/data/processed/val/violent/tf_X7GtOGyE_0/frame_sequence.pt,dataset/data/emotion/balanced-affectnet/val/non_violent/neutral_00821.npy,dataset/data/pose/rwf2000/val/violent/tf_X7GtOGyE_0.npy,1,val,violent,tf_X7GtOGyE_0
dataset/data/processed/val/violent/tf_X7GtOGyE_1/frame_sequence.pt,dataset/data/emotion/balanced-affectnet/val/non_violent/happy_00335.npy,dataset/data/pose/rwf2000/val/violent/tf_X7GtOGyE_1.npy,1,val,violent,tf_X7GtOGyE_1
dataset/data/processed/val/violent/tf_X7GtOGyE_2/frame_sequence.pt,dataset/data/emotion/balanced-affectnet/val/non_violent/neutral_00857.npy,dataset/data/pose/rwf2000/val/violent/tf_X7GtOGyE_2.npy,1,val,violent,tf_X7GtOGyE_2
dataset/data/processed/val/violent/tf_X7GtOGyE_3/frame_sequence.pt,dataset/data/emotion/balanced-affectnet/val/non_violent/neutral_00419.npy,dataset/data/pose/rwf2000/val/violent/tf_X7GtOGyE_3.npy,1,val,violent,tf_X7GtOGyE_3
dataset/data/processed/val/violent/trtrhrt_1039/frame_sequence.pt,dataset/data/emotion/balanced-affectnet/val/non_violent/happy_00006.npy,dataset/data/pose/rwf2000/val/violent/trtrhrt_1039.npy,1,val,violent,trtrhrt_1039
dataset/data/processed/val/violent/trtrhrt_1040/frame_sequence.pt,dataset/data/emotion/balanced-affectnet/val/non_violent/happy_00627.npy,dataset/data/pose/rwf2000/val/violent/trtrhrt_1040.npy,1,val,violent,trtrhrt_1040
dataset/data/processed/val/violent/trtrhrt_1048/frame_sequence.pt,dataset/data/emotion/balanced-affectnet/val/non_violent/happy_00330.npy,dataset/data/pose/rwf2000/val/violent/trtrhrt_1048.npy,1,val,violent,trtrhrt_1048
dataset/data/processed/val/violent/trtrhrt_1049/frame_sequence.pt,dataset/data/emotion/balanced-affectnet/val/non_violent/happy_00299.npy,dataset/data/pose/rwf2000/val/violent/trtrhrt_1049.npy,1,val,violent,trtrhrt_1049
dataset/data/processed/val/violent/trtrhrt_1050/frame_sequence.pt,dataset/data/emotion/balanced-affectnet/val/non_violent/neutral_00299.npy,dataset/data/pose/rwf2000/val/violent/trtrhrt_1050.npy,1,val,violent,trtrhrt_1050
dataset/data/processed/val/violent/trtrhrt_1053/frame_sequence.pt,dataset/data/emotion/balanced-affectnet/val/non_violent/happy_00571.npy,dataset/data/pose/rwf2000/val/violent/trtrhrt_1053.npy,1,val,violent,trtrhrt_1053
dataset/data/processed/val/violent/trtrhrt_1054/frame_sequence.pt,dataset/data/emotion/balanced-affectnet/val/non_violent/neutral_00887.npy,dataset/data/pose/rwf2000/val/violent/trtrhrt_1054.npy,1,val,violent,trtrhrt_1054
dataset/data/processed/val/violent/v4dhdnsxiX4_0/frame_sequence.pt,dataset/data/emotion/balanced-affectnet/val/non_violent/happy_00397.npy,dataset/data/pose/rwf2000/val/violent/v4dhdnsxiX4_0.npy,1,val,violent,v4dhdnsxiX4_0
dataset/data/processed/val/violent/v4dhdnsxiX4_1/frame_sequence.pt,dataset/data/emotion/balanced-affectnet/val/non_violent/happy_00249.npy,dataset/data/pose/rwf2000/val/violent/v4dhdnsxiX4_1.npy,1,val,violent,v4dhdnsxiX4_1
dataset/data/processed/val/violent/v4dhdnsxiX4_2/frame_sequence.pt,dataset/data/emotion/balanced-affectnet/val/non_violent/neutral_00577.npy,dataset/data/pose/rwf2000/val/violent/v4dhdnsxiX4_2.npy,1,val,violent,v4dhdnsxiX4_2
dataset/data/processed/val/violent/v4dhdnsxiX4_3/frame_sequence.pt,dataset/data/emotion/balanced-affectnet/val/non_violent/happy_00057.npy,dataset/data/pose/rwf2000/val/violent/v4dhdnsxiX4_3.npy,1,val,violent,v4dhdnsxiX4_3
dataset/data/processed/val/violent/xDjgfhGt-YA_0/frame_sequence.pt,dataset/data/emotion/balanced-affectnet/val/non_violent/happy_00306.npy,dataset/data/pose/rwf2000/val/violent/xDjgfhGt-YA_0.npy,1,val,violent,xDjgfhGt-YA_0
dataset/data/processed/val/violent/y_vX9FtjLaQ_0/frame_sequence.pt,dataset/data/emotion/balanced-affectnet/val/non_violent/happy_00033.npy,dataset/data/pose/rwf2000/val/violent/y_vX9FtjLaQ_0.npy,1,val,violent,y_vX9FtjLaQ_0
dataset/data/processed/val/violent/y_vX9FtjLaQ_1/frame_sequence.pt,dataset/data/emotion/balanced-affectnet/val/non_violent/happy_00821.npy,dataset/data/pose/rwf2000/val/violent/y_vX9FtjLaQ_1.npy,1,val,violent,y_vX9FtjLaQ_1
dataset/data/processed/val/violent/y_vX9FtjLaQ_2/frame_sequence.pt,dataset/data/emotion/balanced-affectnet/val/non_violent/neutral_00875.npy,dataset/data/pose/rwf2000/val/violent/y_vX9FtjLaQ_2.npy,1,val,violent,y_vX9FtjLaQ_2
dataset/data/processed/val/violent/y_vX9FtjLaQ_3/frame_sequence.pt,dataset/data/emotion/balanced-affectnet/val/non_violent/neutral_00872.npy,dataset/data/pose/rwf2000/val/violent/y_vX9FtjLaQ_3.npy,1,val,violent,y_vX9FtjLaQ_3
dataset/data/processed/val/violent/y_vX9FtjLaQ_4/frame_sequence.pt,dataset/data/emotion/balanced-affectnet/val/non_violent/happy_00547.npy,dataset/data/pose/rwf2000/val/violent/y_vX9FtjLaQ_4.npy,1,val,violent,y_vX9FtjLaQ_4
dataset/data/processed/val/violent/y_vX9FtjLaQ_5/frame_sequence.pt,dataset/data/emotion/balanced-affectnet/val/non_violent/neutral_00417.npy,dataset/data/pose/rwf2000/val/violent/y_vX9FtjLaQ_5.npy,1,val,violent,y_vX9FtjLaQ_5
dataset/data/processed/val/violent/y_vX9FtjLaQ_6/frame_sequence.pt,dataset/data/emotion/balanced-affectnet/val/non_violent/happy_00741.npy,dataset/data/pose/rwf2000/val/violent/y_vX9FtjLaQ_6.npy,1,val,violent,y_vX9FtjLaQ_6
dataset/data/processed/val/violent/zOqs7Oh9oDM_0/frame_sequence.pt,dataset/data/emotion/balanced-affectnet/val/non_violent/happy_00036.npy,dataset/data/pose/rwf2000/val/violent/zOqs7Oh9oDM_0.npy,1,val,violent,zOqs7Oh9oDM_0
dataset/data/processed/val/violent/zOqs7Oh9oDM_1/frame_sequence.pt,dataset/data/emotion/balanced-affectnet/val/non_violent/happy_00402.npy,dataset/data/pose/rwf2000/val/violent/zOqs7Oh9oDM_1.npy,1,val,violent,zOqs7Oh9oDM_1
dataset/data/processed/val/violent/zOqs7Oh9oDM_2/frame_sequence.pt,dataset/data/emotion/balanced-affectnet/val/non_violent/happy_00613.npy,dataset/data/pose/rwf2000/val/violent/zOqs7Oh9oDM_2.npy,1,val,violent,zOqs7Oh9oDM_2
dataset/data/processed/val/violent/zOqs7Oh9oDM_3/frame_sequence.pt,dataset/data/emotion/balanced-affectnet/val/non_violent/happy_00121.npy,dataset/data/pose/rwf2000/val/violent/zOqs7Oh9oDM_3.npy,1,val,violent,zOqs7Oh9oDM_3
dataset/data/processed/val/non_violent/10uSOcwS_0/frame_sequence.pt,dataset/data/emotion/balanced-affectnet/val/violent/anger_00130.npy,dataset/data/pose/rwf2000/val/non_violent/10uSOcwS_0.npy,0,val,non_violent,10uSOcwS_0
dataset/data/processed/val/non_violent/1AURh0Wj_0/frame_sequence.pt,dataset/data/emotion/balanced-affectnet/val/violent/surprise_00067.npy,dataset/data/pose/rwf2000/val/non_violent/1AURh0Wj_0.npy,0,val,non_violent,1AURh0Wj_0
dataset/data/processed/val/non_violent/1MVS2QPWbHc_0/frame_sequence.pt,dataset/data/emotion/balanced-affectnet/val/violent/fear_00093.npy,dataset/data/pose/rwf2000/val/non_violent/1MVS2QPWbHc_0.npy,0,val,non_violent,1MVS2QPWbHc_0
dataset/data/processed/val/non_violent/1MVS2QPWbHc_1/frame_sequence.pt,dataset/data/emotion/balanced-affectnet/val/violent/fear_00201.npy,dataset/data/pose/rwf2000/val/non_violent/1MVS2QPWbHc_1.npy,0,val,non_violent,1MVS2QPWbHc_1
dataset/data/processed/val/non_violent/1W8hsVvyKt4_0/frame_sequence.pt,dataset/data/emotion/balanced-affectnet/val/violent/anger_00117.npy,dataset/data/pose/rwf2000/val/non_violent/1W8hsVvyKt4_0.npy,0,val,non_violent,1W8hsVvyKt4_0
dataset/data/processed/val/non_violent/1W8hsVvyKt4_1/frame_sequence.pt,dataset/data/emotion/balanced-affectnet/val/violent/surprise_00075.npy,dataset/data/pose/rwf2000/val/non_violent/1W8hsVvyKt4_1.npy,0,val,non_violent,1W8hsVvyKt4_1
dataset/data/processed/val/non_violent/1W8hsVvyKt4_2/frame_sequence.pt,dataset/data/emotion/balanced-affectnet/val/violent/anger_00066.npy,dataset/data/pose/rwf2000/val/non_violent/1W8hsVvyKt4_2.npy,0,val,non_violent,1W8hsVvyKt4_2
dataset/data/processed/val/non_violent/1W8hsVvyKt4_3/frame_sequence.pt,dataset/data/emotion/balanced-affectnet/val/violent/fear_00152.npy,dataset/data/pose/rwf2000/val/non_violent/1W8hsVvyKt4_3.npy,0,val,non_violent,1W8hsVvyKt4_3
dataset/data/processed/val/non_violent/2lrARl7utL4_0/frame_sequence.pt,dataset/data/emotion/balanced-affectnet/val/violent/fear_00124.npy,dataset/data/pose/rwf2000/val/non_violent/2lrARl7utL4_0.npy,0,val,non_violent,2lrARl7utL4_0
dataset/data/processed/val/non_violent/2lrARl7utL4_1/frame_sequence.pt,dataset/data/emotion/balanced-affectnet/val/violent/surprise_00112.npy,dataset/data/pose/rwf2000/val/non_violent/2lrARl7utL4_1.npy,0,val,non_violent,2lrARl7utL4_1
dataset/data/processed/val/non_violent/2lrARl7utL4_2/frame_sequence.pt,dataset/data/emotion/balanced-affectnet/val/violent/fear_00034.npy,dataset/data/pose/rwf2000/val/non_violent/2lrARl7utL4_2.npy,0,val,non_violent,2lrARl7utL4_2
dataset/data/processed/val/non_violent/2qFnVnnZ_0/frame_sequence.pt,dataset/data/emotion/balanced-affectnet/val/violent/fear_00193.npy,dataset/data/pose/rwf2000/val/non_violent/2qFnVnnZ_0.npy,0,val,non_violent,2qFnVnnZ_0
dataset/data/processed/val/non_violent/32wXo9Dt_0/frame_sequence.pt,dataset/data/emotion/balanced-affectnet/val/violent/fear_00277.npy,dataset/data/pose/rwf2000/val/non_violent/32wXo9Dt_0.npy,0,val,non_violent,32wXo9Dt_0
dataset/data/processed/val/non_violent/39BFeYnbu-I_0/frame_sequence.pt,dataset/data/emotion/balanced-affectnet/val/violent/anger_00113.npy,dataset/data/pose/rwf2000/val/non_violent/39BFeYnbu-I_0.npy,0,val,non_violent,39BFeYnbu-I_0
dataset/data/processed/val/non_violent/4I1DGWsh_0/frame_sequence.pt,dataset/data/emotion/balanced-affectnet/val/violent/fear_00130.npy,dataset/data/pose/rwf2000/val/non_violent/4I1DGWsh_0.npy,0,val,non_violent,4I1DGWsh_0
dataset/data/processed/val/non_violent/4p2iGvo8_0/frame_sequence.pt,dataset/data/emotion/balanced-affectnet/val/violent/fear_00185.npy,dataset/data/pose/rwf2000/val/non_violent/4p2iGvo8_0.npy,0,val,non_violent,4p2iGvo8_0
dataset/data/processed/val/non_violent/66U2c3YMjOI_0/frame_sequence.pt,dataset/data/emotion/balanced-affectnet/val/violent/anger_00231.npy,dataset/data/pose/rwf2000/val/non_violent/66U2c3YMjOI_0.npy,0,val,non_violent,66U2c3YMjOI_0
dataset/data/processed/val/non_violent/66U2c3YMjOI_1/frame_sequence.pt,dataset/data/emotion/balanced-affectnet/val/violent/surprise_00292.npy,dataset/data/pose/rwf2000/val/non_violent/66U2c3YMjOI_1.npy,0,val,non_violent,66U2c3YMjOI_1
dataset/data/processed/val/non_violent/6Rl7q_kXYbg_0/frame_sequence.pt,dataset/data/emotion/balanced-affectnet/val/violent/fear_00304.npy,dataset/data/pose/rwf2000/val/non_violent/6Rl7q_kXYbg_0.npy,0,val,non_violent,6Rl7q_kXYbg_0
dataset/data/processed/val/non_violent/6doZoiaG9PM_0/frame_sequence.pt,dataset/data/emotion/balanced-affectnet/val/violent/anger_00045.npy,dataset/data/pose/rwf2000/val/non_violent/6doZoiaG9PM_0.npy,0,val,non_violent,6doZoiaG9PM_0
dataset/data/processed/val/non_violent/6doZoiaG9PM_1/frame_sequence.pt,dataset/data/emotion/balanced-affectnet/val/violent/surprise_00068.npy,dataset/data/pose/rwf2000/val/non_violent/6doZoiaG9PM_1.npy,0,val,non_violent,6doZoiaG9PM_1
dataset/data/processed/val/non_violent/6doZoiaG9PM_2/frame_sequence.pt,dataset/data/emotion/balanced-affectnet/val/violent/surprise_00129.npy,dataset/data/pose/rwf2000/val/non_violent/6doZoiaG9PM_2.npy,0,val,non_violent,6doZoiaG9PM_2
dataset/data/processed/val/non_violent/6doZoiaG9PM_3/frame_sequence.pt,dataset/data/emotion/balanced-affectnet/val/violent/surprise_00258.npy,dataset/data/pose/rwf2000/val/non_violent/6doZoiaG9PM_3.npy,0,val,non_violent,6doZoiaG9PM_3
dataset/data/processed/val/non_violent/7emxm3za_0/frame_sequence.pt,dataset/data/emotion/balanced-affectnet/val/violent/surprise_00215.npy,dataset/data/pose/rwf2000/val/non_violent/7emxm3za_0.npy,0,val,non_violent,7emxm3za_0
dataset/data/processed/val/non_violent/7gLKFV5voOg_0/frame_sequence.pt,dataset/data/emotion/balanced-affectnet/val/violent/fear_00351.npy,dataset/data/pose/rwf2000/val/non_violent/7gLKFV5voOg_0.npy,0,val,non_violent,7gLKFV5voOg_0
dataset/data/processed/val/non_violent/8SmT9rE9_0/frame_sequence.pt,dataset/data/emotion/balanced-affectnet/val/violent/fear_00208.npy,dataset/data/pose/rwf2000/val/non_violent/8SmT9rE9_0.npy,0,val,non_violent,8SmT9rE9_0
dataset/data/processed/val/non_violent/8m3onRfr_0/frame_sequence.pt,dataset/data/emotion/balanced-affectnet/val/violent/anger_00315.npy,dataset/data/pose/rwf2000/val/non_violent/8m3onRfr_0.npy,0,val,non_violent,8m3onRfr_0
dataset/data/processed/val/non_violent/8s3rES1a_0/frame_sequence.pt,dataset/data/emotion/balanced-affectnet/val/violent/fear_00141.npy,dataset/data/pose/rwf2000/val/non_violent/8s3rES1a_0.npy,0,val,non_violent,8s3rES1a_0
dataset/data/processed/val/non_violent/8tWVjrUW_0/frame_sequence.pt,dataset/data/emotion/balanced-affectnet/val/violent/fear_00338.npy,dataset/data/pose/rwf2000/val/non_violent/8tWVjrUW_0.npy,0,val,non_violent,8tWVjrUW_0
dataset/data/processed/val/non_violent/9JxNZtUK_0/frame_sequence.pt,dataset/data/emotion/balanced-affectnet/val/violent/anger_00032.npy,dataset/data/pose/rwf2000/val/non_violent/9JxNZtUK_0.npy,0,val,non_violent,9JxNZtUK_0
dataset/data/processed/val/non_violent/9kly-mpQczg_0/frame_sequence.pt,dataset/data/emotion/balanced-affectnet/val/violent/anger_00065.npy,dataset/data/pose/rwf2000/val/non_violent/9kly-mpQczg_0.npy,0,val,non_violent,9kly-mpQczg_0
dataset/data/processed/val/non_violent/9kly-mpQczg_1/frame_sequence.pt,dataset/data/emotion/balanced-affectnet/val/violent/fear_00166.npy,dataset/data/pose/rwf2000/val/non_violent/9kly-mpQczg_1.npy,0,val,non_violent,9kly-mpQczg_1
dataset/data/processed/val/non_violent/A7FCl8G35Cs_0/frame_sequence.pt,dataset/data/emotion/balanced-affectnet/val/violent/surprise_00203.npy,dataset/data/pose/rwf2000/val/non_violent/A7FCl8G35Cs_0.npy,0,val,non_violent,A7FCl8G35Cs_0
dataset/data/processed/val/non_violent/A7FCl8G35Cs_1/frame_sequence.pt,dataset/data/emotion/balanced-affectnet/val/violent/fear_00082.npy,dataset/data/pose/rwf2000/val/non_violent/A7FCl8G35Cs_1.npy,0,val,non_violent,A7FCl8G35Cs_1
dataset/data/processed/val/non_violent/Assault006_x264_0/frame_sequence.pt,dataset/data/emotion/balanced-affectnet/val/violent/fear_00109.npy,dataset/data/pose/rwf2000/val/non_violent/Assault006_x264_0.npy,0,val,non_violent,Assault006_x264_0
dataset/data/processed/val/non_violent/Assault006_x264_1/frame_sequence.pt,dataset/data/emotion/balanced-affectnet/val/violent/surprise_00035.npy,dataset/data/pose/rwf2000/val/non_violent/Assault006_x264_1.npy,0,val,non_violent,Assault006_x264_1
dataset/data/processed/val/non_violent/BOnEkkm1_0/frame_sequence.pt,dataset/data/emotion/balanced-affectnet/val/violent/anger_00116.npy,dataset/data/pose/rwf2000/val/non_violent/BOnEkkm1_0.npy,0,val,non_violent,BOnEkkm1_0
dataset/data/processed/val/non_violent/Bp3wCVsS_0/frame_sequence.pt,dataset/data/emotion/balanced-affectnet/val/violent/fear_00182.npy,dataset/data/pose/rwf2000/val/non_violent/Bp3wCVsS_0.npy,0,val,non_violent,Bp3wCVsS_0
dataset/data/processed/val/non_violent/BySljls4_0/frame_sequence.pt,dataset/data/emotion/balanced-affectnet/val/violent/surprise_00065.npy,dataset/data/pose/rwf2000/val/non_violent/BySljls4_0.npy,0,val,non_violent,BySljls4_0
dataset/data/processed/val/non_violent/CrBTbDcb_0/frame_sequence.pt,dataset/data/emotion/balanced-affectnet/val/violent/surprise_00276.npy,dataset/data/pose/rwf2000/val/non_violent/CrBTbDcb_0.npy,0,val,non_violent,CrBTbDcb_0
dataset/data/processed/val/non_violent/Cw0HuNI5_0/frame_sequence.pt,dataset/data/emotion/balanced-affectnet/val/violent/fear_00131.npy,dataset/data/pose/rwf2000/val/non_violent/Cw0HuNI5_0.npy,0,val,non_violent,Cw0HuNI5_0
dataset/data/processed/val/non_violent/DeCoZoey_0/frame_sequence.pt,dataset/data/emotion/balanced-affectnet/val/violent/anger_00080.npy,dataset/data/pose/rwf2000/val/non_violent/DeCoZoey_0.npy,0,val,non_violent,DeCoZoey_0
dataset/data/processed/val/non_violent/E9SvEiNt_0/frame_sequence.pt,dataset/data/emotion/balanced-affectnet/val/violent/surprise_00267.npy,dataset/data/pose/rwf2000/val/non_violent/E9SvEiNt_0.npy,0,val,non_violent,E9SvEiNt_0
dataset/data/processed/val/non_violent/EB08Cq4t_0/frame_sequence.pt,dataset/data/emotion/balanced-affectnet/val/violent/anger_00088.npy,dataset/data/pose/rwf2000/val/non_violent/EB08Cq4t_0.npy,0,val,non_violent,EB08Cq4t_0
dataset/data/processed/val/non_violent/EFv961C5RgY_0/frame_sequence.pt,dataset/data/emotion/balanced-affectnet/val/violent/fear_00002.npy,dataset/data/pose/rwf2000/val/non_violent/EFv961C5RgY_0.npy,0,val,non_violent,EFv961C5RgY_0
dataset/data/processed/val/non_violent/F6kgeh23_0/frame_sequence.pt,dataset/data/emotion/balanced-affectnet/val/violent/fear_00313.npy,dataset/data/pose/rwf2000/val/non_violent/F6kgeh23_0.npy,0,val,non_violent,F6kgeh23_0
dataset/data/processed/val/non_violent/Fds7C6sp_0/frame_sequence.pt,dataset/data/emotion/balanced-affectnet/val/violent/anger_00162.npy,dataset/data/pose/rwf2000/val/non_violent/Fds7C6sp_0.npy,0,val,non_violent,Fds7C6sp_0
dataset/data/processed/val/non_violent/FpDZIe2z_0/frame_sequence.pt,dataset/data/emotion/balanced-affectnet/val/violent/anger_00072.npy,dataset/data/pose/rwf2000/val/non_violent/FpDZIe2z_0.npy,0,val,non_violent,FpDZIe2z_0
dataset/data/processed/val/non_violent/Fwhi4UNI_0/frame_sequence.pt,dataset/data/emotion/balanced-affectnet/val/violent/anger_00141.npy,dataset/data/pose/rwf2000/val/non_violent/Fwhi4UNI_0.npy,0,val,non_violent,Fwhi4UNI_0
dataset/data/processed/val/non_violent/GCgD8AkV_0/frame_sequence.pt,dataset/data/emotion/balanced-affectnet/val/violent/anger_00296.npy,dataset/data/pose/rwf2000/val/non_violent/GCgD8AkV_0.npy,0,val,non_violent,GCgD8AkV_0
dataset/data/processed/val/non_violent/GXvqyqYi_0/frame_sequence.pt,dataset/data/emotion/balanced-affectnet/val/violent/fear_00335.npy,dataset/data/pose/rwf2000/val/non_violent/GXvqyqYi_0.npy,0,val,non_violent,GXvqyqYi_0
dataset/data/processed/val/non_violent/GYvqfFzN_0/frame_sequence.pt,dataset/data/emotion/balanced-affectnet/val/violent/fear_00346.npy,dataset/data/pose/rwf2000/val/non_violent/GYvqfFzN_0.npy,0,val,non_violent,GYvqfFzN_0
dataset/data/processed/val/non_violent/I-QiUMPTWNE_0/frame_sequence.pt,dataset/data/emotion/balanced-affectnet/val/violent/fear_00293.npy,dataset/data/pose/rwf2000/val/non_violent/I-QiUMPTWNE_0.npy,0,val,non_violent,I-QiUMPTWNE_0
dataset/data/processed/val/non_violent/I-QiUMPTWNE_1/frame_sequence.pt,dataset/data/emotion/balanced-affectnet/val/violent/fear_00254.npy,dataset/data/pose/rwf2000/val/non_violent/I-QiUMPTWNE_1.npy,0,val,non_violent,I-QiUMPTWNE_1
dataset/data/processed/val/non_violent/I-QiUMPTWNE_2/frame_sequence.pt,dataset/data/emotion/balanced-affectnet/val/violent/surprise_00082.npy,dataset/data/pose/rwf2000/val/non_violent/I-QiUMPTWNE_2.npy,0,val,non_violent,I-QiUMPTWNE_2
dataset/data/processed/val/non_violent/I3rTHE3L_0/frame_sequence.pt,dataset/data/emotion/balanced-affectnet/val/violent/fear_00010.npy,dataset/data/pose/rwf2000/val/non_violent/I3rTHE3L_0.npy,0,val,non_violent,I3rTHE3L_0
dataset/data/processed/val/non_violent/I9OYGpUd_0/frame_sequence.pt,dataset/data/emotion/balanced-affectnet/val/violent/fear_00070.npy,dataset/data/pose/rwf2000/val/non_violent/I9OYGpUd_0.npy,0,val,non_violent,I9OYGpUd_0
dataset/data/processed/val/non_violent/IMA4zYs83Lo_0/frame_sequence.pt,dataset/data/emotion/balanced-affectnet/val/violent/fear_00310.npy,dataset/data/pose/rwf2000/val/non_violent/IMA4zYs83Lo_0.npy,0,val,non_violent,IMA4zYs83Lo_0
dataset/data/processed/val/non_violent/IvimSdBV_0/frame_sequence.pt,dataset/data/emotion/balanced-affectnet/val/violent/fear_00238.npy,dataset/data/pose/rwf2000/val/non_violent/IvimSdBV_0.npy,0,val,non_violent,IvimSdBV_0
dataset/data/processed/val/non_violent/JECBfnp2ZXc_0/frame_sequence.pt,dataset/data/emotion/balanced-affectnet/val/violent/anger_00318.npy,dataset/data/pose/rwf2000/val/non_violent/JECBfnp2ZXc_0.npy,0,val,non_violent,JECBfnp2ZXc_0
dataset/data/processed/val/non_violent/JECBfnp2ZXc_1/frame_sequence.pt,dataset/data/emotion/balanced-affectnet/val/violent/fear_00154.npy,dataset/data/pose/rwf2000/val/non_violent/JECBfnp2ZXc_1.npy,0,val,non_violent,JECBfnp2ZXc_1
dataset/data/processed/val/non_violent/JECBfnp2ZXc_2/frame_sequence.pt,dataset/data/emotion/balanced-affectnet/val/violent/fear_00214.npy,dataset/data/pose/rwf2000/val/non_violent/JECBfnp2ZXc_2.npy,0,val,non_violent,JECBfnp2ZXc_2
dataset/data/processed/val/non_violent/JOMXfA1R_0/frame_sequence.pt,dataset/data/emotion/balanced-affectnet/val/violent/fear_00324.npy,dataset/data/pose/rwf2000/val/non_violent/JOMXfA1R_0.npy,0,val,non_violent,JOMXfA1R_0
dataset/data/processed/val/non_violent/K4qpMWJS_0/frame_sequence.pt,dataset/data/emotion/balanced-affectnet/val/violent/fear_00126.npy,dataset/data/pose/rwf2000/val/non_violent/K4qpMWJS_0.npy,0,val,non_violent,K4qpMWJS_0
dataset/data/processed/val/non_violent/LKdiIccO_0/frame_sequence.pt,dataset/data/emotion/balanced-affectnet/val/violent/anger_00109.npy,dataset/data/pose/rwf2000/val/non_violent/LKdiIccO_0.npy,0,val,non_violent,LKdiIccO_0
dataset/data/processed/val/non_violent/LoQZojhn_0/frame_sequence.pt,dataset/data/emotion/balanced-affectnet/val/violent/surprise_00178.npy,dataset/data/pose/rwf2000/val/non_violent/LoQZojhn_0.npy,0,val,non_violent,LoQZojhn_0
dataset/data/processed/val/non_violent/LruY67tu_0/frame_sequence.pt,dataset/data/emotion/balanced-affectnet/val/violent/surprise_00081.npy,dataset/data/pose/rwf2000/val/non_violent/LruY67tu_0.npy,0,val,non_violent,LruY67tu_0
dataset/data/processed/val/non_violent/LtfqEsod_0/frame_sequence.pt,dataset/data/emotion/balanced-affectnet/val/violent/anger_00129.npy,dataset/data/pose/rwf2000/val/non_violent/LtfqEsod_0.npy,0,val,non_violent,LtfqEsod_0
dataset/data/processed/val/non_violent/MrEU15Ug_0/frame_sequence.pt,dataset/data/emotion/balanced-affectnet/val/violent/surprise_00244.npy,dataset/data/pose/rwf2000/val/non_violent/MrEU15Ug_0.npy,0,val,non_violent,MrEU15Ug_0
dataset/data/processed/val/non_violent/MxkTo5F-nvU_0/frame_sequence.pt,dataset/data/emotion/balanced-affectnet/val/violent/surprise_00029.npy,dataset/data/pose/rwf2000/val/non_violent/MxkTo5F-nvU_0.npy,0,val,non_violent,MxkTo5F-nvU_0
dataset/data/processed/val/non_violent/N8M1mmW9_0/frame_sequence.pt,dataset/data/emotion/balanced-affectnet/val/violent/surprise_00025.npy,dataset/data/pose/rwf2000/val/non_violent/N8M1mmW9_0.npy,0,val,non_violent,N8M1mmW9_0
dataset/data/processed/val/non_violent/NQpYodM6_0/frame_sequence.pt,dataset/data/emotion/balanced-affectnet/val/violent/surprise_00274.npy,dataset/data/pose/rwf2000/val/non_violent/NQpYodM6_0.npy,0,val,non_violent,NQpYodM6_0
dataset/data/processed/val/non_violent/NW4ndzCa_0/frame_sequence.pt,dataset/data/emotion/balanced-affectnet/val/violent/surprise_00157.npy,dataset/data/pose/rwf2000/val/non_violent/NW4ndzCa_0.npy,0,val,non_violent,NW4ndzCa_0
dataset/data/processed/val/non_violent/NWIc3Yat_0/frame_sequence.pt,dataset/data/emotion/balanced-affectnet/val/violent/fear_00267.npy,dataset/data/pose/rwf2000/val/non_violent/NWIc3Yat_0.npy,0,val,non_violent,NWIc3Yat_0
dataset/data/processed/val/non_violent/NWqRgoGh_0/frame_sequence.pt,dataset/data/emotion/balanced-affectnet/val/violent/surprise_00107.npy,dataset/data/pose/rwf2000/val/non_violent/NWqRgoGh_0.npy,0,val,non_violent,NWqRgoGh_0
dataset/data/processed/val/non_violent/NYvOWjLU_0/frame_sequence.pt,dataset/data/emotion/balanced-affectnet/val/violent/surprise_00264.npy,dataset/data/pose/rwf2000/val/non_violent/NYvOWjLU_0.npy,0,val,non_violent,NYvOWjLU_0
dataset/data/processed/val/non_violent/NeyOxUHJ_0/frame_sequence.pt,dataset/data/emotion/balanced-affectnet/val/violent/anger_00237.npy,dataset/data/pose/rwf2000/val/non_violent/NeyOxUHJ_0.npy,0,val,non_violent,NeyOxUHJ_0
dataset/data/processed/val/non_violent/Nlopikk0zhE_0/frame_sequence.pt,dataset/data/emotion/balanced-affectnet/val/violent/fear_00132.npy,dataset/data/pose/rwf2000/val/non_violent/Nlopikk0zhE_0.npy,0,val,non_violent,Nlopikk0zhE_0
dataset/data/processed/val/non_violent/NnUOjff0_0/frame_sequence.pt,dataset/data/emotion/balanced-affectnet/val/violent/fear_00158.npy,dataset/data/pose/rwf2000/val/non_violent/NnUOjff0_0.npy,0,val,non_violent,NnUOjff0_0
dataset/data/processed/val/non_violent/NoUdd8wq_0/frame_sequence.pt,dataset/data/emotion/balanced-affectnet/val/violent/surprise_00295.npy,dataset/data/pose/rwf2000/val/non_violent/NoUdd8wq_0.npy,0,val,non_violent,NoUdd8wq_0
dataset/data/processed/val/non_violent/O2rd3LTv_0/frame_sequence.pt,dataset/data/emotion/balanced-affectnet/val/violent/anger_00251.npy,dataset/data/pose/rwf2000/val/non_violent/O2rd3LTv_0.npy,0,val,non_violent,O2rd3LTv_0
dataset/data/processed/val/non_violent/Ob0YCDgS_0/frame_sequence.pt,dataset/data/emotion/balanced-affectnet/val/violent/fear_00112.npy,dataset/data/pose/rwf2000/val/non_violent/Ob0YCDgS_0.npy,0,val,non_violent,Ob0YCDgS_0
dataset/data/processed/val/non_violent/PL8idmS7_0/frame_sequence.pt,dataset/data/emotion/balanced-affectnet/val/violent/fear_00031.npy,dataset/data/pose/rwf2000/val/non_violent/PL8idmS7_0.npy,0,val,non_violent,PL8idmS7_0
dataset/data/processed/val/non_violent/PNgE-OKjhgU_0/frame_sequence.pt,dataset/data/emotion/balanced-affectnet/val/violent/surprise_00229.npy,dataset/data/pose/rwf2000/val/non_violent/PNgE-OKjhgU_0.npy,0,val,non_violent,PNgE-OKjhgU_0
dataset/data/processed/val/non_violent/PNgE-OKjhgU_1/frame_sequence.pt,dataset/data/emotion/balanced-affectnet/val/violent/fear_00164.npy,dataset/data/pose/rwf2000/val/non_violent/PNgE-OKjhgU_1.npy,0,val,non_violent,PNgE-OKjhgU_1
dataset/data/processed/val/non_violent/PaTrwJbs_0/frame_sequence.pt,dataset/data/emotion/balanced-affectnet/val/violent/fear_00097.npy,dataset/data/pose/rwf2000/val/non_violent/PaTrwJbs_0.npy,0,val,non_violent,PaTrwJbs_0
dataset/data/processed/val/non_violent/QRJFLxqK_0/frame_sequence.pt,dataset/data/emotion/balanced-affectnet/val/violent/fear_00117.npy,dataset/data/pose/rwf2000/val/non_violent/QRJFLxqK_0.npy,0,val,non_violent,QRJFLxqK_0
dataset/data/processed/val/non_violent/Qj3oZsaqNGE_0/frame_sequence.pt,dataset/data/emotion/balanced-affectnet/val/violent/surprise_00127.npy,dataset/data/pose/rwf2000/val/non_violent/Qj3oZsaqNGE_0.npy,0,val,non_violent,Qj3oZsaqNGE_0
dataset/data/processed/val/non_violent/RIXaF_TkLlU_0/frame_sequence.pt,dataset/data/emotion/balanced-affectnet/val/violent/anger_00105.npy,dataset/data/pose/rwf2000/val/non_violent/RIXaF_TkLlU_0.npy,0,val,non_violent,RIXaF_TkLlU_0
dataset/data/processed/val/non_violent/RIXaF_TkLlU_1/frame_sequence.pt,dataset/data/emotion/balanced-affectnet/val/violent/fear_00004.npy,dataset/data/pose/rwf2000/val/non_violent/RIXaF_TkLlU_1.npy,0,val,non_violent,RIXaF_TkLlU_1
dataset/data/processed/val/non_violent/RIXaF_TkLlU_2/frame_sequence.pt,dataset/data/emotion/balanced-affectnet/val/violent/fear_00137.npy,dataset/data/pose/rwf2000/val/non_violent/RIXaF_TkLlU_2.npy,0,val,non_violent,RIXaF_TkLlU_2
dataset/data/processed/val/non_violent/RQt37bnC_0/frame_sequence.pt,dataset/data/emotion/balanced-affectnet/val/violent/fear_00005.npy,dataset/data/pose/rwf2000/val/non_violent/RQt37bnC_0.npy,0,val,non_violent,RQt37bnC_0
dataset/data/processed/val/non_violent/Ry5c1PbcIa0_0/frame_sequence.pt,dataset/data/emotion/balanced-affectnet/val/violent/surprise_00057.npy,dataset/data/pose/rwf2000/val/non_violent/Ry5c1PbcIa0_0.npy,0,val,non_violent,Ry5c1PbcIa0_0
dataset/data/processed/val/non_violent/S8jXc3sP_0/frame_sequence.pt,dataset/data/emotion/balanced-affectnet/val/violent/anger_00281.npy,dataset/data/pose/rwf2000/val/non_violent/S8jXc3sP_0.npy,0,val,non_violent,S8jXc3sP_0
dataset/data/processed/val/non_violent/SJRnWfHAx_E_0/frame_sequence.pt,dataset/data/emotion/balanced-affectnet/val/violent/fear_00074.npy,dataset/data/pose/rwf2000/val/non_violent/SJRnWfHAx_E_0.npy,0,val,non_violent,SJRnWfHAx_E_0
dataset/data/processed/val/non_violent/SJRnWfHAx_E_1/frame_sequence.pt,dataset/data/emotion/balanced-affectnet/val/violent/anger_00173.npy,dataset/data/pose/rwf2000/val/non_violent/SJRnWfHAx_E_1.npy,0,val,non_violent,SJRnWfHAx_E_1
dataset/data/processed/val/non_violent/SJRnWfHAx_E_2/frame_sequence.pt,dataset/data/emotion/balanced-affectnet/val/violent/surprise_00089.npy,dataset/data/pose/rwf2000/val/non_violent/SJRnWfHAx_E_2.npy,0,val,non_violent,SJRnWfHAx_E_2
dataset/data/processed/val/non_violent/TP6mtOzL_0/frame_sequence.pt,dataset/data/emotion/balanced-affectnet/val/violent/fear_00199.npy,dataset/data/pose/rwf2000/val/non_violent/TP6mtOzL_0.npy,0,val,non_violent,TP6mtOzL_0
dataset/data/processed/val/non_violent/UoS3KEYq_0/frame_sequence.pt,dataset/data/emotion/balanced-affectnet/val/violent/anger_00074.npy,dataset/data/pose/rwf2000/val/non_violent/UoS3KEYq_0.npy,0,val,non_violent,UoS3KEYq_0
dataset/data/processed/val/non_violent/VF8M3gXp_0/frame_sequence.pt,dataset/data/emotion/balanced-affectnet/val/violent/anger_00102.npy,dataset/data/pose/rwf2000/val/non_violent/VF8M3gXp_0.npy,0,val,non_violent,VF8M3gXp_0
dataset/data/processed/val/non_violent/VGKvz9qZ_0/frame_sequence.pt,dataset/data/emotion/balanced-affectnet/val/violent/surprise_00251.npy,dataset/data/pose/rwf2000/val/non_violent/VGKvz9qZ_0.npy,0,val,non_violent,VGKvz9qZ_0
dataset/data/processed/val/non_violent/VIPpAkyG_0/frame_sequence.pt,dataset/data/emotion/balanced-affectnet/val/violent/anger_00096.npy,dataset/data/pose/rwf2000/val/non_violent/VIPpAkyG_0.npy,0,val,non_violent,VIPpAkyG_0
dataset/data/processed/val/non_violent/VTOPSZvF_0/frame_sequence.pt,dataset/data/emotion/balanced-affectnet/val/violent/anger_00107.npy,dataset/data/pose/rwf2000/val/non_violent/VTOPSZvF_0.npy,0,val,non_violent,VTOPSZvF_0
dataset/data/processed/val/non_violent/VVQBImyG_0/frame_sequence.pt,dataset/data/emotion/balanced-affectnet/val/violent/fear_00153.npy,dataset/data/pose/rwf2000/val/non_violent/VVQBImyG_0.npy,0,val,non_violent,VVQBImyG_0
dataset/data/processed/val/non_violent/VtIQbKvy_0/frame_sequence.pt,dataset/data/emotion/balanced-affectnet/val/violent/anger_00112.npy,dataset/data/pose/rwf2000/val/non_violent/VtIQbKvy_0.npy,0,val,non_violent,VtIQbKvy_0
dataset/data/processed/val/non_violent/VzHfmJeI_0/frame_sequence.pt,dataset/data/emotion/balanced-affectnet/val/violent/surprise_00161.npy,dataset/data/pose/rwf2000/val/non_violent/VzHfmJeI_0.npy,0,val,non_violent,VzHfmJeI_0
dataset/data/processed/val/non_violent/WPXtCPPS_0/frame_sequence.pt,dataset/data/emotion/balanced-affectnet/val/violent/surprise_00154.npy,dataset/data/pose/rwf2000/val/non_violent/WPXtCPPS_0.npy,0,val,non_violent,WPXtCPPS_0
dataset/data/processed/val/non_violent/Wq0BuA8GM84_0/frame_sequence.pt,dataset/data/emotion/balanced-affectnet/val/violent/fear_00079.npy,dataset/data/pose/rwf2000/val/non_violent/Wq0BuA8GM84_0.npy,0,val,non_violent,Wq0BuA8GM84_0
dataset/data/processed/val/non_violent/Wq0BuA8GM84_1/frame_sequence.pt,dataset/data/emotion/balanced-affectnet/val/violent/surprise_00237.npy,dataset/data/pose/rwf2000/val/non_violent/Wq0BuA8GM84_1.npy,0,val,non_violent,Wq0BuA8GM84_1
dataset/data/processed/val/non_violent/Xcd0v-KhKL4_0/frame_sequence.pt,dataset/data/emotion/balanced-affectnet/val/violent/anger_00154.npy,dataset/data/pose/rwf2000/val/non_violent/Xcd0v-KhKL4_0.npy,0,val,non_violent,Xcd0v-KhKL4_0
dataset/data/processed/val/non_violent/YDOJvzChqSg_0/frame_sequence.pt,dataset/data/emotion/balanced-affectnet/val/violent/fear_00300.npy,dataset/data/pose/rwf2000/val/non_violent/YDOJvzChqSg_0.npy,0,val,non_violent,YDOJvzChqSg_0
dataset/data/processed/val/non_violent/YL1qlr23_0/frame_sequence.pt,dataset/data/emotion/balanced-affectnet/val/violent/anger_00064.npy,dataset/data/pose/rwf2000/val/non_violent/YL1qlr23_0.npy,0,val,non_violent,YL1qlr23_0
dataset/data/processed/val/non_violent/YYCGcBuE_0/frame_sequence.pt,dataset/data/emotion/balanced-affectnet/val/violent/fear_00339.npy,dataset/data/pose/rwf2000/val/non_violent/YYCGcBuE_0.npy,0,val,non_violent,YYCGcBuE_0
dataset/data/processed/val/non_violent/Yf55ftZR_0/frame_sequence.pt,dataset/data/emotion/balanced-affectnet/val/violent/fear_00309.npy,dataset/data/pose/rwf2000/val/non_violent/Yf55ftZR_0.npy,0,val,non_violent,Yf55ftZR_0
dataset/data/processed/val/non_violent/Yma07mlW_0/frame_sequence.pt,dataset/data/emotion/balanced-affectnet/val/violent/fear_00311.npy,dataset/data/pose/rwf2000/val/non_violent/Yma07mlW_0.npy,0,val,non_violent,Yma07mlW_0
dataset/data/processed/val/non_violent/YukOkfIj_0/frame_sequence.pt,dataset/data/emotion/balanced-affectnet/val/violent/fear_00035.npy,dataset/data/pose/rwf2000/val/non_violent/YukOkfIj_0.npy,0,val,non_violent,YukOkfIj_0
dataset/data/processed/val/non_violent/ZCUy99AN_0/frame_sequence.pt,dataset/data/emotion/balanced-affectnet/val/violent/surprise_00087.npy,dataset/data/pose/rwf2000/val/non_violent/ZCUy99AN_0.npy,0,val,non_violent,ZCUy99AN_0
dataset/data/processed/val/non_violent/ZCa5f4yq_0/frame_sequence.pt,dataset/data/emotion/balanced-affectnet/val/violent/anger_00147.npy,dataset/data/pose/rwf2000/val/non_violent/ZCa5f4yq_0.npy,0,val,non_violent,ZCa5f4yq_0
dataset/data/processed/val/non_violent/ZwhC7Kyg_0/frame_sequence.pt,dataset/data/emotion/balanced-affectnet/val/violent/fear_00134.npy,dataset/data/pose/rwf2000/val/non_violent/ZwhC7Kyg_0.npy,0,val,non_violent,ZwhC7Kyg_0
dataset/data/processed/val/non_violent/aZxUVVqk_0/frame_sequence.pt,dataset/data/emotion/balanced-affectnet/val/violent/fear_00062.npy,dataset/data/pose/rwf2000/val/non_violent/aZxUVVqk_0.npy,0,val,non_violent,aZxUVVqk_0
dataset/data/processed/val/non_violent/bW2vHhYbzHM_0/frame_sequence.pt,dataset/data/emotion/balanced-affectnet/val/violent/surprise_00085.npy,dataset/data/pose/rwf2000/val/non_violent/bW2vHhYbzHM_0.npy,0,val,non_violent,bW2vHhYbzHM_0
dataset/data/processed/val/non_violent/bW2vHhYbzHM_1/frame_sequence.pt,dataset/data/emotion/balanced-affectnet/val/violent/surprise_00183.npy,dataset/data/pose/rwf2000/val/non_violent/bW2vHhYbzHM_1.npy,0,val,non_violent,bW2vHhYbzHM_1
dataset/data/processed/val/non_violent/cpFWuHXF_0/frame_sequence.pt,dataset/data/emotion/balanced-affectnet/val/violent/fear_00151.npy,dataset/data/pose/rwf2000/val/non_violent/cpFWuHXF_0.npy,0,val,non_violent,cpFWuHXF_0
dataset/data/processed/val/non_violent/cw8fPfUL_0/frame_sequence.pt,dataset/data/emotion/balanced-affectnet/val/violent/surprise_00150.npy,dataset/data/pose/rwf2000/val/non_violent/cw8fPfUL_0.npy,0,val,non_violent,cw8fPfUL_0
dataset/data/processed/val/non_violent/e8jli13nLaM_0/frame_sequence.pt,dataset/data/emotion/balanced-affectnet/val/violent/anger_00055.npy,dataset/data/pose/rwf2000/val/non_violent/e8jli13nLaM_0.npy,0,val,non_violent,e8jli13nLaM_0
dataset/data/processed/val/non_violent/eb4Oant1_0/frame_sequence.pt,dataset/data/emotion/balanced-affectnet/val/violent/anger_00328.npy,dataset/data/pose/rwf2000/val/non_violent/eb4Oant1_0.npy,0,val,non_violent,eb4Oant1_0
dataset/data/processed/val/non_violent/egQvmVL2_0/frame_sequence.pt,dataset/data/emotion/balanced-affectnet/val/violent/surprise_00011.npy,dataset/data/pose/rwf2000/val/non_violent/egQvmVL2_0.npy,0,val,non_violent,egQvmVL2_0
dataset/data/processed/val/non_violent/etyiEs3j8x8_0/frame_sequence.pt,dataset/data/emotion/balanced-affectnet/val/violent/fear_00018.npy,dataset/data/pose/rwf2000/val/non_violent/etyiEs3j8x8_0.npy,0,val,non_violent,etyiEs3j8x8_0
dataset/data/processed/val/non_violent/etyiEs3j8x8_1/frame_sequence.pt,dataset/data/emotion/balanced-affectnet/val/violent/fear_00064.npy,dataset/data/pose/rwf2000/val/non_violent/etyiEs3j8x8_1.npy,0,val,non_violent,etyiEs3j8x8_1
dataset/data/processed/val/non_violent/etyiEs3j8x8_2/frame_sequence.pt,dataset/data/emotion/balanced-affectnet/val/violent/anger_00126.npy,dataset/data/pose/rwf2000/val/non_violent/etyiEs3j8x8_2.npy,0,val,non_violent,etyiEs3j8x8_2
dataset/data/processed/val/non_violent/fGyFpyjd_0/frame_sequence.pt,dataset/data/emotion/balanced-affectnet/val/violent/fear_00343.npy,dataset/data/pose/rwf2000/val/non_violent/fGyFpyjd_0.npy,0,val,non_violent,fGyFpyjd_0
dataset/data/processed/val/non_violent/fO2vb61DcUk_0/frame_sequence.pt,dataset/data/emotion/balanced-affectnet/val/violent/fear_00258.npy,dataset/data/pose/rwf2000/val/non_violent/fO2vb61DcUk_0.npy,0,val,non_violent,fO2vb61DcUk_0
dataset/data/processed/val/non_violent/fO2vb61DcUk_1/frame_sequence.pt,dataset/data/emotion/balanced-affectnet/val/violent/anger_00247.npy,dataset/data/pose/rwf2000/val/non_violent/fO2vb61DcUk_1.npy,0,val,non_violent,fO2vb61DcUk_1
dataset/data/processed/val/non_violent/g7fqR4gn_0/frame_sequence.pt,dataset/data/emotion/balanced-affectnet/val/violent/anger_00186.npy,dataset/data/pose/rwf2000/val/non_violent/g7fqR4gn_0.npy,0,val,non_violent,g7fqR4gn_0
dataset/data/processed/val/non_violent/g8SVNUCm_0/frame_sequence.pt,dataset/data/emotion/balanced-affectnet/val/violent/surprise_00090.npy,dataset/data/pose/rwf2000/val/non_violent/g8SVNUCm_0.npy,0,val,non_violent,g8SVNUCm_0
dataset/data/processed/val/non_violent/gJV3TuKF_0/frame_sequence.pt,dataset/data/emotion/balanced-affectnet/val/violent/fear_00232.npy,dataset/data/pose/rwf2000/val/non_violent/gJV3TuKF_0.npy,0,val,non_violent,gJV3TuKF_0
dataset/data/processed/val/non_violent/iE9hzgQD_0/frame_sequence.pt,dataset/data/emotion/balanced-affectnet/val/violent/anger_00262.npy,dataset/data/pose/rwf2000/val/non_violent/iE9hzgQD_0.npy,0,val,non_violent,iE9hzgQD_0
dataset/data/processed/val/non_violent/iJ5Q1tar_0/frame_sequence.pt,dataset/data/emotion/balanced-affectnet/val/violent/anger_00133.npy,dataset/data/pose/rwf2000/val/non_violent/iJ5Q1tar_0.npy,0,val,non_violent,iJ5Q1tar_0
dataset/data/processed/val/non_violent/jpYrguiW_0/frame_sequence.pt,dataset/data/emotion/balanced-affectnet/val/violent/fear_00068.npy,dataset/data/pose/rwf2000/val/non_violent/jpYrguiW_0.npy,0,val,non_violent,jpYrguiW_0
dataset/data/processed/val/non_violent/kApoSGPK_0/frame_sequence.pt,dataset/data/emotion/balanced-affectnet/val/violent/fear_00325.npy,dataset/data/pose/rwf2000/val/non_violent/kApoSGPK_0.npy,0,val,non_violent,kApoSGPK_0
dataset/data/processed/val/non_violent/kMgCk8Ku_0/frame_sequence.pt,dataset/data/emotion/balanced-affectnet/val/violent/fear_00091.npy,dataset/data/pose/rwf2000/val/non_violent/kMgCk8Ku_0.npy,0,val,non_violent,kMgCk8Ku_0
dataset/data/processed/val/non_violent/l82NDOvk_0/frame_sequence.pt,dataset/data/emotion/balanced-affectnet/val/violent/anger_00142.npy,dataset/data/pose/rwf2000/val/non_violent/l82NDOvk_0.npy,0,val,non_violent,l82NDOvk_0
dataset/data/processed/val/non_violent/mwuiYEBdkJs_0/frame_sequence.pt,dataset/data/emotion/balanced-affectnet/val/violent/surprise_00218.npy,dataset/data/pose/rwf2000/val/non_violent/mwuiYEBdkJs_0.npy,0,val,non_violent,mwuiYEBdkJs_0
dataset/data/processed/val/non_violent/mwuiYEBdkJs_1/frame_sequence.pt,dataset/data/emotion/balanced-affectnet/val/violent/anger_00325.npy,dataset/data/pose/rwf2000/val/non_violent/mwuiYEBdkJs_1.npy,0,val,non_violent,mwuiYEBdkJs_1
dataset/data/processed/val/non_violent/myaBOqJ3_0/frame_sequence.pt,dataset/data/emotion/balanced-affectnet/val/violent/fear_00353.npy,dataset/data/pose/rwf2000/val/non_violent/myaBOqJ3_0.npy,0,val,non_violent,myaBOqJ3_0
dataset/data/processed/val/non_violent/nTsOksk7_0/frame_sequence.pt,dataset/data/emotion/balanced-affectnet/val/violent/anger_00267.npy,dataset/data/pose/rwf2000/val/non_violent/nTsOksk7_0.npy,0,val,non_violent,nTsOksk7_0
dataset/data/processed/val/non_violent/nVdn1krnTCQ_0/frame_sequence.pt,dataset/data/emotion/balanced-affectnet/val/violent/surprise_00277.npy,dataset/data/pose/rwf2000/val/non_violent/nVdn1krnTCQ_0.npy,0,val,non_violent,nVdn1krnTCQ_0
dataset/data/processed/val/non_violent/nVdn1krnTCQ_1/frame_sequence.pt,dataset/data/emotion/balanced-affectnet/val/violent/fear_00178.npy,dataset/data/pose/rwf2000/val/non_violent/nVdn1krnTCQ_1.npy,0,val,non_violent,nVdn1krnTCQ_1
dataset/data/processed/val/non_violent/nVdn1krnTCQ_2/frame_sequence.pt,dataset/data/emotion/balanced-affectnet/val/violent/fear_00337.npy,dataset/data/pose/rwf2000/val/non_violent/nVdn1krnTCQ_2.npy,0,val,non_violent,nVdn1krnTCQ_2
dataset/data/processed/val/non_violent/ngv36FBY_0/frame_sequence.pt,dataset/data/emotion/balanced-affectnet/val/violent/surprise_00230.npy,dataset/data/pose/rwf2000/val/non_violent/ngv36FBY_0.npy,0,val,non_violent,ngv36FBY_0
dataset/data/processed/val/non_violent/nuf-d5GugL0_0/frame_sequence.pt,dataset/data/emotion/balanced-affectnet/val/violent/surprise_00294.npy,dataset/data/pose/rwf2000/val/non_violent/nuf-d5GugL0_0.npy,0,val,non_violent,nuf-d5GugL0_0
dataset/data/processed/val/non_violent/nuf-d5GugL0_1/frame_sequence.pt,dataset/data/emotion/balanced-affectnet/val/violent/surprise_00056.npy,dataset/data/pose/rwf2000/val/non_violent/nuf-d5GugL0_1.npy,0,val,non_violent,nuf-d5GugL0_1
dataset/data/processed/val/non_violent/nuf-d5GugL0_2/frame_sequence.pt,dataset/data/emotion/balanced-affectnet/val/violent/surprise_00048.npy,dataset/data/pose/rwf2000/val/non_violent/nuf-d5GugL0_2.npy,0,val,non_violent,nuf-d5GugL0_2
dataset/data/processed/val/non_violent/oXeSTCLT_0/frame_sequence.pt,dataset/data/emotion/balanced-affectnet/val/violent/surprise_00126.npy,dataset/data/pose/rwf2000/val/non_violent/oXeSTCLT_0.npy,0,val,non_violent,oXeSTCLT_0
dataset/data/processed/val/non_violent/ojZVUz7i_0/frame_sequence.pt,dataset/data/emotion/balanced-affectnet/val/violent/surprise_00091.npy,dataset/data/pose/rwf2000/val/non_violent/ojZVUz7i_0.npy,0,val,non_violent,ojZVUz7i_0
dataset/data/processed/val/non_violent/q4jlVJRb_0/frame_sequence.pt,dataset/data/emotion/balanced-affectnet/val/violent/fear_00332.npy,dataset/data/pose/rwf2000/val/non_violent/q4jlVJRb_0.npy,0,val,non_violent,q4jlVJRb_0
dataset/data/processed/val/non_violent/qFfqTQm0_0/frame_sequence.pt,dataset/data/emotion/balanced-affectnet/val/violent/anger_00027.npy,dataset/data/pose/rwf2000/val/non_violent/qFfqTQm0_0.npy,0,val,non_violent,qFfqTQm0_0
dataset/data/processed/val/non_violent/qaAclucigpY_0/frame_sequence.pt,dataset/data/emotion/balanced-affectnet/val/violent/surprise_00045.npy,dataset/data/pose/rwf2000/val/non_violent/qaAclucigpY_0.npy,0,val,non_violent,qaAclucigpY_0
dataset/data/processed/val/non_violent/qaAclucigpY_1/frame_sequence.pt,dataset/data/emotion/balanced-affectnet/val/violent/surprise_00111.npy,dataset/data/pose/rwf2000/val/non_violent/qaAclucigpY_1.npy,0,val,non_violent,qaAclucigpY_1
dataset/data/processed/val/non_violent/qaAclucigpY_2/frame_sequence.pt,dataset/data/emotion/balanced-affectnet/val/violent/surprise_00155.npy,dataset/data/pose/rwf2000/val/non_violent/qaAclucigpY_2.npy,0,val,non_violent,qaAclucigpY_2
dataset/data/processed/val/non_violent/qyRJeYN5_0/frame_sequence.pt,dataset/data/emotion/balanced-affectnet/val/violent/anger_00313.npy,dataset/data/pose/rwf2000/val/non_violent/qyRJeYN5_0.npy,0,val,non_violent,qyRJeYN5_0
dataset/data/processed/val/non_violent/r0mVR4J6_0/frame_sequence.pt,dataset/data/emotion/balanced-affectnet/val/violent/anger_00031.npy,dataset/data/pose/rwf2000/val/non_violent/r0mVR4J6_0.npy,0,val,non_violent,r0mVR4J6_0
dataset/data/processed/val/non_violent/rJbh1niy_0/frame_sequence.pt,dataset/data/emotion/balanced-affectnet/val/violent/anger_00217.npy,dataset/data/pose/rwf2000/val/non_violent/rJbh1niy_0.npy,0,val,non_violent,rJbh1niy_0
dataset/data/processed/val/non_violent/rtSWit6k_0/frame_sequence.pt,dataset/data/emotion/balanced-affectnet/val/violent/anger_00324.npy,dataset/data/pose/rwf2000/val/non_violent/rtSWit6k_0.npy,0,val,non_violent,rtSWit6k_0
dataset/data/processed/val/non_violent/rwg8hp5X_0/frame_sequence.pt,dataset/data/emotion/balanced-affectnet/val/violent/surprise_00171.npy,dataset/data/pose/rwf2000/val/non_violent/rwg8hp5X_0.npy,0,val,non_violent,rwg8hp5X_0
dataset/data/processed/val/non_violent/scznszmE_0/frame_sequence.pt,dataset/data/emotion/balanced-affectnet/val/violent/surprise_00241.npy,dataset/data/pose/rwf2000/val/non_violent/scznszmE_0.npy,0,val,non_violent,scznszmE_0
dataset/data/processed/val/non_violent/tSk5CEXB_0/frame_sequence.pt,dataset/data/emotion/balanced-affectnet/val/violent/fear_00029.npy,dataset/data/pose/rwf2000/val/non_violent/tSk5CEXB_0.npy,0,val,non_violent,tSk5CEXB_0
dataset/data/processed/val/non_violent/tf_X7GtOGyE_0/frame_sequence.pt,dataset/data/emotion/balanced-affectnet/val/violent/fear_00066.npy,dataset/data/pose/rwf2000/val/non_violent/tf_X7GtOGyE_0.npy,0,val,non_violent,tf_X7GtOGyE_0
dataset/data/processed/val/non_violent/tf_X7GtOGyE_1/frame_sequence.pt,dataset/data/emotion/balanced-affectnet/val/violent/fear_00084.npy,dataset/data/pose/rwf2000/val/non_violent/tf_X7GtOGyE_1.npy,0,val,non_violent,tf_X7GtOGyE_1
dataset/data/processed/val/non_violent/tf_X7GtOGyE_2/frame_sequence.pt,dataset/data/emotion/balanced-affectnet/val/violent/anger_00007.npy,dataset/data/pose/rwf2000/val/non_violent/tf_X7GtOGyE_2.npy,0,val,non_violent,tf_X7GtOGyE_2
dataset/data/processed/val/non_violent/tivF4CAg_0/frame_sequence.pt,dataset/data/emotion/balanced-affectnet/val/violent/anger_00220.npy,dataset/data/pose/rwf2000/val/non_violent/tivF4CAg_0.npy,0,val,non_violent,tivF4CAg_0
dataset/data/processed/val/non_violent/twBrsDhF_0/frame_sequence.pt,dataset/data/emotion/balanced-affectnet/val/violent/anger_00179.npy,dataset/data/pose/rwf2000/val/non_violent/twBrsDhF_0.npy,0,val,non_violent,twBrsDhF_0
dataset/data/processed/val/non_violent/u-VcErKk6Qs_0/frame_sequence.pt,dataset/data/emotion/balanced-affectnet/val/violent/surprise_00007.npy,dataset/data/pose/rwf2000/val/non_violent/u-VcErKk6Qs_0.npy,0,val,non_violent,u-VcErKk6Qs_0
dataset/data/processed/val/non_violent/uZLLdl2P_0/frame_sequence.pt,dataset/data/emotion/balanced-affectnet/val/violent/surprise_00124.npy,dataset/data/pose/rwf2000/val/non_violent/uZLLdl2P_0.npy,0,val,non_violent,uZLLdl2P_0
dataset/data/processed/val/non_violent/utRmPckr_0/frame_sequence.pt,dataset/data/emotion/balanced-affectnet/val/violent/fear_00157.npy,dataset/data/pose/rwf2000/val/non_violent/utRmPckr_0.npy,0,val,non_violent,utRmPckr_0
dataset/data/processed/val/non_violent/v1Sb6NhU_0/frame_sequence.pt,dataset/data/emotion/balanced-affectnet/val/violent/anger_00084.npy,dataset/data/pose/rwf2000/val/non_violent/v1Sb6NhU_0.npy,0,val,non_violent,v1Sb6NhU_0
dataset/data/processed/val/non_violent/v4dhdnsxiX4_0/frame_sequence.pt,dataset/data/emotion/balanced-affectnet/val/violent/anger_00180.npy,dataset/data/pose/rwf2000/val/non_violent/v4dhdnsxiX4_0.npy,0,val,non_violent,v4dhdnsxiX4_0
dataset/data/processed/val/non_violent/v4dhdnsxiX4_1/frame_sequence.pt,dataset/data/emotion/balanced-affectnet/val/violent/surprise_00227.npy,dataset/data/pose/rwf2000/val/non_violent/v4dhdnsxiX4_1.npy,0,val,non_violent,v4dhdnsxiX4_1
dataset/data/processed/val/non_violent/v4dhdnsxiX4_2/frame_sequence.pt,dataset/data/emotion/balanced-affectnet/val/violent/surprise_00099.npy,dataset/data/pose/rwf2000/val/non_violent/v4dhdnsxiX4_2.npy,0,val,non_violent,v4dhdnsxiX4_2
dataset/data/processed/val/non_violent/vAV3vIGr_0/frame_sequence.pt,dataset/data/emotion/balanced-affectnet/val/violent/anger_00036.npy,dataset/data/pose/rwf2000/val/non_violent/vAV3vIGr_0.npy,0,val,non_violent,vAV3vIGr_0
dataset/data/processed/val/non_violent/vDeu44Su_0/frame_sequence.pt,dataset/data/emotion/balanced-affectnet/val/violent/anger_00118.npy,dataset/data/pose/rwf2000/val/non_violent/vDeu44Su_0.npy,0,val,non_violent,vDeu44Su_0
dataset/data/processed/val/non_violent/vKUjLaXO_0/frame_sequence.pt,dataset/data/emotion/balanced-affectnet/val/violent/surprise_00240.npy,dataset/data/pose/rwf2000/val/non_violent/vKUjLaXO_0.npy,0,val,non_violent,vKUjLaXO_0
dataset/data/processed/val/non_violent/vXGRa5D6_0/frame_sequence.pt,dataset/data/emotion/balanced-affectnet/val/violent/fear_00319.npy,dataset/data/pose/rwf2000/val/non_violent/vXGRa5D6_0.npy,0,val,non_violent,vXGRa5D6_0
dataset/data/processed/val/non_violent/w6VytllR_0/frame_sequence.pt,dataset/data/emotion/balanced-affectnet/val/violent/anger_00266.npy,dataset/data/pose/rwf2000/val/non_violent/w6VytllR_0.npy,0,val,non_violent,w6VytllR_0
dataset/data/processed/val/non_violent/wMcODEtzJIA_0/frame_sequence.pt,dataset/data/emotion/balanced-affectnet/val/violent/fear_00127.npy,dataset/data/pose/rwf2000/val/non_violent/wMcODEtzJIA_0.npy,0,val,non_violent,wMcODEtzJIA_0
dataset/data/processed/val/non_violent/wMcODEtzJIA_1/frame_sequence.pt,dataset/data/emotion/balanced-affectnet/val/violent/fear_00189.npy,dataset/data/pose/rwf2000/val/non_violent/wMcODEtzJIA_1.npy,0,val,non_violent,wMcODEtzJIA_1
dataset/data/processed/val/non_violent/wyLoweAn_9Q_0/frame_sequence.pt,dataset/data/emotion/balanced-affectnet/val/violent/fear_00230.npy,dataset/data/pose/rwf2000/val/non_violent/wyLoweAn_9Q_0.npy,0,val,non_violent,wyLoweAn_9Q_0
dataset/data/processed/val/non_violent/wyLoweAn_9Q_1/frame_sequence.pt,dataset/data/emotion/balanced-affectnet/val/violent/fear_00081.npy,dataset/data/pose/rwf2000/val/non_violent/wyLoweAn_9Q_1.npy,0,val,non_violent,wyLoweAn_9Q_1
dataset/data/processed/val/non_violent/xRbCHA5YTi8_0/frame_sequence.pt,dataset/data/emotion/balanced-affectnet/val/violent/anger_00200.npy,dataset/data/pose/rwf2000/val/non_violent/xRbCHA5YTi8_0.npy,0,val,non_violent,xRbCHA5YTi8_0
dataset/data/processed/val/non_violent/xV69l7Vj_0/frame_sequence.pt,dataset/data/emotion/balanced-affectnet/val/violent/fear_00120.npy,dataset/data/pose/rwf2000/val/non_violent/xV69l7Vj_0.npy,0,val,non_violent,xV69l7Vj_0
dataset/data/processed/val/non_violent/y2pGPMqikJg_0/frame_sequence.pt,dataset/data/emotion/balanced-affectnet/val/violent/fear_00045.npy,dataset/data/pose/rwf2000/val/non_violent/y2pGPMqikJg_0.npy,0,val,non_violent,y2pGPMqikJg_0
dataset/data/processed/val/non_violent/y2pGPMqikJg_1/frame_sequence.pt,dataset/data/emotion/balanced-affectnet/val/violent/surprise_00219.npy,dataset/data/pose/rwf2000/val/non_violent/y2pGPMqikJg_1.npy,0,val,non_violent,y2pGPMqikJg_1
dataset/data/processed/val/non_violent/yFaADLZw_0/frame_sequence.pt,dataset/data/emotion/balanced-affectnet/val/violent/fear_00059.npy,dataset/data/pose/rwf2000/val/non_violent/yFaADLZw_0.npy,0,val,non_violent,yFaADLZw_0
dataset/data/processed/val/non_violent/yN11pFfP_0/frame_sequence.pt,dataset/data/emotion/balanced-affectnet/val/violent/surprise_00293.npy,dataset/data/pose/rwf2000/val/non_violent/yN11pFfP_0.npy,0,val,non_violent,yN11pFfP_0
dataset/data/processed/val/non_violent/zGBzk5SeJOw_0/frame_sequence.pt,dataset/data/emotion/balanced-affectnet/val/violent/surprise_00027.npy,dataset/data/pose/rwf2000/val/non_violent/zGBzk5SeJOw_0.npy,0,val,non_violent,zGBzk5SeJOw_0
dataset/data/processed/val/non_violent/zGBzk5SeJOw_1/frame_sequence.pt,dataset/data/emotion/balanced-affectnet/val/violent/surprise_00063.npy,dataset/data/pose/rwf2000/val/non_violent/zGBzk5SeJOw_1.npy,0,val,non_violent,zGBzk5SeJOw_1
dataset/data/processed/val/non_violent/zMbmPG71_0/frame_sequence.pt,dataset/data/emotion/balanced-affectnet/val/violent/anger_00104.npy,dataset/data/pose/rwf2000/val/non_violent/zMbmPG71_0.npy,0,val,non_violent,zMbmPG71_0
dataset/data/processed/val/non_violent/zOqs7Oh9oDM_0/frame_sequence.pt,dataset/data/emotion/balanced-affectnet/val/violent/anger_00061.npy,dataset/data/pose/rwf2000/val/non_violent/zOqs7Oh9oDM_0.npy,0,val,non_violent,zOqs7Oh9oDM_0
dataset/data/processed/val/non_violent/zWevuNTR_0/frame_sequence.pt,dataset/data/emotion/balanced-affectnet/val/violent/anger_00201.npy,dataset/data/pose/rwf2000/val/non_violent/zWevuNTR_0.npy,0,val,non_violent,zWevuNTR_0
dataset/data/processed/val/non_violent/zsvJyWXp_0/frame_sequence.pt,dataset/data/emotion/balanced-affectnet/val/violent/anger_00204.npy,dataset/data/pose/rwf2000/val/non_violent/zsvJyWXp_0.npy,0,val,non_violent,zsvJyWXp_0
